program_id,pass_a,pass_b,interaction_score,MeanBaseline,PairMeanBaseline,LinearRidge,RandomForest,GradientBoosting
arith_01_polynomial,mem2reg,sroa,-0.4444444444444444,-0.02369972337162859,-0.4234797029531954,-0.44395012513168747,-0.4693712979643852,-0.4521248436286277
arith_01_polynomial,mem2reg,instcombine,-0.0925925925925925,-0.02369972337162859,-0.14710588678678568,-0.16765251672385972,-0.1258091731122285,-0.1130285833529341
arith_01_polynomial,mem2reg,simplifycfg,0.0,-0.02369972337162859,0.027602132087310553,0.0070001501553584415,0.022855044643525592,0.0218631347648685
arith_01_polynomial,mem2reg,early-cse,-0.037037037037037,-0.02369972337162859,-0.06741224573529303,-0.08798802193150485,-0.07077526519713512,-0.05843928820195417
arith_01_polynomial,mem2reg,gvn,-0.1481481481481481,-0.02369972337162859,-0.16180741834968224,-0.1823573197901301,-0.14911942905522058,-0.14504637619587496
arith_01_polynomial,mem2reg,dce,0.0,-0.02369972337162859,0.001811594202898548,-0.01878365435359417,0.003241809257372979,0.00100017677959229
arith_01_polynomial,mem2reg,adce,0.0,-0.02369972337162859,0.001811594202898548,-0.01878365435359424,0.0028977106136419827,0.00100017677959229
arith_01_polynomial,mem2reg,reassociate,0.0,-0.02369972337162859,0.0064689308094708605,-0.014127756725107705,0.0035956393958984415,0.001096642775584994
arith_01_polynomial,mem2reg,licm,0.0185185185185185,-0.02369972337162859,0.014531280989537248,-0.006070429195361802,0.01930637138373009,0.020060431178600877
arith_01_polynomial,mem2reg,loop-rotate,0.1111111111111111,-0.02369972337162859,0.0810534186855162,0.06043725205027171,0.0674751053923816,0.06371766015429252
arith_01_polynomial,mem2reg,loop-unroll,-0.4814814814814814,-0.02369972337162859,-0.3288346777975269,-0.34933943403971973,-0.6744435931957202,-0.7917775138496846
arith_01_polynomial,sroa,mem2reg,-0.4444444444444444,-0.02369972337162859,-0.4234797029531954,-0.4439499831871608,-0.4813225616704266,-0.4638567189300845
arith_01_polynomial,sroa,instcombine,-0.0925925925925925,-0.02369972337162859,-0.14741644579299687,-0.16796302154985981,-0.1205339303835322,-0.11143755074864048
arith_01_polynomial,sroa,simplifycfg,0.0,-0.02369972337162859,0.027602132087310553,0.007000102851521011,0.020578600194929582,0.02137540675661258
arith_01_polynomial,sroa,early-cse,-0.037037037037037,-0.02369972337162859,-0.06896504076634892,-0.08954035684615572,-0.07280420927680019,-0.059126455626030944
arith_01_polynomial,sroa,gvn,-0.1481481481481481,-0.02369972337162859,-0.16398133139316048,-0.1845305697491062,-0.15207499751958264,-0.15331822585998114
arith_01_polynomial,sroa,dce,0.0,-0.02369972337162859,0.0021221532091097264,-0.01847324413526897,0.0023194860590842977,0.0006281419054866478
arith_01_polynomial,sroa,adce,0.0,-0.02369972337162859,0.0021221532091097264,-0.01847324413526892,0.0020069860590842983,-0.0037733870447864285
arith_01_polynomial,sroa,reassociate,0.0,-0.02369972337162859,0.0074006078281044,-0.013196431462457015,0.0032199568655742537,-0.000789641889878749
arith_01_polynomial,sroa,licm,0.0185185185185185,-0.02369972337162859,0.014531280989537248,-0.0060704764991992045,0.017622099366351448,0.013456332740954018
arith_01_polynomial,sroa,loop-rotate,0.1111111111111111,-0.02369972337162859,0.0810534186855162,0.06043720474643425,0.06989118484145805,0.06594665044974153
arith_01_polynomial,sroa,loop-unroll,-0.4814814814814814,-0.02369972337162859,-0.3288346777975269,-0.349339481343557,-0.7194984530327625,-0.8279642110729177
arith_01_polynomial,instcombine,mem2reg,-0.0925925925925925,-0.02369972337162859,-0.14920134136768862,-0.1697501098766157,-0.1260759833765956,-0.12584496809480408
arith_01_polynomial,instcombine,sroa,-0.0925925925925925,-0.02369972337162859,-0.15323860844843396,-0.1737862469130957,-0.13237913425640557,-0.1277388229541109
arith_01_polynomial,instcombine,simplifycfg,0.0,-0.02369972337162859,0.01093070483268583,-0.009654736502876477,0.0021540461468604367,0.007352321603534534
arith_01_polynomial,instcombine,early-cse,0.0,-0.02369972337162859,-0.05231655722981716,-0.07288617364440167,-0.04154617215363209,-0.0379396518777236
arith_01_polynomial,instcombine,gvn,-0.0185185185185185,-0.02369972337162859,-0.07293851071975341,-0.09350635989050626,-0.06304547569412079,-0.039343446812861456
arith_01_polynomial,instcombine,dce,0.0,-0.02369972337162859,-0.0003988831272437174,-0.020982316616840614,5.1767676767676704e-05,0.001428360394293277
arith_01_polynomial,instcombine,adce,0.0,-0.02369972337162859,-0.0003988831272437174,-0.020982316616840586,5.1767676767676704e-05,0.001428360394293277
arith_01_polynomial,instcombine,reassociate,0.0,-0.02369972337162859,-0.0022320734306653825,-0.022814824932816336,-0.00023046715159222764,0.001428360394293277
arith_01_polynomial,instcombine,licm,0.0185185185185185,-0.02369972337162859,-0.0022594434985708173,-0.02284457410329261,0.004599385686319545,0.001428360394293277
arith_01_polynomial,instcombine,loop-rotate,0.1481481481481481,-0.02369972337162859,0.10252121073838523,0.0819091216174612,0.09293363555053237,0.0994227828226161
arith_01_polynomial,instcombine,loop-unroll,0.0,-0.02369972337162859,0.0,-0.02060111965959841,5.1767676767676704e-05,0.0002414188408465105
arith_01_polynomial,simplifycfg,mem2reg,0.0,-0.02369972337162859,0.002893391042394726,-0.017700096757646618,0.0017529021558872297,-0.004507502938754111
arith_01_polynomial,simplifycfg,sroa,0.0,-0.02369972337162859,0.002893391042394726,-0.01770028600601157,0.0020326936744847184,-0.004042815204522257
arith_01_polynomial,simplifycfg,instcombine,0.0185185185185185,-0.02369972337162859,0.007274458986364921,-0.013306544401312032,0.014716978306038818,0.0025840104708395395
arith_01_polynomial,simplifycfg,early-cse,0.0,-0.02369972337162859,0.0016641575631243261,-0.018918116577708206,0.00024253285543608102,0.001852454975309466
arith_01_polynomial,simplifycfg,gvn,-0.037037037037037,-0.02369972337162859,-0.02223969223466329,-0.04281912667806418,-0.0230617950470585,-0.015404126847016553
arith_01_polynomial,simplifycfg,dce,0.0,-0.02369972337162859,0.0,-0.020578581817969663,0.0,0.0025840104708395395
arith_01_polynomial,simplifycfg,adce,0.0,-0.02369972337162859,0.0,-0.020578581817969753,0.0,0.0025840104708395395
arith_01_polynomial,simplifycfg,reassociate,0.0,-0.02369972337162859,0.0,-0.020578498877950935,0.0,0.0025840104708395395
arith_01_polynomial,simplifycfg,licm,0.0,-0.02369972337162859,0.005439081541109614,-0.015143582759013705,0.0001284003675003053,0.0025840104708395395
arith_01_polynomial,simplifycfg,loop-rotate,0.0,-0.02369972337162859,-0.0004221190375685913,-0.020995586459474885,0.0005422437971952537,0.006079041578911154
arith_01_polynomial,simplifycfg,loop-unroll,0.0,-0.02369972337162859,0.000301228723030087,-0.0202950073535682,-8.62998921251342e-05,0.001397068917392775
arith_01_polynomial,early-cse,mem2reg,-0.037037037037037,-0.02369972337162859,-0.07925315295339784,-0.09982573442945822,-0.0656773157741341,-0.06027894646500677
arith_01_polynomial,early-cse,sroa,-0.037037037037037,-0.02369972337162859,-0.08297986102793199,-0.10355141394377546,-0.07010914145524282,-0.06549062611524892
arith_01_polynomial,early-cse,instcombine,-0.0185185185185185,-0.02369972337162859,-0.04301530887667564,-0.06358581605422861,-0.022848369371829456,-0.01710323451530067
arith_01_polynomial,early-cse,simplifycfg,0.0,-0.02369972337162859,0.003854034259037235,-0.016730049965286372,0.0006151106630558682,-0.0031464282639289756
arith_01_polynomial,early-cse,gvn,-0.037037037037037,-0.02369972337162859,-0.10402880841745774,-0.12458745333665092,-0.08681183376781053,-0.08270820739346388
arith_01_polynomial,early-cse,dce,0.0,-0.02369972337162859,0.004503360884617844,-0.016082629947111415,0.0,-0.0031406632299722094
arith_01_polynomial,early-cse,adce,0.0,-0.02369972337162859,0.004503360884617844,-0.01608262994711143,0.0003552515579875357,-0.0031433977610559835
arith_01_polynomial,early-cse,reassociate,0.0,-0.02369972337162859,0.002636444716268265,-0.017948853107122895,0.00022487969546793027,-0.005116735042092458
arith_01_polynomial,early-cse,licm,-0.037037037037037,-0.02369972337162859,-0.051955076056080546,-0.07252492258329185,-0.038552647858974914,-0.03360957520369266
arith_01_polynomial,early-cse,loop-rotate,-0.037037037037037,-0.02369972337162859,-0.02438740169655957,-0.04495897518771482,-0.02101456131386336,-0.016337688445327833
arith_01_polynomial,early-cse,loop-unroll,0.0,-0.02369972337162859,-0.0017864485566434303,-0.02238793983653891,-0.0002165075589304416,-0.010138873562742345
arith_01_polynomial,gvn,mem2reg,-0.1481481481481481,-0.02369972337162859,-0.16783020671616913,-0.18838066389360092,-0.15224855878666335,-0.14574651828625787
arith_01_polynomial,gvn,sroa,-0.1481481481481481,-0.02369972337162859,-0.17217803280312563,-0.19272725845224348,-0.15795322288451305,-0.15717540957879397
arith_01_polynomial,gvn,instcombine,0.2037037037037037,-0.02369972337162859,0.09644515440807626,0.07582225374033619,0.15806087122252027,0.139343695370068
arith_01_polynomial,gvn,simplifycfg,-0.037037037037037,-0.02369972337162859,-0.018696216981837235,-0.03927975305601159,-0.024032837240750688,-0.009002324179270934
arith_01_polynomial,gvn,early-cse,-0.037037037037037,-0.02369972337162859,-0.10444957870712454,-0.1250099353477684,-0.08526847739864174,-0.07616190860174253
arith_01_polynomial,gvn,dce,0.0,-0.02369972337162859,0.002694965072336522,-0.017897255604472008,0.0007359867330016573,-0.004577003297738131
arith_01_polynomial,gvn,adce,0.0,-0.02369972337162859,0.002694965072336522,-0.017897255604471994,0.0004967320261437902,-0.004751073623595525
arith_01_polynomial,gvn,reassociate,0.0,-0.02369972337162859,0.0018847926717281563,-0.018707080318029472,0.0006246390028879769,-0.005952502924887995
arith_01_polynomial,gvn,licm,-0.1666666666666666,-0.02369972337162859,-0.13957806272560494,-0.160126096722932,-0.13489030457451961,-0.12107478502893172
arith_01_polynomial,gvn,loop-rotate,0.1111111111111111,-0.02369972337162859,0.0777945413090245,0.0571827561516965,0.0671049900651715,0.0696074329084615
arith_01_polynomial,gvn,loop-unroll,-0.6666666666666666,-0.02369972337162859,-0.3772217746133397,-0.3977074024396147,-0.7246065814654298,-0.5527545081931863
arith_01_polynomial,dce,mem2reg,0.0,-0.02369972337162859,0.0,-0.020592613091417293,0.0,-0.00519431099849795
arith_01_polynomial,dce,sroa,0.0,-0.02369972337162859,0.0,-0.020592802339782328,0.0,-0.006117490185406914
arith_01_polynomial,dce,instcombine,0.0,-0.02369972337162859,-0.0003988831272437174,-0.020977449820404608,0.0,0.0025840104708395395
arith_01_polynomial,dce,simplifycfg,0.0,-0.02369972337162859,0.0,-0.020576958186387877,1.4407196570384388e-05,0.00792648497798431
arith_01_polynomial,dce,early-cse,0.0,-0.02369972337162859,-0.0003988831272437174,-0.020980553900207775,0.0,0.001852454975309466
arith_01_polynomial,dce,gvn,0.0,-0.02369972337162859,0.0,-0.020586772689452658,0.0,-0.002645867344471301
arith_01_polynomial,dce,adce,0.0,-0.02369972337162859,-0.0003988831272437174,-0.020977405388483812,0.0,0.0025840104708395395
arith_01_polynomial,dce,reassociate,0.0,-0.02369972337162859,-0.0003988831272437174,-0.020977322448465043,0.0,0.0025840104708395395
arith_01_polynomial,dce,licm,0.0,-0.02369972337162859,0.0,-0.02058095771422993,4.479316979316973e-05,0.0025840104708395395
arith_01_polynomial,dce,loop-rotate,0.0,-0.02369972337162859,0.0,-0.02057367615114441,0.0012618181818181817,0.006079041578911154
arith_01_polynomial,dce,loop-unroll,0.0,-0.02369972337162859,0.0,-0.02059620843124163,0.0,0.001397068917392775
arith_01_polynomial,adce,mem2reg,0.0,-0.02369972337162859,0.0,-0.020592613091417286,0.0,-0.00519431099849795
arith_01_polynomial,adce,sroa,0.0,-0.02369972337162859,0.0,-0.020592802339782244,0.0,-0.006117490185406914
arith_01_polynomial,adce,instcombine,0.0,-0.02369972337162859,-0.0003988831272437174,-0.02097744982040462,0.0,0.0025840104708395395
arith_01_polynomial,adce,simplifycfg,0.0,-0.02369972337162859,0.0,-0.020576958186387877,1.4407196570384388e-05,0.00792648497798431
arith_01_polynomial,adce,early-cse,0.0,-0.02369972337162859,-0.0003988831272437174,-0.02098055390020779,0.0,0.001852454975309466
arith_01_polynomial,adce,gvn,0.0,-0.02369972337162859,0.0,-0.020586772689452595,0.0,-0.002645867344471301
arith_01_polynomial,adce,dce,0.0,-0.02369972337162859,-0.0003988831272437174,-0.020977405388483826,0.0,0.0025840104708395395
arith_01_polynomial,adce,reassociate,0.0,-0.02369972337162859,-0.0003988831272437174,-0.020977322448465084,0.0,0.0025840104708395395
arith_01_polynomial,adce,licm,0.0,-0.02369972337162859,0.0,-0.02058095771423,4.479316979316973e-05,0.0025840104708395395
arith_01_polynomial,adce,loop-rotate,0.0,-0.02369972337162859,0.0,-0.020573676151144422,0.0012618181818181817,0.006079041578911154
arith_01_polynomial,adce,loop-unroll,0.0,-0.02369972337162859,0.0,-0.02059620843124165,0.0,0.001397068917392775
arith_01_polynomial,reassociate,mem2reg,0.0,-0.02369972337162859,0.0,-0.020592630721357412,0.0,-0.00519431099849795
arith_01_polynomial,reassociate,sroa,0.0,-0.02369972337162859,0.0,-0.02059281996972235,0.0,-0.006117490185406914
arith_01_polynomial,reassociate,instcombine,0.0,-0.02369972337162859,-0.0006975465764454348,-0.02127603330271178,0.0007608201420102933,0.0025840104708395395
arith_01_polynomial,reassociate,simplifycfg,0.0,-0.02369972337162859,0.0,-0.020576975816327933,1.4407196570384388e-05,0.00792648497798431
arith_01_polynomial,reassociate,early-cse,0.0,-0.02369972337162859,-0.001203107749347361,-0.021784533348826317,0.0006443043884220332,0.001852454975309466
arith_01_polynomial,reassociate,gvn,0.0,-0.02369972337162859,-0.0002927156706969913,-0.02087941033686202,0.0006510357631424661,-0.002645867344471301
arith_01_polynomial,reassociate,dce,0.0,-0.02369972337162859,-0.0003988831272437174,-0.020977423018423882,0.0,0.0025840104708395395
arith_01_polynomial,reassociate,adce,0.0,-0.02369972337162859,-0.0003988831272437174,-0.02097742301842393,0.0,0.0025840104708395395
arith_01_polynomial,reassociate,licm,0.0,-0.02369972337162859,0.0,-0.020580975344170062,4.479316979316973e-05,0.0025840104708395395
arith_01_polynomial,reassociate,loop-rotate,0.0,-0.02369972337162859,0.0,-0.020573693781084534,0.0006818181818181818,0.006079041578911154
arith_01_polynomial,reassociate,loop-unroll,0.0,-0.02369972337162859,0.0,-0.020596226061181687,0.0,0.001397068917392775
arith_01_polynomial,licm,mem2reg,-0.0185185185185184,-0.02369972337162859,-0.0383536747176451,-0.05893155725663581,-0.025136157209683263,-0.016433542378916147
arith_01_polynomial,licm,sroa,-0.0185185185185184,-0.02369972337162859,-0.0383536747176451,-0.05893174650500078,-0.024375922860276553,-0.023387723164523217
arith_01_polynomial,licm,instcombine,0.4074074074074074,-0.02369972337162859,0.20058612677683374,0.1799440798671571,0.25838069195511676,0.2564588367912793
arith_01_polynomial,licm,simplifycfg,0.0,-0.02369972337162859,0.010879011852055864,-0.0096993039720774,0.010377036395252037,0.00792648497798431
arith_01_polynomial,licm,early-cse,0.1111111111111111,-0.02369972337162859,0.06081073443947497,0.040211259062072645,0.06925472694440728,0.06335254204091387
arith_01_polynomial,licm,gvn,0.0555555555555555,-0.02369972337162859,0.038217011553817876,0.01761994775236172,0.045247605956807935,0.03640305999881549
arith_01_polynomial,licm,dce,0.0,-0.02369972337162859,0.0,-0.0205764552168139,0.0,0.0025840104708395395
arith_01_polynomial,licm,adce,0.0,-0.02369972337162859,0.0,-0.020576455216813908,0.0,0.0025840104708395395
arith_01_polynomial,licm,reassociate,0.0,-0.02369972337162859,0.0,-0.020576372276795173,0.0,0.0025840104708395395
arith_01_polynomial,licm,loop-rotate,-0.037037037037037,-0.02369972337162859,0.0030293018747153395,-0.017543166796653832,-0.008960889356304937,-0.003734049951763765
arith_01_polynomial,licm,loop-unroll,0.0,-0.02369972337162859,-0.08904360618538727,-0.10960851967752994,-0.07633192084844587,-0.08929577452290911
arith_01_polynomial,loop-rotate,mem2reg,0.0,-0.02369972337162859,0.009992500868604062,-0.010599826456613896,-0.00017769135314146993,0.004018928276138682
arith_01_polynomial,loop-rotate,sroa,0.0,-0.02369972337162859,0.009992500868604062,-0.010600015704978868,-0.0007152151874869041,0.0036345610072227356
arith_01_polynomial,loop-rotate,instcombine,0.074074074074074,-0.02369972337162859,0.05681425187992924,0.036220540258544785,0.05167174728599614,0.048467155785154294
arith_01_polynomial,loop-rotate,simplifycfg,0.074074074074074,-0.02369972337162859,0.05656185249341478,0.03596996220401493,0.05249815692000279,0.054058673658765564
arith_01_polynomial,loop-rotate,early-cse,0.074074074074074,-0.02369972337162859,0.05664620730184204,0.036049446514032406,0.05102513903487268,0.04428289586384195
arith_01_polynomial,loop-rotate,gvn,0.0,-0.02369972337162859,0.009940269899016143,-0.01064619995627213,-0.002513606520543655,0.006463184233195077
arith_01_polynomial,loop-rotate,dce,0.0,-0.02369972337162859,0.0,-0.020575101505719333,0.00010127802701833648,0.008889230622423357
arith_01_polynomial,loop-rotate,adce,0.0,-0.02369972337162859,0.0,-0.020575101505719354,0.00010127802701833648,0.008720520271262798
arith_01_polynomial,loop-rotate,reassociate,0.0,-0.02369972337162859,0.0,-0.020575018565700563,2.8056824164106197e-05,0.00906946020849378
arith_01_polynomial,loop-rotate,licm,0.0,-0.02369972337162859,0.012489742929383743,-0.008091745064001735,0.008480368971188888,0.01016407174914054
arith_01_polynomial,loop-rotate,loop-unroll,0.0,-0.02369972337162859,0.0007233477605986784,-0.0198695459432325,5.006590580621532e-05,0.008977130195693772
arith_01_polynomial,loop-unroll,mem2reg,0.0,-0.02369972337162859,0.0,-0.020593384476875164,0.0,-0.00519431099849795
arith_01_polynomial,loop-unroll,sroa,0.0,-0.02369972337162859,0.0,-0.020593573725240073,0.0,-0.006117490185406914
arith_01_polynomial,loop-unroll,instcombine,0.0,-0.02369972337162859,0.0,-0.02057946842510313,0.0,0.0025840104708395395
arith_01_polynomial,loop-unroll,simplifycfg,0.0,-0.02369972337162859,0.0007233477605986784,-0.019854618185841687,2.9697716448060218e-05,0.00792648497798431
arith_01_polynomial,loop-unroll,early-cse,0.0,-0.02369972337162859,0.0,-0.02058257250490627,0.0,0.001852454975309466
arith_01_polynomial,loop-unroll,gvn,0.0,-0.02369972337162859,0.0,-0.02058754407491053,0.0,-0.002645867344471301
arith_01_polynomial,loop-unroll,dce,0.0,-0.02369972337162859,0.0,-0.020579423993182376,0.0,0.0025840104708395395
arith_01_polynomial,loop-unroll,adce,0.0,-0.02369972337162859,0.0,-0.02057942399318241,0.0,0.0025840104708395395
arith_01_polynomial,loop-unroll,reassociate,0.0,-0.02369972337162859,0.0,-0.020579341053163634,0.0,0.0025840104708395395
arith_01_polynomial,loop-unroll,licm,0.0,-0.02369972337162859,0.0007233477605986784,-0.019858617713683878,4.479316979316973e-05,0.0025840104708395395
arith_01_polynomial,loop-unroll,loop-rotate,0.0,-0.02369972337162859,0.0007233477605986784,-0.019851336150598343,0.0008830303030303029,0.006079041578911154
arith_02_redundant,mem2reg,sroa,-0.627906976744186,-0.022762789716461028,-0.41550307111407614,-0.42103709628269276,-0.5382129995990407,-0.5469655493767301
arith_02_redundant,mem2reg,instcombine,-0.3953488372093023,-0.022762789716461028,-0.13394257180345048,-0.1395540025165619,-0.2257810560939383,-0.18851383591080653
arith_02_redundant,mem2reg,simplifycfg,0.0,-0.022762789716461028,0.027602132087310553,0.021938682340677893,0.002227956943109132,0.004178216817638996
arith_02_redundant,mem2reg,early-cse,-0.0930232558139534,-0.022762789716461028,-0.06497806231020971,-0.07061567454175614,-0.0764211014691894,-0.06924896531748835
arith_02_redundant,mem2reg,gvn,-0.3023255813953488,-0.022762789716461028,-0.15510405168676047,-0.16071706486990892,-0.22603963862054996,-0.24578039658963838
arith_02_redundant,mem2reg,dce,0.0,-0.022762789716461028,0.001811594202898548,-0.0038451543228528416,0.014289210474075654,-0.0014530709415902622
arith_02_redundant,mem2reg,adce,0.0,-0.022762789716461028,0.001811594202898548,-0.0038451543228528,0.014440565654086874,-0.0014530709415902622
arith_02_redundant,mem2reg,reassociate,0.0581395348837209,-0.022762789716461028,0.003941124944961257,-0.0017162648630349546,0.023490477710660342,-0.0014530709415902622
arith_02_redundant,mem2reg,licm,0.0,-0.022762789716461028,0.015336433968603269,0.00967295183401429,0.015528746157148908,0.006987811893878632
arith_02_redundant,mem2reg,loop-rotate,0.0348837209302325,-0.022762789716461028,0.08436765304120657,0.07868911196654259,0.03278146095733189,0.04037197089949715
arith_02_redundant,mem2reg,loop-unroll,-0.0116279069767441,-0.022762789716461028,-0.34926309408034156,-0.3548237320701186,-0.10533776804013907,-0.006450537195559866
arith_02_redundant,sroa,mem2reg,-0.627906976744186,-0.022762789716461028,-0.41550307111407614,-0.42103695433816496,-0.5412768848512947,-0.5565502065117784
arith_02_redundant,sroa,instcombine,-0.3953488372093023,-0.022762789716461028,-0.13425313080966167,-0.13986450734256203,-0.22723204238575714,-0.18106155606166666
arith_02_redundant,sroa,simplifycfg,0.0,-0.022762789716461028,0.027602132087310553,0.021938635036840324,0.0023547240192358897,0.003754718982699762
arith_02_redundant,sroa,early-cse,-0.0930232558139534,-0.022762789716461028,-0.06653085734126561,-0.07216800945640718,-0.07601214588459454,-0.06368538821198151
arith_02_redundant,sroa,gvn,-0.3023255813953488,-0.022762789716461028,-0.15727796473023872,-0.16289031482888525,-0.22409155444268328,-0.2455210410832926
arith_02_redundant,sroa,dce,0.0,-0.022762789716461028,0.0021221532091097264,-0.0035347441045275978,0.013584078450693508,-0.0032049734222561826
arith_02_redundant,sroa,adce,0.0,-0.022762789716461028,0.0021221532091097264,-0.003534744104527667,0.013442811518794173,-0.0032049734222561826
arith_02_redundant,sroa,reassociate,0.0581395348837209,-0.022762789716461028,0.004872801963594796,-0.000784939600384487,0.024160265139714168,-0.0032049734222561826
arith_02_redundant,sroa,licm,0.0,-0.022762789716461028,0.015336433968603269,0.009672904530176721,0.012236395512558108,0.006856894495666803
arith_02_redundant,sroa,loop-rotate,0.0348837209302325,-0.022762789716461028,0.08436765304120657,0.07868906466270502,0.03703957650761195,0.03119067430643593
arith_02_redundant,sroa,loop-unroll,-0.0116279069767441,-0.022762789716461028,-0.34926309408034156,-0.3548237793739561,-0.09200963211916037,-0.09312158359776983
arith_02_redundant,instcombine,mem2reg,-0.3953488372093023,-0.022762789716461028,-0.13603802638435342,-0.14165143554740398,-0.23564602219122974,-0.1921798060362891
arith_02_redundant,instcombine,sroa,-0.3953488372093023,-0.022762789716461028,-0.14007529346509875,-0.14568757258388373,-0.25476197615407625,-0.1881766976419818
arith_02_redundant,instcombine,simplifycfg,0.0,-0.022762789716461028,0.01093070483268583,0.005284452915687552,0.00017282281942359237,0.0008035778660599533
arith_02_redundant,instcombine,early-cse,-0.1744186046511628,-0.022762789716461028,-0.04473313963628835,-0.05036561751268247,-0.07202885253917501,-0.0635122581972347
arith_02_redundant,instcombine,gvn,-0.3023255813953488,-0.022762789716461028,-0.060599073203369484,-0.0662312186311237,-0.13855088643282526,-0.1260594275025647
arith_02_redundant,instcombine,dce,0.0,-0.022762789716461028,-0.0003988831272437174,-0.006043159352854693,-0.0013171135373341203,-0.0034076420188326076
arith_02_redundant,instcombine,adce,0.0,-0.022762789716461028,-0.0003988831272437174,-0.006043159352854693,-0.0013386961908633678,-0.0034076420188326076
arith_02_redundant,instcombine,reassociate,-0.0232558139534883,-0.022762789716461028,-0.0012209510848615434,-0.006864904073319921,-0.001594164322807703,-0.0034076420188326076
arith_02_redundant,instcombine,licm,0.0,-0.022762789716461028,-0.0014542905195047955,-0.007100535840672061,-0.0019265761729040025,-0.0034076420188326076
arith_02_redundant,instcombine,loop-rotate,0.0465116279069767,-0.022762789716461028,0.10694018987930572,0.10126602254521218,0.05566187128453644,0.04900337924549187
arith_02_redundant,instcombine,loop-unroll,0.0,-0.022762789716461028,0.0,-0.005663019743950847,-0.0014436045178305185,-0.003358233637780601
arith_02_redundant,simplifycfg,mem2reg,0.0,-0.022762789716461028,0.002893391042394726,-0.0027613045122530065,1.5432098765432e-05,-0.006400565717711891
arith_02_redundant,simplifycfg,sroa,0.0,-0.022762789716461028,0.002893391042394726,-0.0027614937606178468,1.5432098765432e-05,-0.005695709256616562
arith_02_redundant,simplifycfg,instcombine,0.0116279069767442,-0.022762789716461028,0.007574050792529022,0.0019322388613744503,0.005418248990980188,0.0006762591842508132
arith_02_redundant,simplifycfg,early-cse,0.0,-0.022762789716461028,0.0016641575631243261,-0.003979368531260474,0.0012690977676789658,0.00010797077840398253
arith_02_redundant,simplifycfg,gvn,-0.0116279069767442,-0.022762789716461028,-0.023344437019893412,-0.028984643039340913,-0.01585648927115913,-0.01403949481112316
arith_02_redundant,simplifycfg,dce,0.0,-0.022762789716461028,0.0,-0.005640293144585553,0.00019582425562817687,0.0006762591842508132
arith_02_redundant,simplifycfg,adce,0.0,-0.022762789716461028,0.0,-0.005640293144585511,8.265898952173443e-05,0.0006762591842508132
arith_02_redundant,simplifycfg,reassociate,0.0,-0.022762789716461028,0.0,-0.0056402385416788985,0.0018986187151628327,0.0006762591842508132
arith_02_redundant,simplifycfg,licm,0.0,-0.022762789716461028,0.005439081541109614,-0.0002053029592684573,0.0011382595210477381,0.0006762591842508132
arith_02_redundant,simplifycfg,loop-rotate,0.0,-0.022762789716461028,-0.0004221190375685913,-0.006057089235268969,-0.00013178258649833082,0.004725944504891565
arith_02_redundant,simplifycfg,loop-unroll,0.0,-0.022762789716461028,0.000301228723030087,-0.005357776028522287,4.147733131826413e-05,0.0007256675653028199
arith_02_redundant,early-cse,mem2reg,-0.1162790697674418,-0.022762789716461028,-0.07580784718251068,-0.08144250731610654,-0.09157443401416386,-0.08154557282617253
arith_02_redundant,early-cse,sroa,-0.1162790697674418,-0.022762789716461028,-0.07953455525704484,-0.08516818683042367,-0.09300869105140971,-0.0787378336534195
arith_02_redundant,early-cse,instcombine,-0.0930232558139534,-0.022762789716461028,-0.039775972472526296,-0.04540799388989582,-0.0730867353891928,-0.04303361652326174
arith_02_redundant,early-cse,simplifycfg,0.0,-0.022762789716461028,0.003854034259037235,-0.0017914741879325562,0.025027066395418483,-0.0058476050210555805
arith_02_redundant,early-cse,gvn,-0.2209302325581395,-0.022762789716461028,-0.09603345209045329,-0.10165558735493148,-0.10414331393464488,-0.09770444447946687
arith_02_redundant,early-cse,dce,0.0232558139534883,-0.022762789716461028,0.0034922385388140046,-0.0021548782569581586,0.025298737003289728,0.012627856935789826
arith_02_redundant,early-cse,adce,0.0232558139534883,-0.022762789716461028,0.0034922385388140046,-0.002154878256958131,0.02489238317970902,0.011460980036834338
arith_02_redundant,early-cse,reassociate,0.0,-0.022762789716461028,0.002636444716268265,-0.0030103378214590797,0.024968582961811293,0.002570647952496044
arith_02_redundant,early-cse,licm,-0.0232558139534883,-0.022762789716461028,-0.05255425966840876,-0.05818537564607952,-0.030675066744629997,-0.029958706006748364
arith_02_redundant,early-cse,loop-rotate,-0.0116279069767441,-0.022762789716461028,-0.025492146481789695,-0.031124606792352894,-0.00505439151256001,-0.013686784831115321
arith_02_redundant,early-cse,loop-unroll,0.0,-0.022762789716461028,-0.0017864485566434303,-0.007450453562101344,0.02173258160110821,-0.01062620439564325
arith_02_redundant,gvn,mem2reg,-0.3023255813953488,-0.022762789716461028,-0.16112684005324734,-0.16674055142666885,-0.22483170603448574,-0.24516497959094027
arith_02_redundant,gvn,sroa,-0.3023255813953488,-0.022762789716461028,-0.16547466614020387,-0.17108714598531125,-0.22846207183831269,-0.23164943798444396
arith_02_redundant,gvn,instcombine,-0.1395348837209302,-0.022762789716461028,0.11136857125262555,0.10568022736343889,0.10179711032504113,0.14398708863626666
arith_02_redundant,gvn,simplifycfg,-0.0116279069767441,-0.022762789716461028,-0.01980096176706736,-0.025445671930651875,-0.014569369618584418,-0.01237887994110127
arith_02_redundant,gvn,early-cse,-0.2209302325581395,-0.022762789716461028,-0.09645422238012008,-0.10207829961031857,-0.09079758080419038,-0.08203469705980031
arith_02_redundant,gvn,dce,0.0,-0.022762789716461028,0.002694965072336522,-0.0029588228554541483,0.023721597196092313,0.005344319895847309
arith_02_redundant,gvn,adce,0.0,-0.022762789716461028,0.002694965072336522,-0.0029588228554542177,0.023223649957495384,0.00121420316136666
arith_02_redundant,gvn,reassociate,-0.0232558139534883,-0.022762789716461028,0.002895915017531995,-0.0027578839735011955,0.024825560253122752,0.0011799687542144589
arith_02_redundant,gvn,licm,-0.0697674418604651,-0.022762789716461028,-0.14379107249978762,-0.14939930590014813,-0.08570168767716901,-0.09661171449111716
arith_02_redundant,gvn,loop-rotate,0.0348837209302325,-0.022762789716461028,0.08110877566471487,0.07543454878624377,0.03342480486338501,0.03278310935061442
arith_02_redundant,gvn,loop-unroll,-0.0116279069767441,-0.022762789716461028,-0.40570172068681465,-0.4112406664744745,-0.10970541416828998,-0.020864520147147327
arith_02_redundant,dce,mem2reg,0.0,-0.022762789716461028,0.0,-0.005653809933328171,0.0,-0.0076916673830483085
arith_02_redundant,dce,sroa,0.0,-0.022762789716461028,0.0,-0.005653999181692997,0.0,-0.0072033118123541766
arith_02_redundant,dce,instcombine,0.0,-0.022762789716461028,-0.0003988831272437174,-0.006038149550984927,0.000956390056022408,0.0006762591842508132
arith_02_redundant,dce,simplifycfg,0.0,-0.022762789716461028,0.0,-0.005638626445730249,-2.080272668507955e-05,0.004887479069143366
arith_02_redundant,dce,early-cse,0.0,-0.022762789716461028,-0.0003988831272437174,-0.006041794941064545,0.0010998443821973196,0.00010797077840398253
arith_02_redundant,dce,gvn,0.0,-0.022762789716461028,0.0,-0.005647894359797966,0.001328022875816993,-0.0052924528524089685
arith_02_redundant,dce,adce,0.0,-0.022762789716461028,-0.0003988831272437174,-0.006039105802404018,0.00013667133520074676,0.0006762591842508132
arith_02_redundant,dce,reassociate,0.0,-0.022762789716461028,-0.0003988831272437174,-0.006039051199497419,0.0017524676621490346,0.0006762591842508132
arith_02_redundant,dce,licm,0.0,-0.022762789716461028,0.0,-0.0056426670017892915,-0.0006755738406473675,0.0006762591842508132
arith_02_redundant,dce,loop-rotate,0.0,-0.022762789716461028,0.0,-0.005635168014242794,-0.00013178258649833082,0.004725944504891565
arith_02_redundant,dce,loop-unroll,0.0,-0.022762789716461028,0.0,-0.0056589661935001305,0.0,0.0007256675653028199
arith_02_redundant,adce,mem2reg,0.0,-0.022762789716461028,0.0,-0.005653809933328157,0.0,-0.006400565717711891
arith_02_redundant,adce,sroa,0.0,-0.022762789716461028,0.0,-0.005653999181692997,0.0,-0.0072033118123541766
arith_02_redundant,adce,instcombine,0.0,-0.022762789716461028,-0.0003988831272437174,-0.006038149550984955,0.0010796374105197623,0.0006762591842508132
arith_02_redundant,adce,simplifycfg,0.0,-0.022762789716461028,0.0,-0.005638626445730221,-2.080272668507955e-05,0.004887479069143366
arith_02_redundant,adce,early-cse,0.0,-0.022762789716461028,-0.0003988831272437174,-0.0060417949410645315,0.001086772486772483,0.00010797077840398253
arith_02_redundant,adce,gvn,0.0,-0.022762789716461028,0.0,-0.005647894359798022,0.0011515522875816988,-0.0052924528524089685
arith_02_redundant,adce,dce,0.0,-0.022762789716461028,-0.0003988831272437174,-0.0060391058024040455,0.00010196078431372534,0.0006762591842508132
arith_02_redundant,adce,reassociate,0.0,-0.022762789716461028,-0.0003988831272437174,-0.006039051199497419,0.0018505068778353092,0.0006762591842508132
arith_02_redundant,adce,licm,0.0,-0.022762789716461028,0.0,-0.0056426670017892915,-0.0007393537970743826,0.0006762591842508132
arith_02_redundant,adce,loop-rotate,0.0,-0.022762789716461028,0.0,-0.005635168014242863,-0.00013178258649833082,0.004725944504891565
arith_02_redundant,adce,loop-unroll,0.0,-0.022762789716461028,0.0,-0.005658966193500158,0.0,0.0007256675653028199
arith_02_redundant,reassociate,mem2reg,0.0,-0.022762789716461028,0.0,-0.005653766452966235,0.0014135988738929897,-0.0076916673830483085
arith_02_redundant,reassociate,sroa,0.0,-0.022762789716461028,0.0,-0.005653955701331103,0.0014135988738929897,-0.0072033118123541766
arith_02_redundant,reassociate,instcombine,-0.0232558139534883,-0.022762789716461028,0.0003135757693584043,-0.0053258799903674985,0.005754209284723979,0.0006762591842508132
arith_02_redundant,reassociate,simplifycfg,0.0,-0.022762789716461028,0.0,-0.005638582965368299,0.0013647849427261176,0.004887479069143366
arith_02_redundant,reassociate,early-cse,-0.0348837209302325,-0.022762789716461028,0.0003135757693583999,-0.005329525380447047,0.005859636804402028,0.00010797077840398253
arith_02_redundant,reassociate,gvn,-0.0348837209302325,-0.022762789716461028,0.0012239678480087696,-0.004424282997971398,0.00827532856576972,-0.0052924528524089685
arith_02_redundant,reassociate,dce,0.0,-0.022762789716461028,-0.0003988831272437174,-0.006039062322042165,0.0014995465863112901,0.0006762591842508132
arith_02_redundant,reassociate,adce,0.0,-0.022762789716461028,-0.0003988831272437174,-0.006039062322042137,0.0015110545228192269,0.0006762591842508132
arith_02_redundant,reassociate,licm,0.0,-0.022762789716461028,0.0,-0.005642623521427342,0.0007371535735506331,0.0006762591842508132
arith_02_redundant,reassociate,loop-rotate,0.0,-0.022762789716461028,0.0,-0.005635124533880941,0.0004804850478281265,0.004725944504891565
arith_02_redundant,reassociate,loop-unroll,0.0,-0.022762789716461028,0.0,-0.005658922713138292,0.0014135988738929897,0.0007256675653028199
arith_02_redundant,licm,mem2reg,-0.0116279069767442,-0.022762789716461028,-0.038653266523809196,-0.0442919830144604,-0.027122125950460596,-0.027666026136768104
arith_02_redundant,licm,sroa,-0.0116279069767442,-0.022762789716461028,-0.038653266523809196,-0.04429217226282524,-0.02664872939523837,-0.02698909044695888
arith_02_redundant,licm,instcombine,0.1046511627906977,-0.022762789716461028,0.21374944176016897,0.20804265861984397,0.16594440629590768,0.15597532793952523
arith_02_redundant,licm,simplifycfg,0.0,-0.022762789716461028,0.010879011852055864,0.005239292758628892,0.00462760845640879,0.004887479069143366
arith_02_redundant,licm,early-cse,0.0232558139534883,-0.022762789716461028,0.06463052996806726,0.0589688303122836,0.04873094572421155,0.04260703648892208
arith_02_redundant,licm,gvn,0.0116279069767441,-0.022762789716461028,0.040126909318114024,0.034468364722574446,0.04523774310806007,0.03831984667605818
arith_02_redundant,licm,dce,0.0,-0.022762789716461028,0.0,-0.005637890640685605,1.951447245564925e-05,0.0006762591842508132
arith_02_redundant,licm,adce,0.0,-0.022762789716461028,0.0,-0.005637890640685633,-0.00010613912231559231,0.0006762591842508132
arith_02_redundant,licm,reassociate,0.0,-0.022762789716461028,0.0,-0.005637836037778992,0.001673802862896001,0.0006762591842508132
arith_02_redundant,licm,loop-rotate,-0.0116279069767441,-0.022762789716461028,0.0019245570894852128,-0.003708777447939595,-0.011793250753860644,-0.0013773417752116577
arith_02_redundant,licm,loop-unroll,0.0,-0.022762789716461028,-0.08904360618538727,-0.09467101244974026,-0.05813723904161001,-0.07558934288057018
arith_02_redundant,loop-rotate,mem2reg,0.0,-0.022762789716461028,0.009992500868604062,0.004339088903076164,-0.0018992061766408216,0.0011912257382653874
arith_02_redundant,loop-rotate,sroa,0.0,-0.022762789716461028,0.009992500868604062,0.004338899654711379,-0.0018606820737029795,0.0011986197620245395
arith_02_redundant,loop-rotate,instcombine,0.0232558139534884,-0.022762789716461028,0.05902374145038949,0.05336872028603752,0.02740051115540017,0.03001017380191214
arith_02_redundant,loop-rotate,simplifycfg,0.0232558139534883,-0.022762789716461028,0.05877134206387503,0.05311717370274553,0.028510329673149513,0.02988428934408821
arith_02_redundant,loop-rotate,early-cse,0.0232558139534883,-0.022762789716461028,0.058855696872302285,0.053197085231248706,0.030922404112765173,0.03572872649535846
arith_02_redundant,loop-rotate,gvn,0.0,-0.022762789716461028,0.009940269899016143,0.004292790574983472,-0.0016973171447099641,0.004420395113094902
arith_02_redundant,loop-rotate,dce,0.0,-0.022762789716461028,0.0,-0.0056366897180386115,-4.369324707164555e-05,0.006859550569805417
arith_02_redundant,loop-rotate,adce,0.0,-0.022762789716461028,0.0,-0.0056366897180386115,5.689391086845336e-05,0.0068723041406554665
arith_02_redundant,loop-rotate,reassociate,0.0,-0.022762789716461028,0.0,-0.005636635115132026,0.0004007542625719427,0.006946135682864629
arith_02_redundant,loop-rotate,licm,0.0,-0.022762789716461028,0.012489742929383743,0.006846657850040187,0.01150231607584559,0.009712284127006652
arith_02_redundant,loop-rotate,loop-unroll,0.0,-0.022762789716461028,0.0007233477605986784,-0.004932191503890123,-5.9379521581449447e-05,0.008298829222003047
arith_02_redundant,loop-unroll,mem2reg,0.0,-0.022762789716461028,0.0,-0.005654631279426472,0.0,-0.0076916673830483085
arith_02_redundant,loop-unroll,sroa,0.0,-0.022762789716461028,0.0,-0.00565482052779134,0.0,-0.0072033118123541766
arith_02_redundant,loop-unroll,instcombine,0.0,-0.022762789716461028,0.0,-0.005640218116323908,0.0012620312013694355,0.0006762591842508132
arith_02_redundant,loop-unroll,simplifycfg,0.0,-0.022762789716461028,0.0007233477605986784,-0.004916336405824628,5.3207953857162954e-05,0.004887479069143366
arith_02_redundant,loop-unroll,early-cse,0.0,-0.022762789716461028,0.0,-0.005643863506403484,0.0009704326174914376,0.00010797077840398253
arith_02_redundant,loop-unroll,gvn,0.0,-0.022762789716461028,0.0,-0.005648715705896309,0.0011809640522875812,-0.0052924528524089685
arith_02_redundant,loop-unroll,dce,0.0,-0.022762789716461028,0.0,-0.005641174367742929,0.00018039215686274486,0.0006762591842508132
arith_02_redundant,loop-unroll,adce,0.0,-0.022762789716461028,0.0,-0.005641174367742929,6.722689075630243e-05,0.0006762591842508132
arith_02_redundant,loop-unroll,reassociate,0.0,-0.022762789716461028,0.0,-0.0056411197648363436,0.0018635787732601457,0.0006762591842508132
arith_02_redundant,loop-unroll,licm,0.0,-0.022762789716461028,0.0007233477605986784,-0.004920376961883643,-0.000693139912369467,0.0006762591842508132
arith_02_redundant,loop-unroll,loop-rotate,0.0,-0.022762789716461028,0.0007233477605986784,-0.0049128779743372285,-1.3963171848846798e-05,0.004725944504891565
arith_03_integer_mix,mem2reg,sroa,-0.4824561403508772,-0.023857029974396673,-0.4218270205224809,-0.37531824787751367,-0.453207207734009,-0.4648063279835188
arith_03_integer_mix,mem2reg,instcombine,-0.1403508771929824,-0.023857029974396673,-0.14502943963024698,-0.09859689430552644,-0.15274342120243073,-0.14709986944968675
arith_03_integer_mix,mem2reg,simplifycfg,0.0,-0.023857029974396673,0.027602132087310553,0.07397979598400926,0.03266869819822121,0.02995187118506332
arith_03_integer_mix,mem2reg,early-cse,-0.043859649122807,-0.023857029974396673,-0.06711561042721607,-0.020711769852668527,-0.07971469076275922,-0.05931864852375303
arith_03_integer_mix,mem2reg,gvn,-0.175438596491228,-0.023857029974396673,-0.1606208771173744,-0.11419149251648468,-0.1854190706908732,-0.16669611764813413
arith_03_integer_mix,mem2reg,dce,0.0,-0.023857029974396673,0.001811594202898548,0.04819600817945323,0.00038496013901404615,-0.004502807724398559
arith_03_integer_mix,mem2reg,adce,0.0,-0.023857029974396673,0.001811594202898548,0.04819600817945323,0.000573138363358914,-0.004502807724398559
arith_03_integer_mix,mem2reg,reassociate,0.0,-0.023857029974396673,0.0064689308094708605,0.0528519058079399,0.00289965062395922,-0.003108148359457757
arith_03_integer_mix,mem2reg,licm,0.043859649122807,-0.023857029974396673,0.01342949270239427,0.05980781332248793,0.025321607233031704,0.007737961684581528
arith_03_integer_mix,mem2reg,loop-rotate,0.0,-0.023857029974396673,0.08588433655991234,0.13224655302904564,0.07526911366789854,0.0760142598412319
arith_03_integer_mix,mem2reg,loop-unroll,-0.0350877192982456,-0.023857029974396673,-0.3482431022402763,-0.30176287933302326,-0.3654783298125616,-0.3497984600186137
arith_03_integer_mix,sroa,mem2reg,-0.4824561403508772,-0.023857029974396673,-0.4218270205224809,-0.37531810593298576,-0.44459462266217686,-0.44129299058331045
arith_03_integer_mix,sroa,instcombine,-0.1403508771929824,-0.023857029974396673,-0.14533999863645816,-0.09890739913152648,-0.15549354204985563,-0.12409027664283973
arith_03_integer_mix,sroa,simplifycfg,0.0,-0.023857029974396673,0.027602132087310553,0.07397974868017175,0.03605539001993203,0.03084251944669906
arith_03_integer_mix,sroa,early-cse,-0.043859649122807,-0.023857029974396673,-0.06866840545827198,-0.02226410476731919,-0.07689267552142384,-0.0610715837682639
arith_03_integer_mix,sroa,gvn,-0.175438596491228,-0.023857029974396673,-0.16279479016085266,-0.1163647424754609,-0.1857331567772941,-0.1851025375033905
arith_03_integer_mix,sroa,dce,0.0,-0.023857029974396673,0.0021221532091097264,0.04850641839777843,0.00043610945987968865,-0.0016792218847784329
arith_03_integer_mix,sroa,adce,0.0,-0.023857029974396673,0.0021221532091097264,0.04850641839777843,0.0008886524931656781,-0.0016792218847784329
arith_03_integer_mix,sroa,reassociate,0.0,-0.023857029974396673,0.0074006078281044,0.05378323107059045,0.0022476897910365915,-0.0007662361258982587
arith_03_integer_mix,sroa,licm,0.043859649122807,-0.023857029974396673,0.01342949270239427,0.05980776601865047,0.02486963660852831,0.005535405916207792
arith_03_integer_mix,sroa,loop-rotate,0.0,-0.023857029974396673,0.08588433655991234,0.13224650572520813,0.07670289351900068,0.07658120256817534
arith_03_integer_mix,sroa,loop-unroll,-0.0350877192982456,-0.023857029974396673,-0.3482431022402763,-0.30176292663686066,-0.36706980452447513,-0.43524278022914725
arith_03_integer_mix,instcombine,mem2reg,-0.1403508771929824,-0.023857029974396673,-0.1471248942111499,-0.10069426378162676,-0.15016895589054785,-0.15638325324649838
arith_03_integer_mix,instcombine,sroa,-0.1403508771929824,-0.023857029974396673,-0.15116216129189528,-0.1047304008181064,-0.15976345793291488,-0.14585877160847616
arith_03_integer_mix,instcombine,simplifycfg,0.0,-0.023857029974396673,0.01093070483268583,0.05732525191802369,0.0051003715633341955,0.005470494445204063
arith_03_integer_mix,instcombine,early-cse,-0.0087719298245614,-0.023857029974396673,-0.05193516897657536,-0.0055248537236033575,-0.04925214991064609,-0.04877970398534746
arith_03_integer_mix,instcombine,gvn,-0.0614035087719298,-0.023857029974396673,-0.07107394592612683,-0.024662388026906016,-0.09199513158509245,-0.10395792431286625
arith_03_integer_mix,instcombine,dce,0.0,-0.023857029974396673,-0.0003988831272437174,0.04599768850845633,-0.0001688740828552712,-0.0005430478711284325
arith_03_integer_mix,instcombine,adce,0.0,-0.023857029974396673,-0.0003988831272437174,0.045997688508456355,-0.00019462759124095678,-0.0005430478711284325
arith_03_integer_mix,instcombine,reassociate,0.0,-0.023857029974396673,-0.0022320734306653825,0.04416518019248063,-0.003555638412466176,-0.00022425413176713812
arith_03_integer_mix,instcombine,licm,0.0087719298245614,-0.023857029974396673,-0.0018356787727465955,0.0445590655016405,-0.0005882825269429559,-0.0005430478711284325
arith_03_integer_mix,instcombine,loop-rotate,0.043859649122807,-0.023857029974396673,0.1070554933047044,0.15342222681448833,0.09705605691939265,0.09205442714684971
arith_03_integer_mix,instcombine,loop-unroll,0.0,-0.023857029974396673,0.0,0.04637785982362701,-0.00015306786884701832,-0.0009324259138516146
arith_03_integer_mix,simplifycfg,mem2reg,0.0,-0.023857029974396673,0.002893391042394726,0.04927978899233308,0.0006652975195821333,-0.005589627993015654
arith_03_integer_mix,simplifycfg,sroa,0.0,-0.023857029974396673,0.002893391042394726,0.049279599743968214,0.001239850493951565,-0.005553181030464845
arith_03_integer_mix,simplifycfg,instcombine,0.0,-0.023857029974396673,0.008079611965430942,0.054478350136535,0.006371566790527422,0.0010123917377543867
arith_03_integer_mix,simplifycfg,early-cse,0.0,-0.023857029974396673,0.0016641575631243261,0.048061747992340045,0.0007030221238818843,0.0004722720349854012
arith_03_integer_mix,simplifycfg,gvn,-0.0087719298245614,-0.023857029974396673,-0.023468609939553537,0.02293218184396915,-0.023908038882833983,-0.017043530651710312
arith_03_integer_mix,simplifycfg,dce,0.0,-0.023857029974396673,0.0,0.046401231580285404,1.9085055090823174e-05,0.0010123917377543867
arith_03_integer_mix,simplifycfg,adce,0.0,-0.023857029974396673,0.0,0.04640123158028543,3.6422609741810595e-05,0.0010123917377543867
arith_03_integer_mix,simplifycfg,reassociate,0.0,-0.023857029974396673,0.0,0.0464013145203042,-3.3540452476544616e-05,0.0013311854771156815
arith_03_integer_mix,simplifycfg,licm,0.0,-0.023857029974396673,0.005439081541109614,0.05183623887031262,0.0048183104107187204,0.0009740434925225763
arith_03_integer_mix,simplifycfg,loop-rotate,0.0,-0.023857029974396673,-0.0004221190375685913,0.04598452615086447,-0.0003103417839144524,0.004394066416373557
arith_03_integer_mix,simplifycfg,loop-unroll,0.0,-0.023857029974396673,0.000301228723030087,0.04668378040261549,0.00011832851984723058,0.0006230136950312111
arith_03_integer_mix,early-cse,mem2reg,-0.043859649122807,-0.023857029974396673,-0.07895651764532088,-0.03254927241945872,-0.08799823365778255,-0.0721674966953929
arith_03_integer_mix,early-cse,sroa,-0.043859649122807,-0.023857029974396673,-0.08268322571985505,-0.036274951933775626,-0.08500235213411465,-0.07272809865203214
arith_03_integer_mix,early-cse,instcombine,-0.0350877192982456,-0.023857029974396673,-0.04229490884277446,0.004114391119929114,-0.04289844111040343,-0.045468839105934564
arith_03_integer_mix,early-cse,simplifycfg,0.0,-0.023857029974396673,0.003854034259037235,0.0502497846145958,0.0032421920370569557,-0.0046735750837215125
arith_03_integer_mix,early-cse,gvn,-0.043859649122807,-0.023857029974396673,-0.10373217310938079,-0.05731105243375889,-0.1133940458375681,-0.0991165801959309
arith_03_integer_mix,early-cse,dce,0.0,-0.023857029974396673,0.004503360884617844,0.05089722133716758,0.0035515678190225905,-0.004766743994897889
arith_03_integer_mix,early-cse,adce,0.0,-0.023857029974396673,0.004503360884617844,0.05089722133716755,0.0033589832711633074,-0.004972438757937239
arith_03_integer_mix,early-cse,reassociate,0.0,-0.023857029974396673,0.002636444716268265,0.04903099817715613,0.0018808576668708384,-0.0056311658767413345
arith_03_integer_mix,early-cse,licm,-0.043859649122807,-0.023857029974396673,-0.05165844074800359,-0.005248524693946283,-0.052519361381255535,-0.04571508688777046
arith_03_integer_mix,early-cse,loop-rotate,-0.0350877192982456,-0.023857029974396673,-0.024472154641724413,0.021936450058935474,-0.018653350096297084,-0.015929658390633487
arith_03_integer_mix,early-cse,loop-unroll,0.0,-0.023857029974396673,-0.0017864485566434303,0.04459088580566843,0.0005407338506353652,-0.00977323962329923
arith_03_integer_mix,gvn,mem2reg,-0.175438596491228,-0.023857029974396673,-0.1666436654838613,-0.12021487785643407,-0.18699968590391167,-0.18890473679209083
arith_03_integer_mix,gvn,sroa,-0.175438596491228,-0.023857029974396673,-0.1709914915708178,-0.12456147241507647,-0.19107739566350637,-0.17841731359496005
arith_03_integer_mix,gvn,instcombine,0.1666666666666666,-0.023857029974396673,0.09805546036620831,0.1444117849416621,0.12549474055045146,0.13180784454210057
arith_03_integer_mix,gvn,simplifycfg,-0.0087719298245614,-0.023857029974396673,-0.019925134686727478,0.026471274308214023,-0.023705001522509116,-0.014712179113240822
arith_03_integer_mix,gvn,early-cse,-0.043859649122807,-0.023857029974396673,-0.10415294339904758,-0.05773378561251798,-0.11535664234448817,-0.10045783241315576
arith_03_integer_mix,gvn,dce,0.0,-0.023857029974396673,0.002694965072336522,0.049082304584989175,0.0032966712590392997,-0.005781316781700626
arith_03_integer_mix,gvn,adce,0.0,-0.023857029974396673,0.002694965072336522,0.0490823045849892,0.002474813042821489,-0.005130582135213728
arith_03_integer_mix,gvn,reassociate,0.0,-0.023857029974396673,0.0018847926717281563,0.048272479871431725,0.0005440506574028469,-0.005847392163215164
arith_03_integer_mix,gvn,licm,-0.2280701754385965,-0.023857029974396673,-0.13690834495291232,-0.09047768293643967,-0.13488531376169785,-0.11841228467670123
arith_03_integer_mix,gvn,loop-rotate,0.0,-0.023857029974396673,0.08262545918342064,0.1289919547868843,0.07042665638227087,0.06010571370015421
arith_03_integer_mix,gvn,loop-unroll,-0.0350877192982456,-0.023857029974396673,-0.40468172884674936,-0.3581798487992418,-0.4171228990635242,-0.45959147463700634
arith_03_integer_mix,dce,mem2reg,0.0,-0.023857029974396673,0.0,0.046387279991032274,-3.0441400304414e-05,-0.005589627993015654
arith_03_integer_mix,dce,sroa,0.0,-0.023857029974396673,0.0,0.04638709074266743,0.0,-0.006008191636864145
arith_03_integer_mix,dce,instcombine,0.0,-0.023857029974396673,-0.0003988831272437174,0.04600256217763869,-0.0001314883111341398,0.0010123917377543867
arith_03_integer_mix,dce,simplifycfg,0.0,-0.023857029974396673,0.0,0.046402845839940324,7.877073126096776e-05,0.005832032117854877
arith_03_integer_mix,dce,early-cse,0.0,-0.023857029974396673,-0.0003988831272437174,0.0459993180023104,-8.921290228629663e-05,0.0004722720349854012
arith_03_integer_mix,dce,gvn,0.0,-0.023857029974396673,0.0,0.046393059285889174,-4.956201658745676e-05,-0.0035164782710609137
arith_03_integer_mix,dce,adce,0.0,-0.023857029974396673,-0.0003988831272437174,0.04600241534224127,-4.637294483932855e-05,0.0010123917377543867
arith_03_integer_mix,dce,reassociate,0.0,-0.023857029974396673,-0.0003988831272437174,0.04600249828226004,-0.00014737275679776172,0.0013311854771156815
arith_03_integer_mix,dce,licm,0.0,-0.023857029974396673,0.0,0.04639887124756621,0.0002332939884141926,0.0010123917377543867
arith_03_integer_mix,dce,loop-rotate,0.0,-0.023857029974396673,0.0,0.046406443791664934,-3.6689529697789907e-06,0.004394066416373557
arith_03_integer_mix,dce,loop-unroll,0.0,-0.023857029974396673,0.0,0.04638258665741195,2.9931537412336944e-05,0.0006230136950312111
arith_03_integer_mix,adce,mem2reg,0.0,-0.023857029974396673,0.0,0.0463872799910323,-5.082876014131511e-05,-0.005589627993015654
arith_03_integer_mix,adce,sroa,0.0,-0.023857029974396673,0.0,0.04638709074266746,-2.038735983690111e-05,-0.006008191636864145
arith_03_integer_mix,adce,instcombine,0.0,-0.023857029974396673,-0.0003988831272437174,0.04600256217763872,-0.00014425411726457136,0.0010123917377543867
arith_03_integer_mix,adce,simplifycfg,0.0,-0.023857029974396673,0.0,0.046402845839940296,5.8383371424066653e-05,0.005832032117854877
arith_03_integer_mix,adce,early-cse,0.0,-0.023857029974396673,-0.0003988831272437174,0.0459993180023104,-0.00010195500218435984,0.0004722720349854012
arith_03_integer_mix,adce,gvn,0.0,-0.023857029974396673,0.0,0.04639305928588912,-4.3856747592003014e-05,-0.0035164782710609137
arith_03_integer_mix,adce,dce,0.0,-0.023857029974396673,-0.0003988831272437174,0.04600241534224121,-6.486887220832171e-05,0.0010123917377543867
arith_03_integer_mix,adce,reassociate,0.0,-0.023857029974396673,-0.0003988831272437174,0.04600249828226004,-0.0001570567527202897,0.0013311854771156815
arith_03_integer_mix,adce,licm,0.0,-0.023857029974396673,0.0,0.04639887124756621,0.0002084053255685259,0.0010123917377543867
arith_03_integer_mix,adce,loop-rotate,0.0,-0.023857029974396673,0.0,0.046406443791664934,-3.6689529697789907e-06,0.004394066416373557
arith_03_integer_mix,adce,loop-unroll,0.0,-0.023857029974396673,0.0,0.04638258665741195,9.544177575435832e-06,0.0006230136950312111
arith_03_integer_mix,reassociate,mem2reg,0.0,-0.023857029974396673,0.0,0.04638726236109218,-0.00020622695812234026,-0.005589627993015654
arith_03_integer_mix,reassociate,sroa,0.0,-0.023857029974396673,0.0,0.04638707311272737,-0.00017578555781792626,-0.006008191636864145
arith_03_integer_mix,reassociate,instcombine,0.0,-0.023857029974396673,-0.0006975465764454348,0.04570397869533148,-0.003019936932423182,0.0010123917377543867
arith_03_integer_mix,reassociate,simplifycfg,0.0,-0.023857029974396673,0.0,0.046402828210000205,-6.794505911509808e-05,0.005832032117854877
arith_03_integer_mix,reassociate,early-cse,0.0,-0.023857029974396673,-0.001203107749347361,0.04519533855369183,-0.0035757365416962876,0.0004722720349854012
arith_03_integer_mix,reassociate,gvn,0.0,-0.023857029974396673,-0.0002927156706969913,0.04610042163847973,-0.0032021559509364072,-0.0027823848575364743
arith_03_integer_mix,reassociate,dce,0.0,-0.023857029974396673,-0.0003988831272437174,0.04600239771230112,-0.00019119730274748644,0.0010123917377543867
arith_03_integer_mix,reassociate,adce,0.0,-0.023857029974396673,-0.0003988831272437174,0.04600239771230112,-0.00014804096715717192,0.0010123917377543867
arith_03_integer_mix,reassociate,licm,0.0,-0.023857029974396673,0.0,0.046398853617626065,5.9226033060137464e-05,0.0010123917377543867
arith_03_integer_mix,reassociate,loop-rotate,0.0,-0.023857029974396673,0.0,0.04640642616172487,-9.002349271028098e-05,0.004394066416373557
arith_03_integer_mix,reassociate,loop-unroll,0.0,-0.023857029974396673,0.0,0.04638256902747183,-0.00013506653388994756,0.0006230136950312111
arith_03_integer_mix,licm,mem2reg,-0.0175438596491228,-0.023857029974396673,-0.038396051190227515,0.00800600892301397,-0.026346602137125082,-0.026825798790689796
arith_03_integer_mix,licm,sroa,-0.0175438596491228,-0.023857029974396673,-0.038396051190227515,0.008005819674649157,-0.028811252227320068,-0.02202059443078648
arith_03_integer_mix,licm,instcombine,0.3157894736842105,-0.023857029974396673,0.20456951519958141,0.25090621432376964,0.19899503174042757,0.21487736425474258
arith_03_integer_mix,licm,simplifycfg,0.0,-0.023857029974396673,0.010879011852055864,0.05728053577630744,0.009054544569685718,0.005832032117854877
arith_03_integer_mix,licm,early-cse,0.1140350877192982,-0.023857029974396673,0.060683605021727705,0.10706407881207841,0.06304521647894276,0.061680830143055386
arith_03_integer_mix,licm,gvn,0.0964912280701754,-0.023857029974396673,0.03643719970535614,0.08282058520578746,0.043925447522235574,0.034523609943283795
arith_03_integer_mix,licm,dce,0.0,-0.023857029974396673,0.0,0.04640340123596777,-1.390047261606894e-05,0.0010123917377543867
arith_03_integer_mix,licm,adce,0.0,-0.023857029974396673,0.0,0.04640340123596777,1.2240714691762143e-05,0.0010123917377543867
arith_03_integer_mix,licm,reassociate,0.0,-0.023857029974396673,0.0,0.04640348417598654,-9.844309318919904e-05,0.0013311854771156815
arith_03_integer_mix,licm,loop-rotate,-0.043859649122807,-0.023857029974396673,0.003325937182792295,0.04973352724220777,-0.017520214591278005,-0.006607147558752185
arith_03_integer_mix,licm,loop-unroll,0.0,-0.023857029974396673,-0.08904360618538727,-0.042629688866819615,-0.06532834099902356,-0.045238846729179875
arith_03_integer_mix,loop-rotate,mem2reg,0.0,-0.023857029974396673,0.009992500868604062,0.05638011217109799,0.013457322887068846,0.004249702400795561
arith_03_integer_mix,loop-rotate,sroa,0.0,-0.023857029974396673,0.009992500868604062,0.05637992292273321,0.013620026149552388,0.003831138756947076
arith_03_integer_mix,loop-rotate,instcombine,0.0614035087719298,-0.023857029974396673,0.057365146023500735,0.10375131192498571,0.06054696827125328,0.0511995266290397
arith_03_integer_mix,loop-rotate,simplifycfg,0.0701754385964912,-0.023857029974396673,0.05673135838374447,0.10311926227503221,0.055811687370097667,0.04766721353240353
arith_03_integer_mix,loop-rotate,early-cse,0.0263157894736842,-0.023857029974396673,0.05872265445838072,0.10510513257978249,0.056264358572285275,0.04870889826963333
arith_03_integer_mix,loop-rotate,gvn,0.0,-0.023857029974396673,0.009940269899016143,0.05633367756433201,0.013761724813551547,0.006322852122750299
arith_03_integer_mix,loop-rotate,dce,0.0,-0.023857029974396673,0.0,0.04640476477026824,0.0005654240510115575,0.007912983273093295
arith_03_integer_mix,loop-rotate,adce,0.0,-0.023857029974396673,0.0,0.04640476477026827,0.0006095661014695052,0.007852247289154223
arith_03_integer_mix,loop-rotate,reassociate,0.0,-0.023857029974396673,0.0,0.04640484771028698,0.00026077605113438974,0.007791385805598203
arith_03_integer_mix,loop-rotate,licm,0.0175438596491228,-0.023857029974396673,0.011726966422900142,0.05812560219563993,0.025967101541458735,0.0108517221315656
arith_03_integer_mix,loop-rotate,loop-unroll,0.0,-0.023857029974396673,0.0007233477605986784,0.04710929469068349,0.0009449343671746165,0.009028977631685196
arith_03_integer_mix,loop-unroll,mem2reg,0.0,-0.023857029974396673,0.0,0.04638646014308313,-8.731766654482074e-06,-0.005589627993015654
arith_03_integer_mix,loop-unroll,sroa,0.0,-0.023857029974396673,0.0,0.04638627089471832,2.1709633649931928e-05,-0.006008191636864145
arith_03_integer_mix,loop-unroll,instcombine,0.0,-0.023857029974396673,0.0,0.04640049511044887,-8.686660390006249e-05,0.0010123917377543867
arith_03_integer_mix,loop-unroll,simplifycfg,0.0,-0.023857029974396673,0.0007233477605986784,0.047125137377994966,0.0005409337337156281,0.005832032117854877
arith_03_integer_mix,loop-unroll,early-cse,0.0,-0.023857029974396673,0.0,0.04639725093512044,-4.626036780630796e-05,0.0004722720349854012
arith_03_integer_mix,loop-unroll,gvn,0.0,-0.023857029974396673,0.0,0.04639223943793992,-2.785238293752483e-05,-0.0035164782710609137
arith_03_integer_mix,loop-unroll,dce,0.0,-0.023857029974396673,0.0,0.046400348275051365,7.809161033862988e-06,0.0010123917377543867
arith_03_integer_mix,loop-unroll,adce,0.0,-0.023857029974396673,0.0,0.046400348275051365,3.395034834169407e-05,0.0010123917377543867
arith_03_integer_mix,loop-unroll,reassociate,0.0,-0.023857029974396673,0.0,0.04640043121507019,-7.673345953926711e-05,0.0013311854771156815
arith_03_integer_mix,loop-unroll,licm,0.0,-0.023857029974396673,0.0007233477605986784,0.04712116278562094,0.0008144611400660726,0.0010123917377543867
arith_03_integer_mix,loop-unroll,loop-rotate,0.0,-0.023857029974396673,0.0007233477605986784,0.047128735329719576,0.0002066893605663068,0.004394066416373557
arith_04_float_series,mem2reg,sroa,-0.5308641975308642,-0.02301046362439783,-0.4197223223842206,-0.358800870296246,-0.5122731415943533,-0.4936587941410171
arith_04_float_series,mem2reg,instcombine,-0.2098765432098765,-0.02301046362439783,-0.14200658458603418,-0.08116165237117316,-0.14355115890229805,-0.10739177079746619
arith_04_float_series,mem2reg,simplifycfg,0.0,-0.02301046362439783,0.027602132087310553,0.08839304609159021,0.000613521209203873,0.004996173291146743
arith_04_float_series,mem2reg,early-cse,-0.074074074074074,-0.02301046362439783,-0.06580193977716099,-0.004985198759256702,-0.06202664168693867,-0.0510399252186514
arith_04_float_series,mem2reg,gvn,-0.1851851851851851,-0.02301046362439783,-0.1601971123915502,-0.09935453206707007,-0.1963474093845985,-0.18943925696599231
arith_04_float_series,mem2reg,dce,0.0,-0.02301046362439783,0.001811594202898548,0.06260923307982716,0.0013147003459503428,-0.0013877057653279574
arith_04_float_series,mem2reg,adce,0.0,-0.02301046362439783,0.001811594202898548,0.06260923307982719,0.0011615282865282835,-0.0013877057653279574
arith_04_float_series,mem2reg,reassociate,0.0,-0.02301046362439783,0.0064689308094708605,0.0672651307083138,0.00437321170020382,-0.0009091754974547767
arith_04_float_series,mem2reg,licm,0.074074074074074,-0.02301046362439783,0.012115822052339182,0.07290765787492204,0.011935297747679116,0.005215035736573157
arith_04_float_series,mem2reg,loop-rotate,0.0617283950617283,-0.02301046362439783,0.08320049329635894,0.14397663864485388,0.04720436018820856,0.041445653186838086
arith_04_float_series,mem2reg,loop-unroll,-0.691358024691358,-0.02301046362439783,-0.3197096107014453,-0.25882403775242896,-0.32324544524693555,-0.440341597670389
arith_04_float_series,sroa,mem2reg,-0.5308641975308642,-0.02301046362439783,-0.4197223223842206,-0.3588007283517184,-0.5083439501880103,-0.49636811928917157
arith_04_float_series,sroa,instcombine,-0.2098765432098765,-0.02301046362439783,-0.14231714359224537,-0.08147215719717328,-0.14604769086621902,-0.13276928416452424
arith_04_float_series,sroa,simplifycfg,0.0,-0.02301046362439783,0.027602132087310553,0.08839299878775271,0.0007996380624213493,0.005552064130596409
arith_04_float_series,sroa,early-cse,-0.074074074074074,-0.02301046362439783,-0.0673547348082169,-0.006537533673907629,-0.06196691821676915,-0.048396066543838004
arith_04_float_series,sroa,gvn,-0.1851851851851851,-0.02301046362439783,-0.16237102543502846,-0.10152778202604623,-0.19602050585981956,-0.19092205304276974
arith_04_float_series,sroa,dce,0.0,-0.02301046362439783,0.0021221532091097264,0.06291964329815229,0.0018544241235584262,-0.003062652857038344
arith_04_float_series,sroa,adce,0.0,-0.02301046362439783,0.0021221532091097264,0.06291964329815235,0.0021913967667570003,-0.003062652857038344
arith_04_float_series,sroa,reassociate,0.0,-0.02301046362439783,0.0074006078281044,0.06819645597096433,0.006140484461421791,-0.0019829810169274134
arith_04_float_series,sroa,licm,0.074074074074074,-0.02301046362439783,0.012115822052339182,0.07290761057108455,0.012984133535039686,0.0030566142312296613
arith_04_float_series,sroa,loop-rotate,0.0617283950617283,-0.02301046362439783,0.08320049329635894,0.14397659134101637,0.044622613929602026,0.05540650991990796
arith_04_float_series,sroa,loop-unroll,-0.691358024691358,-0.02301046362439783,-0.3197096107014453,-0.25882408505626636,-0.3162754579048722,-0.7111157084696782
arith_04_float_series,instcombine,mem2reg,-0.2098765432098766,-0.02301046362439783,-0.14410203916693715,-0.08325941567646923,-0.150143796627697,-0.13360871142281103
arith_04_float_series,instcombine,sroa,-0.2098765432098766,-0.02301046362439783,-0.14813930624768246,-0.0872955527129489,-0.1692088787239343,-0.12151416287572668
arith_04_float_series,instcombine,simplifycfg,0.0,-0.02301046362439783,0.01093070483268583,0.07173811567760405,5.6932463066927986e-05,0.0034161199466319686
arith_04_float_series,instcombine,early-cse,-0.074074074074074,-0.02301046362439783,-0.049095945313553074,0.011726385516642068,-0.03112027948523707,-0.028497597629460438
arith_04_float_series,instcombine,gvn,-0.0864197530864197,-0.02301046362439783,-0.06998628312984466,-0.009162132802740326,-0.1133242581333348,-0.0937588446226085
arith_04_float_series,instcombine,dce,0.0,-0.02301046362439783,-0.0003988831272437174,0.060410527060829514,3.0864197530864164e-05,-0.0007921125746312472
arith_04_float_series,instcombine,adce,0.0,-0.02301046362439783,-0.0003988831272437174,0.060410527060829555,3.0864197530864164e-05,-0.0007921125746312472
arith_04_float_series,instcombine,reassociate,0.0,-0.02301046362439783,-0.0022320734306653825,0.058578018744853855,-0.000333106652170227,-0.0007921125746312472
arith_04_float_series,instcombine,licm,0.037037037037037,-0.02301046362439783,-0.003064596477636839,0.05774324895578706,0.006020927972418023,-0.0007921125746312472
arith_04_float_series,instcombine,loop-rotate,0.0987654320987654,-0.02301046362439783,0.10466828534922795,0.16544846445629185,0.07193785598322397,0.07949813810115405
arith_04_float_series,instcombine,loop-unroll,0.0,-0.02301046362439783,0.0,0.06079214765284034,3.0864197530864164e-05,-0.0020905385630493726
arith_04_float_series,simplifycfg,mem2reg,0.0,-0.02301046362439783,0.002893391042394726,0.06369267651047492,4.97512437810945e-05,-0.006023723393189998
arith_04_float_series,simplifycfg,sroa,0.0,-0.02301046362439783,0.002893391042394726,0.06369248726211009,6.116207951070333e-05,-0.005966529636153906
arith_04_float_series,simplifycfg,instcombine,0.0,-0.02301046362439783,0.008079611965430942,0.0688912451358718,0.01012686567887874,0.0013520430369283157
arith_04_float_series,simplifycfg,early-cse,0.0,-0.02301046362439783,0.0016641575631243261,0.062474598019948244,0.0003372683130007779,0.00016184432523005878
arith_04_float_series,simplifycfg,gvn,-0.0246913580246913,-0.02301046362439783,-0.022776460887373975,0.03803695922222289,-0.02067003430769964,-0.012808422945866984
arith_04_float_series,simplifycfg,dce,0.0,-0.02301046362439783,0.0,0.060813976785407314,0.0,0.00020549612938774634
arith_04_float_series,simplifycfg,adce,0.0,-0.02301046362439783,0.0,0.06081397678540734,0.0,0.00020549612938774634
arith_04_float_series,simplifycfg,reassociate,0.0,-0.02301046362439783,0.0,0.0608140597254261,0.0,0.00020549612938774634
arith_04_float_series,simplifycfg,licm,0.0,-0.02301046362439783,0.005439081541109614,0.06624884509804661,-1.1412371405267305e-05,0.00020549612938774634
arith_04_float_series,simplifycfg,loop-rotate,0.0,-0.02301046362439783,-0.0004221190375685913,0.06039709831233324,-4.584681769147755e-05,0.003126478948902482
arith_04_float_series,simplifycfg,loop-unroll,0.0,-0.02301046362439783,0.000301228723030087,0.06109797488457748,2.2447588074295583e-05,-0.0010929298590303805
arith_04_float_series,early-cse,mem2reg,-0.0864197530864198,-0.02301046362439783,-0.07710607834255512,-0.016286448591209483,-0.06422458264306656,-0.05379314420522835
arith_04_float_series,early-cse,sroa,-0.0864197530864198,-0.02301046362439783,-0.08083278641708927,-0.020012128105526498,-0.06662065088333784,-0.062201985719269846
arith_04_float_series,early-cse,instcombine,-0.074074074074074,-0.02301046362439783,-0.04059984993947757,0.02022189280489979,-0.046287369583905245,-0.03286150774065622
arith_04_float_series,early-cse,simplifycfg,0.0,-0.02301046362439783,0.003854034259037235,0.06466265671829845,0.0030923028434443954,-0.005189202668186232
arith_04_float_series,early-cse,gvn,-0.0864197530864197,-0.02301046362439783,-0.10188173380661503,-0.04104826161805429,-0.08791515978581797,-0.08226398520500118
arith_04_float_series,early-cse,dce,0.0,-0.02301046362439783,0.004503360884617844,0.06531006823366307,0.0007729493967149241,-0.004674440107331482
arith_04_float_series,early-cse,adce,0.0,-0.02301046362439783,0.004503360884617844,0.06531006823366307,0.0006625836642561685,-0.004099953505357435
arith_04_float_series,early-cse,reassociate,0.0,-0.02301046362439783,0.002636444716268265,0.06344384507365161,0.0006577990431924763,-0.006393956993282031
arith_04_float_series,early-cse,licm,-0.0617283950617283,-0.02301046362439783,-0.05088153875065919,0.009940831347530668,-0.038286496557364415,-0.034134469556501686
arith_04_float_series,early-cse,loop-rotate,-0.0123456790123456,-0.02301046362439783,-0.025460939001980935,0.03536066266512611,-0.02247021979200251,-0.021749755175418783
arith_04_float_series,early-cse,loop-unroll,0.0,-0.02301046362439783,-0.0017864485566434303,0.05900518197900416,3.438130596480366e-05,-0.011943352317589426
arith_04_float_series,gvn,mem2reg,-0.1851851851851852,-0.02301046362439783,-0.16621990075803708,-0.10537784451425447,-0.20201750030094764,-0.1845719182529124
arith_04_float_series,gvn,sroa,-0.1851851851851852,-0.02301046362439783,-0.1705677268449936,-0.1097244390728968,-0.1969473644047768,-0.18392170314463485
arith_04_float_series,gvn,instcombine,0.1358024691358024,-0.02301046362439783,0.099397381997985,0.16016668263692757,0.12703227767907727,0.13096179826910861
arith_04_float_series,gvn,simplifycfg,-0.0246913580246913,-0.02301046362439783,-0.019232985634547915,0.04157648716867193,-0.01970818748435662,-0.01286849877085475
arith_04_float_series,gvn,early-cse,-0.0864197530864197,-0.02301046362439783,-0.1023025040962818,-0.041470581390703656,-0.08054318925310631,-0.07756610633881414
arith_04_float_series,gvn,dce,0.0,-0.02301046362439783,0.002694965072336522,0.06349556936558358,3.316749585406289e-05,-0.006108621187935085
arith_04_float_series,gvn,adce,0.0,-0.02301046362439783,0.002694965072336522,0.0634955693655836,0.00019959028387474362,-0.006546898618944104
arith_04_float_series,gvn,reassociate,0.0,-0.02301046362439783,0.0018847926717281563,0.06268574465202607,-0.0004909161281080738,-0.0066347882898622045
arith_04_float_series,gvn,licm,-0.1234567901234567,-0.02301046362439783,-0.14145675301009233,-0.08061147886783189,-0.168408717800364,-0.15664677979180286
arith_04_float_series,gvn,loop-rotate,0.0617283950617283,-0.02301046362439783,0.07994161591986723,0.14072208028291305,0.04328990749544102,0.05899728144521533
arith_04_float_series,gvn,loop-unroll,-0.8765432098765432,-0.02301046362439783,-0.36809670751725815,-0.30719206861568954,-0.434445466548054,-0.4471395588966195
arith_04_float_series,dce,mem2reg,0.0,-0.02301046362439783,0.0,0.060800155630929734,0.0,-0.006520764712402733
arith_04_float_series,dce,sroa,0.0,-0.02301046362439783,0.0,0.06079996638256491,0.0,-0.006960787716807811
arith_04_float_series,dce,instcombine,0.0,-0.02301046362439783,-0.0003988831272437174,0.06041544529873111,0.0,0.00020549612938774634
arith_04_float_series,dce,simplifycfg,0.0,-0.02301046362439783,0.0,0.060815604374025,0.0,0.004413728650650955
arith_04_float_series,dce,early-cse,0.0,-0.02301046362439783,-0.0003988831272437174,0.06041215615167418,0.0,0.00016184432523005878
arith_04_float_series,dce,gvn,0.0,-0.02301046362439783,0.0,0.060805901913242186,0.0,-0.004174953080325721
arith_04_float_series,dce,adce,0.0,-0.02301046362439783,-0.0003988831272437174,0.060415148669118776,0.0,0.00020549612938774634
arith_04_float_series,dce,reassociate,0.0,-0.02301046362439783,-0.0003988831272437174,0.060415231609137504,0.0,0.00020549612938774634
arith_04_float_series,dce,licm,0.0,-0.02301046362439783,0.0,0.06081146559705575,1.016260162601625e-05,0.00020549612938774634
arith_04_float_series,dce,loop-rotate,0.0,-0.02301046362439783,0.0,0.06081900407488926,0.0,0.003126478948902482
arith_04_float_series,dce,loop-unroll,0.0,-0.02301046362439783,0.0,0.06079676926112951,0.0,-0.0010929298590303805
arith_04_float_series,adce,mem2reg,0.0,-0.02301046362439783,0.0,0.060800155630929734,0.0,-0.006520764712402733
arith_04_float_series,adce,sroa,0.0,-0.02301046362439783,0.0,0.060799966382564935,0.0,-0.006960787716807811
arith_04_float_series,adce,instcombine,0.0,-0.02301046362439783,-0.0003988831272437174,0.060415445298731094,0.0,0.00020549612938774634
arith_04_float_series,adce,simplifycfg,0.0,-0.02301046362439783,0.0,0.060815604374025,0.0,0.004413728650650955
arith_04_float_series,adce,early-cse,0.0,-0.02301046362439783,-0.0003988831272437174,0.060412156151674196,0.0,0.00016184432523005878
arith_04_float_series,adce,gvn,0.0,-0.02301046362439783,0.0,0.060805901913242186,0.0,-0.004174953080325721
arith_04_float_series,adce,dce,0.0,-0.02301046362439783,-0.0003988831272437174,0.06041514866911876,0.0,0.00020549612938774634
arith_04_float_series,adce,reassociate,0.0,-0.02301046362439783,-0.0003988831272437174,0.06041523160913753,0.0,0.00020549612938774634
arith_04_float_series,adce,licm,0.0,-0.02301046362439783,0.0,0.06081146559705576,1.016260162601625e-05,0.00020549612938774634
arith_04_float_series,adce,loop-rotate,0.0,-0.02301046362439783,0.0,0.0608190040748892,0.0,0.003126478948902482
arith_04_float_series,adce,loop-unroll,0.0,-0.02301046362439783,0.0,0.06079676926112951,0.0,-0.0010929298590303805
arith_04_float_series,reassociate,mem2reg,0.0,-0.02301046362439783,0.0,0.06080013800098964,0.0,-0.006520764712402733
arith_04_float_series,reassociate,sroa,0.0,-0.02301046362439783,0.0,0.06079994875262486,0.0,-0.006960787716807811
arith_04_float_series,reassociate,instcombine,0.0,-0.02301046362439783,-0.0006975465764454348,0.06011686181642392,0.00017515688445921126,0.00020549612938774634
arith_04_float_series,reassociate,simplifycfg,0.0,-0.02301046362439783,0.0,0.06081558674408491,0.0,0.004413728650650955
arith_04_float_series,reassociate,early-cse,0.0,-0.02301046362439783,-0.001203107749347361,0.059608176703055626,-0.0004258734501552557,0.00016184432523005878
arith_04_float_series,reassociate,gvn,0.0,-0.02301046362439783,-0.0002927156706969913,0.060513264265832756,-0.0006744294617071619,-0.00344772447839527
arith_04_float_series,reassociate,dce,0.0,-0.02301046362439783,-0.0003988831272437174,0.06041513103917864,0.0,0.00020549612938774634
arith_04_float_series,reassociate,adce,0.0,-0.02301046362439783,-0.0003988831272437174,0.06041513103917867,0.0,0.00020549612938774634
arith_04_float_series,reassociate,licm,0.0,-0.02301046362439783,0.0,0.06081144796711567,1.016260162601625e-05,0.00020549612938774634
arith_04_float_series,reassociate,loop-rotate,0.0,-0.02301046362439783,0.0,0.060818986444949166,0.0,0.003126478948902482
arith_04_float_series,reassociate,loop-unroll,0.0,-0.02301046362439783,0.0,0.06079675163118947,0.0,-0.0010929298590303805
arith_04_float_series,licm,mem2reg,-0.0123456790123457,-0.02301046362439783,-0.038622059044000435,0.022192954247842914,-0.019073735107113698,-0.02171689852400641
arith_04_float_series,licm,sroa,-0.0123456790123457,-0.02301046362439783,-0.038622059044000435,0.0221927649994781,-0.020832313355586225,-0.019349552907090777
arith_04_float_series,licm,instcombine,0.3209876543209877,-0.02301046362439783,0.20434350734580853,0.26509316712979286,0.23663467060135773,0.2781577971422229
arith_04_float_series,licm,simplifycfg,0.0,-0.02301046362439783,0.010879011852055864,0.07169329799455834,0.001427019984783292,0.004413728650650955
arith_04_float_series,licm,early-cse,0.0987654320987654,-0.02301046362439783,0.06134750309218565,0.12214060176835993,0.07998907541873489,0.06499661148898178
arith_04_float_series,licm,gvn,0.0864197530864197,-0.02301046362439783,0.03687508992204117,0.09767117864082353,0.04263594663017345,0.026774011395911713
arith_04_float_series,licm,dce,0.0,-0.02301046362439783,0.0,0.06081613824701146,0.0,0.00020549612938774634
arith_04_float_series,licm,adce,0.0,-0.02301046362439783,0.0,0.0608161382470115,0.0,0.00020549612938774634
arith_04_float_series,licm,reassociate,0.0,-0.02301046362439783,0.0,0.06081622118703024,0.0,0.00020549612938774634
arith_04_float_series,licm,loop-rotate,-0.0493827160493827,-0.02301046362439783,0.003566070527426021,0.06438614608378512,-0.020330299136329374,-0.0024476538064441087
arith_04_float_series,licm,loop-unroll,0.0,-0.02301046362439783,-0.08904360618538727,-0.028215502578936017,-0.04721400527252139,-0.02489958820868207
arith_04_float_series,loop-rotate,mem2reg,-0.0123456790123457,-0.02301046362439783,0.010529269521314744,0.07132957462755891,0.007725268845583102,0.0033163326160220415
arith_04_float_series,loop-rotate,sroa,-0.0123456790123457,-0.02301046362439783,0.010529269521314744,0.0713293853791941,0.007950087161385032,0.0035033368215790627
arith_04_float_series,loop-rotate,instcombine,0.0493827160493827,-0.02301046362439783,0.057887789185350605,0.11868666098768897,0.058142197175822495,0.050937320650915136
arith_04_float_series,loop-rotate,simplifycfg,0.0493827160493827,-0.02301046362439783,0.05763538979883613,0.11843575037443625,0.05676613668207337,0.05519520409969415
arith_04_float_series,loop-rotate,early-cse,0.0617283950617283,-0.02301046362439783,0.05718297595455272,0.11797878892774043,0.042227219848975345,0.0347725603377505
arith_04_float_series,loop-rotate,gvn,-0.0123456790123456,-0.02301046362439783,0.010477038551726821,0.07128310700824843,0.006995300291791276,0.005298931485133932
arith_04_float_series,loop-rotate,dce,0.0,-0.02301046362439783,0.0,0.060817491665526455,0.00011335886335886322,0.007349074168493434
arith_04_float_series,loop-rotate,adce,0.0,-0.02301046362439783,0.0,0.06081749166552648,0.0003207280272707599,0.006903992537661246
arith_04_float_series,loop-rotate,reassociate,0.0,-0.02301046362439783,0.0,0.0608175746055452,0.00014393990311421491,0.0070114979644054064
arith_04_float_series,loop-rotate,licm,0.0493827160493827,-0.02301046362439783,0.010342668318541016,0.07115434436819766,0.010285949071477438,0.008280512460658349
arith_04_float_series,loop-rotate,loop-unroll,0.0,-0.02301046362439783,0.0007233477605986784,0.061523470862781884,0.00020045196697005224,0.006102588959174646
arith_04_float_series,loop-unroll,mem2reg,0.0,-0.02301046362439783,0.0,0.0607994042625878,0.0,-0.006520764712402733
arith_04_float_series,loop-unroll,sroa,0.0,-0.02301046362439783,0.0,0.060799215014222974,0.0,-0.006960787716807811
arith_04_float_series,loop-unroll,instcombine,0.0,-0.02301046362439783,0.0,0.060813446711148536,0.0,0.00020549612938774634
arith_04_float_series,loop-unroll,simplifycfg,0.0,-0.02301046362439783,0.0007233477605986784,0.06153796439168696,3.187426780470717e-05,0.004413728650650955
arith_04_float_series,loop-unroll,early-cse,0.0,-0.02301046362439783,0.0,0.060810157564091555,0.0,0.00016184432523005878
arith_04_float_series,loop-unroll,gvn,0.0,-0.02301046362439783,0.0,0.06080515054490024,0.0,-0.004174953080325721
arith_04_float_series,loop-unroll,dce,0.0,-0.02301046362439783,0.0,0.06081315008153618,0.0,0.00020549612938774634
arith_04_float_series,loop-unroll,adce,0.0,-0.02301046362439783,0.0,0.060813150081536205,0.0,0.00020549612938774634
arith_04_float_series,loop-unroll,reassociate,0.0,-0.02301046362439783,0.0,0.060813233021554905,0.0,0.00020549612938774634
arith_04_float_series,loop-unroll,licm,0.0,-0.02301046362439783,0.0007233477605986784,0.06153382561471782,8.885933204121834e-05,0.00020549612938774634
arith_04_float_series,loop-unroll,loop-rotate,0.0,-0.02301046362439783,0.0007233477605986784,0.061541364092551246,3.506930180899755e-05,0.003126478948902482
arith_05_reassoc,mem2reg,sroa,-0.5647058823529412,-0.023450929665886886,-0.4182509447832607,-0.43181231742910764,-0.5494293114135111,-0.5846090025612711
arith_05_reassoc,mem2reg,instcombine,-0.2117647058823529,-0.023450929665886886,-0.1419244905567961,-0.15556179409707313,-0.3019407296359892,-0.3750448306533589
arith_05_reassoc,mem2reg,simplifycfg,0.0,-0.023450929665886886,0.027602132087310553,0.013910624146081865,0.007662823982864192,0.005917350542543997
arith_05_reassoc,mem2reg,early-cse,-0.0705882352941176,-0.023450929665886886,-0.06595349798498518,-0.07961909541818483,-0.0902166011093948,-0.08469818358927308
arith_05_reassoc,mem2reg,gvn,-0.2823529411764706,-0.023450929665886886,-0.15597242734845082,-0.16961346823657622,-0.23629624589520734,-0.2645461757626376
arith_05_reassoc,mem2reg,dce,0.0,-0.023450929665886886,0.001811594202898548,-0.011873284224516181,0.005080547612144251,-0.006826955875830033
arith_05_reassoc,mem2reg,adce,0.0,-0.023450929665886886,0.001811594202898548,-0.011873284224516181,0.005184984725060044,-0.006826955875830033
arith_05_reassoc,mem2reg,reassociate,0.0588235294117647,-0.023450929665886886,0.0039113860524376135,-0.009774161545566498,0.020124584559786236,-0.006826955875830033
arith_05_reassoc,mem2reg,licm,-0.0235294117647058,-0.023450929665886886,0.016359451871416564,0.00266765226425901,0.0010703696243043424,0.010483380701109487
arith_05_reassoc,mem2reg,loop-rotate,0.0352941176470588,-0.023450929665886886,0.08434980970569239,0.07064321494671007,0.04134711228873795,0.03700688763190969
arith_05_reassoc,mem2reg,loop-unroll,-0.0117647058823529,-0.023450929665886886,-0.34925714630183685,-0.3628458444356696,-0.07930257536493547,-0.07238750200277869
arith_05_reassoc,sroa,mem2reg,-0.5647058823529412,-0.023450929665886886,-0.4182509447832607,-0.43181217548457984,-0.535269514258118,-0.5894471389466456
arith_05_reassoc,sroa,instcombine,-0.2117647058823529,-0.023450929665886886,-0.14223504956300728,-0.15587229892307328,-0.3012642782470454,-0.3640484683093657
arith_05_reassoc,sroa,simplifycfg,0.0,-0.023450929665886886,0.027602132087310553,0.013910576842244421,0.008298024334408833,0.00572684302632833
arith_05_reassoc,sroa,early-cse,-0.0705882352941176,-0.023450929665886886,-0.06750629301604108,-0.08117143033283573,-0.09194959321271666,-0.08152829858466584
arith_05_reassoc,sroa,gvn,-0.2823529411764706,-0.023450929665886886,-0.1581463403919291,-0.17178671819555238,-0.23107628159446264,-0.25845637120824916
arith_05_reassoc,sroa,dce,0.0,-0.023450929665886886,0.0021221532091097264,-0.011562874006191007,0.004345764243851385,-0.008818531077278816
arith_05_reassoc,sroa,adce,0.0,-0.023450929665886886,0.0021221532091097264,-0.011562874006190951,0.004417726530057858,-0.008818531077278816
arith_05_reassoc,sroa,reassociate,0.0588235294117647,-0.023450929665886886,0.004843063071071152,-0.008842836282915947,0.0195309980846108,-0.004253945536816311
arith_05_reassoc,sroa,licm,-0.0235294117647058,-0.023450929665886886,0.016359451871416564,0.0026676049604214963,-0.0001563732629271733,-0.004546931913532921
arith_05_reassoc,sroa,loop-rotate,0.0352941176470588,-0.023450929665886886,0.08434980970569239,0.07064316764287261,0.03687574082441317,0.028370538027653817
arith_05_reassoc,sroa,loop-unroll,-0.0117647058823529,-0.023450929665886886,-0.34925714630183685,-0.3628458917395069,-0.08910738940527921,-0.2989245083719754
arith_05_reassoc,instcombine,mem2reg,-0.2235294117647058,-0.023450929665886886,-0.1435084361862924,-0.15714786682336865,-0.3007434034638929,-0.36451249818963566
arith_05_reassoc,instcombine,sroa,-0.2235294117647058,-0.023450929665886886,-0.14754570326703773,-0.1611840038598484,-0.3004067208750924,-0.36692898534670315
arith_05_reassoc,instcombine,simplifycfg,0.0,-0.023450929665886886,0.01093070483268583,-0.0027438224996204214,0.0015124581953080397,0.0008259193357004445
arith_05_reassoc,instcombine,early-cse,-0.0705882352941176,-0.023450929665886886,-0.04924750352137726,-0.06290702737400224,-0.1031804209293583,-0.08681604468883386
arith_05_reassoc,instcombine,gvn,-0.1647058823529411,-0.023450929665886886,-0.06658253837912634,-0.0802412572305946,-0.16686935046519796,-0.18849428990027048
arith_05_reassoc,instcombine,dce,0.0,-0.023450929665886886,-0.0003988831272437174,-0.014071506475229936,-0.001169348857528926,-0.00337402741637469
arith_05_reassoc,instcombine,adce,0.0,-0.023450929665886886,-0.0003988831272437174,-0.014071506475229936,-0.0011782725607133505,-0.00337402741637469
arith_05_reassoc,instcombine,reassociate,-0.0117647058823529,-0.023450929665886886,-0.0017205644792587346,-0.015392738933487818,-0.0071592447423636865,-0.00337402741637469
arith_05_reassoc,instcombine,licm,-0.0235294117647058,-0.023450929665886886,-0.0004312726166915,-0.014106052631139357,-0.0068133873365986445,-0.00337402741637469
arith_05_reassoc,instcombine,loop-rotate,0.0470588235294117,-0.023450929665886886,0.10691639876528682,0.09321396246977001,0.05933496948258514,0.05327867492347571
arith_05_reassoc,instcombine,loop-unroll,0.0,-0.023450929665886886,0.0,-0.013691295165110376,-0.0011951886508105797,-0.005570165064281677
arith_05_reassoc,simplifycfg,mem2reg,0.0,-0.023450929665886886,0.002893391042394726,-0.010789354200575266,0.00024996594440499284,-0.009458476692687871
arith_05_reassoc,simplifycfg,sroa,0.0,-0.023450929665886886,0.002893391042394726,-0.010789543448940134,0.00018188129121832688,-0.00895983015458441
arith_05_reassoc,simplifycfg,instcombine,0.0,-0.023450929665886886,0.008079611965430942,-0.0055906505846860105,0.009754247747697904,-0.0023551119569058636
arith_05_reassoc,simplifycfg,early-cse,0.0,-0.023450929665886886,0.0016641575631243261,-0.012007476749134785,-0.0009077989380481847,-0.0043796330291689355
arith_05_reassoc,simplifycfg,gvn,-0.0117647058823529,-0.023450929665886886,-0.023338489241388684,-0.03700681294071638,-0.015570215703403004,-0.0171015650164826
arith_05_reassoc,simplifycfg,dce,0.0,-0.023450929665886886,0.0,-0.013668227310930661,7.751937984496133e-06,-0.0023551119569058636
arith_05_reassoc,simplifycfg,adce,0.0,-0.023450929665886886,0.0,-0.013668227310930661,-2.441741933954424e-06,-0.0023551119569058636
arith_05_reassoc,simplifycfg,reassociate,0.0,-0.023450929665886886,0.0,-0.013668210314403198,-0.0023843131558087733,-0.0023551119569058636
arith_05_reassoc,simplifycfg,licm,0.0,-0.023450929665886886,0.005439081541109614,-0.008233090396123813,0.0002031509121061358,-0.0023551119569058636
arith_05_reassoc,simplifycfg,loop-rotate,0.0,-0.023450929665886886,-0.0004221190375685913,-0.014084953015089788,-0.00016845043264889712,0.00201362774326371
arith_05_reassoc,simplifycfg,loop-unroll,0.0,-0.023450929665886886,0.000301228723030087,-0.013385638493651666,-1.374178254508673e-07,-0.004551249604812849
arith_05_reassoc,early-cse,mem2reg,-0.0823529411764705,-0.023450929665886886,-0.07728289625168334,-0.09094540787667281,-0.11378328309914555,-0.10579171922017429
arith_05_reassoc,early-cse,sroa,-0.0823529411764705,-0.023450929665886886,-0.08100960432621751,-0.09467108739098988,-0.11705067210172482,-0.11014959418297315
arith_05_reassoc,early-cse,instcombine,-0.0588235294117647,-0.023450929665886886,-0.04126291709870841,-0.05492302184430699,-0.09024086295389727,-0.07333923536175893
arith_05_reassoc,early-cse,simplifycfg,0.0,-0.023450929665886886,0.003854034259037235,-0.009819620464804626,0.013082893326175325,-0.006845500868839095
arith_05_reassoc,early-cse,gvn,-0.0941176470588235,-0.023450929665886886,-0.10154704276433658,-0.11519577585904196,-0.15956615737300428,-0.1796420575581811
arith_05_reassoc,early-cse,dce,0.0823529411764705,-0.023450929665886886,0.0009227982247713,-0.012751696916738844,0.010215617975783565,-0.004426778278463267
arith_05_reassoc,early-cse,adce,0.0823529411764705,-0.023450929665886886,0.0009227982247713,-0.0127516969167389,0.009603262935232554,-0.0049795771750727694
arith_05_reassoc,early-cse,reassociate,0.0588235294117647,-0.023450929665886886,7.889995923501738e-05,-0.013595302417823432,0.007425209008322358,-0.011315879620675151
arith_05_reassoc,early-cse,licm,-0.0352941176470588,-0.023450929665886886,-0.052030855159992645,-0.06569021342952448,-0.026117195777881432,-0.027528844301855898
arith_05_reassoc,early-cse,loop-rotate,-0.0117647058823529,-0.023450929665886886,-0.025486198703284967,-0.03914680855487036,-0.01398732136023491,-0.01958381652023402
arith_05_reassoc,early-cse,loop-unroll,0.0,-0.023450929665886886,-0.0017864485566434303,-0.01547859984482515,0.00614276411783501,-0.01517989723018071
arith_05_reassoc,gvn,mem2reg,-0.2823529411764706,-0.023450929665886886,-0.16199521571493772,-0.17563706791800707,-0.23441114422958104,-0.26486864369644825
arith_05_reassoc,gvn,sroa,-0.2823529411764706,-0.023450929665886886,-0.16634304180189424,-0.17998366247664957,-0.23726523367987962,-0.25768817857118553
arith_05_reassoc,gvn,instcombine,0.0470588235294117,-0.023450929665886886,0.10325580137217591,0.08954144824255453,-0.016119821606750368,-0.058350221572437605
arith_05_reassoc,gvn,simplifycfg,-0.0117647058823529,-0.023450929665886886,-0.019795013988562628,-0.03346796346297186,-0.017417263096665008,-0.016739671095877578
arith_05_reassoc,gvn,early-cse,-0.0705882352941176,-0.023450929665886886,-0.10299083095681669,-0.11664125528879406,-0.15531334873453204,-0.17855666868224573
arith_05_reassoc,gvn,dce,0.0470588235294117,-0.023450929665886886,0.0006489292667099261,-0.013032499134576117,-0.0014311663360177943,-0.01136578621826859
arith_05_reassoc,gvn,adce,0.0470588235294117,-0.023450929665886886,0.0006489292667099261,-0.013032499134576062,-0.001411022407343125,-0.011063569799093096
arith_05_reassoc,gvn,reassociate,0.0588235294117647,-0.023450929665886886,-0.0006727520853050912,-0.014353731592833999,-0.006736837757932849,-0.014352139199885365
arith_05_reassoc,gvn,licm,-0.0941176470588235,-0.023450929665886886,-0.14273236792594596,-0.15636910963313863,-0.07437713633519757,-0.08361974887634929
arith_05_reassoc,gvn,loop-rotate,0.0352941176470588,-0.023450929665886886,0.08109093232920069,0.06738847259378934,0.0401332703391762,0.039198318527551734
arith_05_reassoc,gvn,loop-unroll,-0.0117647058823529,-0.023450929665886886,-0.40569577290830994,-0.41926295801264624,-0.09899861828108718,-0.07508035590872214
arith_05_reassoc,dce,mem2reg,0.0,-0.023450929665886886,0.0,-0.013681870907866614,-9.409550693954358e-06,-0.009910295121108345
arith_05_reassoc,dce,sroa,0.0,-0.023450929665886886,0.0,-0.013682060156231426,-9.409550693954358e-06,-0.009765027054698349
arith_05_reassoc,dce,instcombine,0.0,-0.023450929665886886,-0.0003988831272437174,-0.014066446249572886,-0.0013358706165938893,-0.0023551119569058636
arith_05_reassoc,dce,simplifycfg,0.0,-0.023450929665886886,0.0,-0.013666500191224076,1.6965495448533888e-05,0.0018448347951692703
arith_05_reassoc,dce,early-cse,0.0,-0.023450929665886886,-0.0003988831272437174,-0.014069914445154999,-0.001534760533187029,-0.0043796330291689355
arith_05_reassoc,dce,gvn,0.0,-0.023450929665886886,0.0,-0.013676021382287476,-0.0017936472767921426,-0.009311643979683433
arith_05_reassoc,dce,adce,0.0,-0.023450929665886886,-0.0003988831272437174,-0.014067051254965393,-1.9603230612404913e-05,-0.0023551119569058636
arith_05_reassoc,dce,reassociate,0.0,-0.023450929665886886,-0.0003988831272437174,-0.01406703425843793,-0.0030643268654789763,-0.0023551119569058636
arith_05_reassoc,dce,licm,0.0,-0.023450929665886886,0.0,-0.013670465724860761,-2.767439087660276e-05,-0.0023551119569058636
arith_05_reassoc,dce,loop-rotate,0.0,-0.023450929665886886,0.0,-0.013663043080279949,-0.00013994982087072661,0.00201362774326371
arith_05_reassoc,dce,loop-unroll,0.0,-0.023450929665886886,0.0,-0.013686839944845777,-9.409550693954358e-06,-0.004551249604812849
arith_05_reassoc,adce,mem2reg,0.0,-0.023450929665886886,0.0,-0.013681870907866558,0.0,-0.009910295121108345
arith_05_reassoc,adce,sroa,0.0,-0.023450929665886886,0.0,-0.013682060156231426,0.0,-0.009765027054698349
arith_05_reassoc,adce,instcombine,0.0,-0.023450929665886886,-0.0003988831272437174,-0.014066446249572942,-0.001326461065899935,-0.0023551119569058636
arith_05_reassoc,adce,simplifycfg,0.0,-0.023450929665886886,0.0,-0.013666500191224076,2.637504614248824e-05,0.0018448347951692703
arith_05_reassoc,adce,early-cse,0.0,-0.023450929665886886,-0.0003988831272437174,-0.014069914445154999,-0.001534760533187029,-0.0043796330291689355
arith_05_reassoc,adce,gvn,0.0,-0.023450929665886886,0.0,-0.013676021382287476,-0.001881147064326418,-0.009311643979683433
arith_05_reassoc,adce,dce,0.0,-0.023450929665886886,-0.0003988831272437174,-0.014067051254965393,-1.0193679918450555e-05,-0.0023551119569058636
arith_05_reassoc,adce,reassociate,0.0,-0.023450929665886886,-0.0003988831272437174,-0.01406703425843793,-0.0030549173147850217,-0.0023551119569058636
arith_05_reassoc,adce,licm,0.0,-0.023450929665886886,0.0,-0.01367046572486065,-1.8264840182648402e-05,-0.0023551119569058636
arith_05_reassoc,adce,loop-rotate,0.0,-0.023450929665886886,0.0,-0.013663043080279894,-0.00017620237063339326,0.00201362774326371
arith_05_reassoc,adce,loop-unroll,0.0,-0.023450929665886886,0.0,-0.013686839944845722,0.0,-0.004551249604812849
arith_05_reassoc,reassociate,mem2reg,0.0,-0.023450929665886886,0.0,-0.013681946939653203,-0.003701707509136085,-0.009910295121108345
arith_05_reassoc,reassociate,sroa,0.0,-0.023450929665886886,0.0,-0.01368213618801807,-0.003701707509136085,-0.009765027054698349
arith_05_reassoc,reassociate,instcombine,0.0235294117647059,-0.023450929665886886,-0.0017205644792587346,-0.015387771736144931,-0.007913089281596364,-0.0023551119569058636
arith_05_reassoc,reassociate,simplifycfg,0.0,-0.023450929665886886,0.0,-0.01366657622301072,-0.003478940246252544,0.0018448347951692703
arith_05_reassoc,reassociate,early-cse,0.0235294117647058,-0.023450929665886886,-0.002226125652160657,-0.015896635898038317,-0.010463104535625383,-0.0043796330291689355
arith_05_reassoc,reassociate,gvn,0.0352941176470588,-0.023450929665886886,-0.001827242524916939,-0.015502742835170794,-0.009943080971119556,-0.009311643979683433
arith_05_reassoc,reassociate,dce,0.0,-0.023450929665886886,-0.0003988831272437174,-0.014067127286751982,-0.003707532469089486,-0.0023551119569058636
arith_05_reassoc,reassociate,adce,0.0,-0.023450929665886886,-0.0003988831272437174,-0.014067127286752037,-0.003707532469089486,-0.0023551119569058636
arith_05_reassoc,reassociate,licm,0.0,-0.023450929665886886,0.0,-0.01367054175664735,-0.003555477769883091,-0.0023551119569058636
arith_05_reassoc,reassociate,loop-rotate,0.0,-0.023450929665886886,0.0,-0.013663119112066593,-0.0015429473680814523,0.00201362774326371
arith_05_reassoc,reassociate,loop-unroll,0.0,-0.023450929665886886,0.0,-0.013686915976632366,-0.003701707509136085,-0.004551249604812849
arith_05_reassoc,licm,mem2reg,-0.0352941176470588,-0.023450929665886886,-0.03762430084249117,-0.05129133736317264,-0.028243139373391055,-0.035764696205252716
arith_05_reassoc,licm,sroa,-0.0352941176470588,-0.023450929665886886,-0.03762430084249117,-0.05129152661153745,-0.027095733299923524,-0.036416379751814595
arith_05_reassoc,licm,instcombine,0.0823529411764705,-0.023450929665886886,0.2147189296564397,0.20098361019810343,0.13359784830253582,0.09253478134339377
arith_05_reassoc,licm,simplifycfg,0.0,-0.023450929665886886,0.010879011852055864,-0.002788503798355005,0.004841453044289627,0.0018448347951692703
arith_05_reassoc,licm,early-cse,0.0117647058823529,-0.023450929665886886,0.06513014336246446,0.05144023812811664,0.04201393370280481,0.0363890540385941
arith_05_reassoc,licm,gvn,-0.0117647058823529,-0.023450929665886886,0.04114397944242259,0.027457052656115602,0.013138545323521902,0.005669359641747757
arith_05_reassoc,licm,dce,0.0,-0.023450929665886886,0.0,-0.013665758904736827,-0.0001317427075262293,-0.0023551119569058636
arith_05_reassoc,licm,adce,0.0,-0.023450929665886886,0.0,-0.013665758904736827,-0.00013174270752622932,-0.0023551119569058636
arith_05_reassoc,licm,reassociate,0.0,-0.023450929665886886,0.0,-0.01366574190820942,-0.003147396574950941,-0.0023551119569058636
arith_05_reassoc,licm,loop-rotate,-0.0117647058823529,-0.023450929665886886,0.0019305048679899434,-0.011730629490568759,-0.012531373174406814,-0.010913676529093431
arith_05_reassoc,licm,loop-unroll,0.0,-0.023450929665886886,-0.08904360618538727,-0.10269880901257548,-0.03663059194131946,-0.01011152628052345
arith_05_reassoc,loop-rotate,mem2reg,0.0,-0.023450929665886886,0.009992500868604062,-0.0036889692966597526,-0.0023550368654570537,-0.001838868592741912
arith_05_reassoc,loop-rotate,sroa,0.0,-0.023450929665886886,0.009992500868604062,-0.0036891585450246206,-0.0025583228730253955,-0.0013004205939256223
arith_05_reassoc,loop-rotate,instcombine,0.0235294117647059,-0.023450929665886886,0.05901184589338003,0.04532853469245625,0.02578599154916679,0.0215027339327061
arith_05_reassoc,loop-rotate,simplifycfg,0.0235294117647058,-0.023450929665886886,0.05875944650686556,0.0450774110622585,0.025965170199048263,0.02958394880880423
arith_05_reassoc,loop-rotate,early-cse,0.0235294117647058,-0.023450929665886886,0.058843801315292835,0.045157076832165036,0.030993404578904968,0.029016714784462272
arith_05_reassoc,loop-rotate,gvn,0.0,-0.023450929665886886,0.009940269899016143,-0.0037353336727035807,-0.00217612048309713,-0.0012402174513169995
arith_05_reassoc,loop-rotate,dce,0.0,-0.023450929665886886,0.0,-0.01366463239579753,-0.00011825437091799345,0.0034083311676773513
arith_05_reassoc,loop-rotate,adce,0.0,-0.023450929665886886,0.0,-0.013664632395797585,-4.063508022286455e-05,0.004356259197837546
arith_05_reassoc,loop-rotate,reassociate,0.0,-0.023450929665886886,0.0,-0.013664615399270122,-0.0009058297466857468,0.004923219238037175
arith_05_reassoc,loop-rotate,licm,0.0,-0.023450929665886886,0.012489742929383743,-0.0011811380982290481,0.007229600698538736,0.005716314571460584
arith_05_reassoc,loop-rotate,loop-unroll,0.0,-0.023450929665886886,0.0007233477605986784,-0.012960062480433202,-4.655700622783056e-05,0.0022243887812865297
arith_05_reassoc,loop-unroll,mem2reg,0.0,-0.023450929665886886,0.0,-0.013682688866019213,0.0,-0.009910295121108345
arith_05_reassoc,loop-unroll,sroa,0.0,-0.023450929665886886,0.0,-0.013682878114384026,0.0,-0.009765027054698349
arith_05_reassoc,loop-unroll,instcombine,0.0,-0.023450929665886886,0.0,-0.013668511426966137,-0.001326461065899935,-0.0023551119569058636
arith_05_reassoc,loop-unroll,simplifycfg,0.0,-0.023450929665886886,0.0007233477605986784,-0.012944206763372781,5.125066803303524e-05,0.0018448347951692703
arith_05_reassoc,loop-unroll,early-cse,0.0,-0.023450929665886886,0.0,-0.01367197962254825,-0.001534760533187029,-0.0043796330291689355
arith_05_reassoc,loop-unroll,gvn,0.0,-0.023450929665886886,0.0,-0.013676839340440075,-0.001881147064326418,-0.009311643979683433
arith_05_reassoc,loop-unroll,dce,0.0,-0.023450929665886886,0.0,-0.013669116432358588,-1.0193679918450555e-05,-0.0023551119569058636
arith_05_reassoc,loop-unroll,adce,0.0,-0.023450929665886886,0.0,-0.013669116432358644,-1.0193679918450557e-05,-0.0023551119569058636
arith_05_reassoc,loop-unroll,reassociate,0.0,-0.023450929665886886,0.0,-0.01366909943583118,-0.0030549173147850217,-0.0023551119569058636
arith_05_reassoc,loop-unroll,licm,0.0,-0.023450929665886886,0.0007233477605986784,-0.012948172297009355,3.291275806464677e-05,-0.0023551119569058636
arith_05_reassoc,loop-unroll,loop-rotate,0.0,-0.023450929665886886,0.0007233477605986784,-0.012940749652428599,-0.00013546568707868998,0.00201362774326371
cf_01_if_else,mem2reg,sroa,-0.417910447761194,-0.023864231674791448,-0.42463335498290194,-0.4048079479098645,-0.4543245442759753,-0.4429995436627315
cf_01_if_else,mem2reg,instcombine,-0.1044776119402985,-0.023864231674791448,-0.1465891468151463,-0.12684027531489842,-0.12176337819987292,-0.10075956306796015
cf_01_if_else,mem2reg,simplifycfg,0.0746268656716417,-0.023864231674791448,0.02435748575376091,0.04405180685892391,0.03579262953509683,0.01987837298592397
cf_01_if_else,mem2reg,early-cse,-0.1492537313432835,-0.023864231674791448,-0.0625332590263258,-0.042814889705499334,-0.07993963135895263,-0.07460426404354828
cf_01_if_else,mem2reg,gvn,-0.1492537313432836,-0.023864231674791448,-0.16175934951511114,-0.14201384657828914,-0.12033917735907536,-0.1476318208258665
cf_01_if_else,mem2reg,dce,0.0,-0.023864231674791448,0.001811594202898548,0.021511745781228137,0.0020258367825105564,-0.0010817104734436231
cf_01_if_else,mem2reg,adce,0.0,-0.023864231674791448,0.001811594202898548,0.021511745781228116,0.0016622938077263515,-0.0010817104734436231
cf_01_if_else,mem2reg,reassociate,0.0,-0.023864231674791448,0.0064689308094708605,0.026167643409714662,0.0021574278032205733,-0.0003010751895657687
cf_01_if_else,mem2reg,licm,0.0149253731343283,-0.023864231674791448,0.014687504701893344,0.03438111437793564,0.04708054974026968,0.05035502306052116
cf_01_if_else,mem2reg,loop-rotate,0.044776119402985,-0.023864231674791448,0.08393754875978256,0.10361600670779686,0.08717988323557195,0.08770977877359319
cf_01_if_else,mem2reg,loop-unroll,-0.0149253731343283,-0.023864231674791448,-0.3491197259865335,-0.32932351971318996,-0.3487861866807091,-0.26494628869847064
cf_01_if_else,sroa,mem2reg,-0.417910447761194,-0.023864231674791448,-0.42463335498290194,-0.40480780596533705,-0.45186589261416854,-0.4321097051167728
cf_01_if_else,sroa,instcombine,-0.1044776119402985,-0.023864231674791448,-0.14689970582135747,-0.12715078014089842,-0.11313714470816426,-0.11996181683735006
cf_01_if_else,sroa,simplifycfg,0.0746268656716417,-0.023864231674791448,0.02435748575376091,0.04405175955508652,0.037563672651178145,0.018554288676201573
cf_01_if_else,sroa,early-cse,-0.1492537313432835,-0.023864231674791448,-0.06408605405738169,-0.04436722462015019,-0.07893708571070406,-0.07259674654404517
cf_01_if_else,sroa,gvn,-0.1492537313432836,-0.023864231674791448,-0.1639332625585894,-0.1441870965372653,-0.13817904340060427,-0.16776225211834794
cf_01_if_else,sroa,dce,0.0,-0.023864231674791448,0.0021221532091097264,0.021822155999553297,0.0023056982742128444,-0.0002955155595818806
cf_01_if_else,sroa,adce,0.0,-0.023864231674791448,0.0021221532091097264,0.021822155999553276,0.0016289253020270286,-0.0002955155595818806
cf_01_if_else,sroa,reassociate,0.0,-0.023864231674791448,0.0074006078281044,0.027098968672365296,0.0025614799387502665,-0.00021715115285267432
cf_01_if_else,sroa,licm,0.0149253731343283,-0.023864231674791448,0.014687504701893344,0.03438106707409818,0.04783199386108177,0.03962884788961649
cf_01_if_else,sroa,loop-rotate,0.044776119402985,-0.023864231674791448,0.08393754875978256,0.1036159594039594,0.08753107258600559,0.0806809486021323
cf_01_if_else,sroa,loop-unroll,-0.0149253731343283,-0.023864231674791448,-0.3491197259865335,-0.32932356701702736,-0.3562029353072752,-0.15510062358092597
cf_01_if_else,instcombine,mem2reg,-0.1194029850746268,-0.023864231674791448,-0.1480356721293393,-0.1282890235098751,-0.11606292367373434,-0.11236579803395262
cf_01_if_else,instcombine,sroa,-0.1194029850746268,-0.023864231674791448,-0.15207293921008463,-0.1323251605463547,-0.13658320540413393,-0.13721259904386923
cf_01_if_else,instcombine,simplifycfg,0.0298507462686567,-0.023864231674791448,0.009632846299265974,0.029343417613660876,0.024441663626987974,0.007523189351900283
cf_01_if_else,instcombine,early-cse,-0.0298507462686567,-0.023864231674791448,-0.05101869869639731,-0.0312926535762585,-0.017860808809826392,-0.0226844760050936
cf_01_if_else,instcombine,gvn,0.0149253731343283,-0.023864231674791448,-0.07439259296552936,-0.05466420110662533,-0.0414670441581883,-0.0424822529987683
cf_01_if_else,instcombine,dce,0.0,-0.023864231674791448,-0.0003988831272437174,0.01931342929948606,-2.6212319790301427e-05,0.0012406677980741157
cf_01_if_else,instcombine,adce,0.0,-0.023864231674791448,-0.0003988831272437174,0.019313429299486026,-2.6212319790301427e-05,0.0012406677980741157
cf_01_if_else,instcombine,reassociate,0.0,-0.023864231674791448,-0.0022320734306653825,0.01748092098351036,-0.00036109732895837026,0.0012406677980741157
cf_01_if_else,instcombine,licm,0.0,-0.023864231674791448,-0.0014542905195047955,0.01825603246199803,0.0023489849109454525,0.0012406677980741157
cf_01_if_else,instcombine,loop-rotate,0.0597014925373134,-0.023864231674791448,0.1063667175040737,0.1260492845905481,0.11478649561112246,0.10851638476633281
cf_01_if_else,instcombine,loop-unroll,0.0,-0.023864231674791448,0.0,0.019693559917060295,2.6292907828491714e-05,0.001583671473392997
cf_01_if_else,simplifycfg,mem2reg,0.0298507462686567,-0.023864231674791448,0.0015955325089748696,0.02129812883795343,0.002490170380078636,-0.004654558124471791
cf_01_if_else,simplifycfg,sroa,0.0298507462686567,-0.023864231674791448,0.0015955325089748696,0.02129793958958847,0.001962293092568322,-0.004796328568116844
cf_01_if_else,simplifycfg,instcombine,-0.044776119402985,-0.023864231674791448,0.010026399765560726,0.029740375153221553,0.019655359034245038,0.003759593556893163
cf_01_if_else,simplifycfg,early-cse,0.0,-0.023864231674791448,0.0016641575631243261,0.021377831041838574,0.0014431322626054792,0.0006985022613851161
cf_01_if_else,simplifycfg,gvn,0.0149253731343283,-0.023864231674791448,-0.02449892745950526,-0.004781995794075372,-0.02322592159058237,-0.015015177932564773
cf_01_if_else,simplifycfg,dce,0.0,-0.023864231674791448,0.0,0.019717026070738594,8.22872676083685e-05,0.002269683286257071
cf_01_if_else,simplifycfg,adce,0.0,-0.023864231674791448,0.0,0.01971702607073856,7.646230765496818e-05,0.002269683286257071
cf_01_if_else,simplifycfg,reassociate,0.0,-0.023864231674791448,0.0,0.019717109010757322,8.155914761419346e-05,0.002269683286257071
cf_01_if_else,simplifycfg,licm,0.0,-0.023864231674791448,0.005439081541109614,0.025151995906385026,0.0010767120363183488,0.002269683286257071
cf_01_if_else,simplifycfg,loop-rotate,0.0,-0.023864231674791448,-0.0004221190375685913,0.01930018834976166,0.0021056740494016755,0.005323300675346412
cf_01_if_else,simplifycfg,loop-unroll,0.0,-0.023864231674791448,0.000301228723030087,0.019999534195472235,-0.00043460896734760193,0.0026126869615759525
cf_01_if_else,early-cse,mem2reg,-0.1492537313432835,-0.023864231674791448,-0.0743741662444306,-0.054652442209273455,-0.06562202860109177,-0.07331621783489332
cf_01_if_else,early-cse,sroa,-0.1492537313432835,-0.023864231674791448,-0.07810087431896476,-0.0583781217235904,-0.0915104285131872,-0.07087956752985367
cf_01_if_else,early-cse,instcombine,0.0298507462686567,-0.023864231674791448,-0.04511832038916152,-0.025392022453426824,-0.010992567648636103,-0.025081963287436816
cf_01_if_else,early-cse,simplifycfg,0.0,-0.023864231674791448,0.003854034259037235,0.023565640387872504,0.001842737279616757,-0.0038725592645934537
cf_01_if_else,early-cse,gvn,-0.1492537313432836,-0.023864231674791448,-0.0991498217084905,-0.07941419329401922,-0.06218151701391586,-0.06621962017161948
cf_01_if_else,early-cse,dce,0.0,-0.023864231674791448,0.004503360884617844,0.024213217784858472,-4.8244936624141534e-05,-0.004314972080002461
cf_01_if_else,early-cse,adce,0.0,-0.023864231674791448,0.004503360884617844,0.02421321778485843,-2.962466800387309e-05,-0.0045319488027370765
cf_01_if_else,early-cse,reassociate,0.0,-0.023864231674791448,0.002636444716268265,0.022346994624846954,-2.962466800387309e-05,-0.005281569717843568
cf_01_if_else,early-cse,licm,-0.044776119402985,-0.023864231674791448,-0.05161859421408281,-0.031892732187711194,-0.03177227105872384,-0.025914402613519853
cf_01_if_else,early-cse,loop-rotate,-0.0149253731343283,-0.023864231674791448,-0.025348778387981687,-0.005624023069274557,-0.022882570035052265,-0.016780813528331145
cf_01_if_else,early-cse,loop-unroll,0.0,-0.023864231674791448,-0.0017864485566434303,0.01790684155576304,-0.0005962436380831176,-0.009661639555121879
cf_01_if_else,gvn,mem2reg,-0.1492537313432835,-0.023864231674791448,-0.16778213788159801,-0.1480372661607416,-0.15353581774001465,-0.17238484570867837
cf_01_if_else,gvn,sroa,-0.1492537313432835,-0.023864231674791448,-0.17212996396855454,-0.15238386071938412,-0.1568914015779736,-0.1598840559170127
cf_01_if_else,gvn,instcombine,0.1492537313432835,-0.023864231674791448,0.09881254451070322,0.11848443287082489,0.153283470081703,0.17793842522389036
cf_01_if_else,gvn,simplifycfg,0.0149253731343283,-0.023864231674791448,-0.020955452206679204,-0.0012431149115715995,-0.009228988733460265,-0.0140148298902432
cf_01_if_else,gvn,early-cse,-0.1492537313432835,-0.023864231674791448,-0.0995705919981573,-0.0798369107782976,-0.06724497026993595,-0.0650508750573023
cf_01_if_else,gvn,dce,0.0,-0.023864231674791448,0.002694965072336522,0.022398036873815322,0.00017736964702353596,-0.004647113035759856
cf_01_if_else,gvn,adce,0.0,-0.023864231674791448,0.002694965072336522,0.022398036873815322,0.00044732265995082993,-0.005328228408806669
cf_01_if_else,gvn,reassociate,0.0,-0.023864231674791448,0.0018847926717281563,0.02158821216025781,0.0006085726665999041,-0.0026758172641830444
cf_01_if_else,gvn,licm,-0.1044776119402985,-0.023864231674791448,-0.14228193467022965,-0.12253382184499254,-0.11283532462082538,-0.11718369768354156
cf_01_if_else,gvn,loop-rotate,0.044776119402985,-0.023864231674791448,0.08067867138329085,0.10036140315268682,0.08595058110141418,0.08100886360109151
cf_01_if_else,gvn,loop-unroll,-0.0149253731343283,-0.023864231674791448,-0.40555835259300665,-0.3857404944923559,-0.36235253417626395,-0.2155790490938693
cf_01_if_else,dce,mem2reg,0.0,-0.023864231674791448,0.0,0.019703086833162707,1.7474879860200952e-05,-0.004654558124471791
cf_01_if_else,dce,sroa,0.0,-0.023864231674791448,0.0,0.019702897584797742,0.0,-0.004796328568116844
cf_01_if_else,dce,instcombine,0.0,-0.023864231674791448,-0.0003988831272437174,0.01931846813838938,-2.249096469279941e-06,0.002269683286257071
cf_01_if_else,dce,simplifycfg,0.0,-0.023864231674791448,0.0,0.019718532231511043,0.00043585047724955975,0.006615862018609743
cf_01_if_else,dce,early-cse,0.0,-0.023864231674791448,-0.0003988831272437174,0.019315433627340638,-1.5290519877675832e-05,0.0006985022613851161
cf_01_if_else,dce,gvn,0.0,-0.023864231674791448,0.0,0.019708895057574068,-8.285714285714285e-05,-0.0021932825527429685
cf_01_if_else,dce,adce,0.0,-0.023864231674791448,-0.0003988831272437174,0.019318242408226077,-3.3129459734964305e-05,0.002269683286257071
cf_01_if_else,dce,reassociate,0.0,-0.023864231674791448,-0.0003988831272437174,0.01931832534824488,-5.096839959225278e-06,0.002269683286257071
cf_01_if_else,dce,licm,0.0,-0.023864231674791448,0.0,0.019714660859170327,8.888888888888888e-05,0.002269683286257071
cf_01_if_else,dce,loop-rotate,0.0,-0.023864231674791448,0.0,0.019722138566093804,0.0029161412338111373,0.005323300675346412
cf_01_if_else,dce,loop-unroll,0.0,-0.023864231674791448,0.0,0.019698373025800388,6.269890753724371e-05,0.0026126869615759525
cf_01_if_else,adce,mem2reg,0.0,-0.023864231674791448,0.0,0.019703086833162707,1.7474879860200952e-05,-0.004654558124471791
cf_01_if_else,adce,sroa,0.0,-0.023864231674791448,0.0,0.019702897584797735,0.0,-0.004796328568116844
cf_01_if_else,adce,instcombine,0.0,-0.023864231674791448,-0.0003988831272437174,0.01931846813838934,-2.249096469279941e-06,0.002269683286257071
cf_01_if_else,adce,simplifycfg,0.0,-0.023864231674791448,0.0,0.019718532231510988,0.00036275779931817215,0.006615862018609743
cf_01_if_else,adce,early-cse,0.0,-0.023864231674791448,-0.0003988831272437174,0.019315433627340596,-1.5290519877675832e-05,0.0006985022613851161
cf_01_if_else,adce,gvn,0.0,-0.023864231674791448,0.0,0.019708895057574033,-8.285714285714285e-05,-0.0021932825527429685
cf_01_if_else,adce,dce,0.0,-0.023864231674791448,-0.0003988831272437174,0.019318242408226084,-5.32983835736129e-05,0.002269683286257071
cf_01_if_else,adce,reassociate,0.0,-0.023864231674791448,-0.0003988831272437174,0.019318325348244826,-2.038735983690111e-05,0.002269683286257071
cf_01_if_else,adce,licm,0.0,-0.023864231674791448,0.0,0.019714660859170292,9.500509683995922e-05,0.002269683286257071
cf_01_if_else,adce,loop-rotate,0.0,-0.023864231674791448,0.0,0.019722138566093762,0.002955461127321821,0.005323300675346412
cf_01_if_else,adce,loop-unroll,0.0,-0.023864231674791448,0.0,0.019698373025800374,5.250522761879315e-05,0.0026126869615759525
cf_01_if_else,reassociate,mem2reg,0.0,-0.023864231674791448,0.0,0.019703069203222623,1.7474879860200952e-05,-0.004654558124471791
cf_01_if_else,reassociate,sroa,0.0,-0.023864231674791448,0.0,0.019702879954857665,0.0,-0.004796328568116844
cf_01_if_else,reassociate,instcombine,0.0,-0.023864231674791448,-0.0006975465764454348,0.01901988465608217,0.00026217079210346007,0.002269683286257071
cf_01_if_else,reassociate,simplifycfg,0.0,-0.023864231674791448,0.0,0.01971851460157093,0.0003460911326515055,0.006615862018609743
cf_01_if_else,reassociate,early-cse,0.0,-0.023864231674791448,-0.001203107749347361,0.018511454178722027,0.00022557305334479884,0.0006985022613851161
cf_01_if_else,reassociate,gvn,0.0,-0.023864231674791448,-0.0002927156706969913,0.019416257410164624,0.0006301675393149932,-0.0021932825527429685
cf_01_if_else,reassociate,dce,0.0,-0.023864231674791448,-0.0003988831272437174,0.019318224778285993,-4.310470365516235e-05,0.002269683286257071
cf_01_if_else,reassociate,adce,0.0,-0.023864231674791448,-0.0003988831272437174,0.019318224778285945,-4.077471967380222e-05,0.002269683286257071
cf_01_if_else,reassociate,licm,0.0,-0.023864231674791448,0.0,0.019714643229230194,0.0002937818552497451,0.002269683286257071
cf_01_if_else,reassociate,loop-rotate,0.0,-0.023864231674791448,0.0,0.01972212093615372,0.002830928290523909,0.005323300675346412
cf_01_if_else,reassociate,loop-unroll,0.0,-0.023864231674791448,0.0,0.019698355395860262,4.740838765956787e-05,0.0026126869615759525
cf_01_if_else,licm,mem2reg,-0.0298507462686566,-0.023864231674791448,-0.037860969163291264,-0.0181430987375487,-0.021160610243873775,-0.017503086830879873
cf_01_if_else,licm,sroa,-0.0298507462686566,-0.023864231674791448,-0.037860969163291264,-0.018143287985913664,-0.021462846464825585,-0.021212892256850482
cf_01_if_else,licm,instcombine,0.1492537313432835,-0.023864231674791448,0.21181019964918696,0.23146061695688216,0.2477324199038483,0.21715734661337185
cf_01_if_else,licm,simplifycfg,0.044776119402985,-0.023864231674791448,0.008932224051926082,0.028650248860156234,0.009744918574108679,0.006615862018609743
cf_01_if_else,licm,early-cse,0.0298507462686567,-0.023864231674791448,0.06434379378045124,0.08403936544808696,0.07247771409866838,0.0749596014463939
cf_01_if_else,licm,gvn,0.0298507462686567,-0.023864231674791448,0.039334611957596084,0.059033064741033765,0.09667241601990764,0.1289255022503236
cf_01_if_else,licm,dce,0.0,-0.023864231674791448,0.0,0.019719406625698307,0.0005221348478229213,0.002269683286257071
cf_01_if_else,licm,adce,0.0,-0.023864231674791448,0.0,0.01971940662569826,0.00048297655453618756,0.002269683286257071
cf_01_if_else,licm,reassociate,0.0,-0.023864231674791448,0.0,0.019719489565717015,0.0005214067278287461,0.002269683286257071
cf_01_if_else,licm,loop-rotate,-0.0149253731343283,-0.023864231674791448,0.0020679251832932213,0.021791799432328708,0.007539739466421745,-0.00685735613707244
cf_01_if_else,licm,loop-unroll,0.0,-0.023864231674791448,-0.08904360618538727,-0.06931372417468548,-0.23910947448810674,-0.2658091328877143
cf_01_if_else,loop-rotate,mem2reg,0.0,-0.023864231674791448,0.009992500868604062,0.029695950380694773,0.0006646613292610885,0.005278333660682159
cf_01_if_else,loop-rotate,sroa,0.0,-0.023864231674791448,0.009992500868604062,0.029695761132329766,0.0011574892218031852,0.00401964397139468
cf_01_if_else,loop-rotate,instcombine,0.0298507462686567,-0.023864231674791448,0.05873700526277347,0.07843866019818407,0.04852212140162954,0.0442466372419554
cf_01_if_else,loop-rotate,simplifycfg,0.0298507462686567,-0.023864231674791448,0.05848460587625901,0.07818765460275917,0.04874910318952289,0.04984767550244941
cf_01_if_else,loop-rotate,early-cse,0.0298507462686567,-0.023864231674791448,0.05856896068468627,0.07826763602242623,0.05433866968832478,0.058384281919341606
cf_01_if_else,loop-rotate,gvn,0.0,-0.023864231674791448,0.009940269899016143,0.02964954470348318,0.003324503450217844,0.007638225552261579
cf_01_if_else,loop-rotate,dce,0.0,-0.023864231674791448,0.0,0.019720623203719242,-0.00010813576159222388,0.009071115892960769
cf_01_if_else,loop-rotate,adce,0.0,-0.023864231674791448,0.0,0.019720623203719208,-9.151086601995987e-05,0.009019250641778434
cf_01_if_else,loop-rotate,reassociate,0.0,-0.023864231674791448,0.0,0.019720706143737964,-0.00010813576159222388,0.008978122194918083
cf_01_if_else,loop-rotate,licm,0.0298507462686567,-0.023864231674791448,0.011191884395963888,0.030906516001148875,0.0008330415393037513,0.011297264890859299
cf_01_if_else,loop-rotate,loop-unroll,0.0,-0.023864231674791448,0.0007233477605986784,0.020425112426538147,1.1436607186310964e-05,0.010265218512936183
cf_01_if_else,loop-unroll,mem2reg,0.0,-0.023864231674791448,0.0,0.01970226506221627,1.8348623853211e-05,-0.004654558124471791
cf_01_if_else,loop-unroll,sroa,0.0,-0.023864231674791448,0.0,0.01970207581385127,1.8348623853211e-05,-0.004796328568116844
cf_01_if_else,loop-unroll,instcombine,0.0,-0.023864231674791448,0.0,0.01971639914820223,1.609952738393106e-05,0.002269683286257071
cf_01_if_else,loop-unroll,simplifycfg,0.0,-0.023864231674791448,0.0007233477605986784,0.020440821846568466,0.000609699695342637,0.006615862018609743
cf_01_if_else,loop-unroll,early-cse,0.0,-0.023864231674791448,0.0,0.01971336463715352,3.0581039755351682e-06,0.0006985022613851161
cf_01_if_else,loop-unroll,gvn,0.0,-0.023864231674791448,0.0,0.019708073286627624,-6.450851900393186e-05,-0.0021932825527429685
cf_01_if_else,loop-unroll,dce,0.0,-0.023864231674791448,0.0,0.019716173418039024,1.3979903888160762e-05,0.002269683286257071
cf_01_if_else,loop-unroll,adce,0.0,-0.023864231674791448,0.0,0.019716173418038968,8.154943934760446e-06,0.002269683286257071
cf_01_if_else,loop-unroll,reassociate,0.0,-0.023864231674791448,0.0,0.019716256358057772,1.3251783893985724e-05,0.002269683286257071
cf_01_if_else,loop-unroll,licm,0.0,-0.023864231674791448,0.0007233477605986784,0.020436950474227833,0.00036564729867482156,0.002269683286257071
cf_01_if_else,loop-unroll,loop-rotate,0.0,-0.023864231674791448,0.0007233477605986784,0.02044442818115124,0.002657976096196458,0.005323300675346412
cf_02_nested_cond,mem2reg,sroa,-0.3853211009174312,-0.023813266282007025,-0.42605028310654375,-0.39425895836671565,-0.3755504865224682,-0.3711531959667372
cf_02_nested_cond,mem2reg,instcombine,-0.091743119266055,-0.023813266282007025,-0.1471428204096786,-0.11542820660360091,-0.10640260759650036,-0.059580980287885846
cf_02_nested_cond,mem2reg,simplifycfg,0.0825688073394495,-0.023813266282007025,0.0240121839421171,0.05567215717756442,0.039164552759938825,0.0332329931989408
cf_02_nested_cond,mem2reg,early-cse,-0.055045871559633,-0.023813266282007025,-0.06662925292996277,-0.03494424589267306,-0.09064501857621245,-0.08775913278115102
cf_02_nested_cond,mem2reg,gvn,-0.110091743119266,-0.023813266282007025,-0.1634620446552858,-0.13175057412701996,-0.09809164537844044,-0.09798066305911127
cf_02_nested_cond,mem2reg,dce,0.0,-0.023813266282007025,0.001811594202898548,0.03347735406689867,0.003850330935971083,0.0043547439316030025
cf_02_nested_cond,mem2reg,adce,0.0,-0.023813266282007025,0.001811594202898548,0.033477354066898696,0.003804034639674787,0.0043547439316030025
cf_02_nested_cond,mem2reg,reassociate,0.0,-0.023813266282007025,0.0064689308094708605,0.03813325169538517,0.0037342595073996555,0.005164581261660478
cf_02_nested_cond,mem2reg,licm,0.0642201834862385,-0.023813266282007025,0.012544252077897248,0.044204107051478675,0.04825638088353226,0.04334680159032652
cf_02_nested_cond,mem2reg,loop-rotate,0.0825688073394495,-0.023813266282007025,0.08229438841471888,0.11393878963727382,0.09012768661054481,0.07766418262896492
cf_02_nested_cond,mem2reg,loop-unroll,-0.3669724770642202,-0.023813266282007025,-0.3338133301634948,-0.30205552402164404,-0.39694086999559874,-0.35029742813610615
cf_02_nested_cond,sroa,mem2reg,-0.3853211009174312,-0.023813266282007025,-0.42605028310654375,-0.39425881642218835,-0.37498597671522765,-0.36411375671486523
cf_02_nested_cond,sroa,instcombine,-0.091743119266055,-0.023813266282007025,-0.1474533794158898,-0.11573871142960095,-0.10689856070102528,-0.09303358345524855
cf_02_nested_cond,sroa,simplifycfg,0.0825688073394495,-0.023813266282007025,0.0240121839421171,0.05567210987372696,0.040943933141785065,0.027921029766464225
cf_02_nested_cond,sroa,early-cse,-0.055045871559633,-0.023813266282007025,-0.06818204796101866,-0.03649658080732379,-0.09018509525697903,-0.08329634969546935
cf_02_nested_cond,sroa,gvn,-0.110091743119266,-0.023813266282007025,-0.16563595769876407,-0.13392382408599612,-0.11432528898487083,-0.08649217274517851
cf_02_nested_cond,sroa,dce,0.0,-0.023813266282007025,0.0021221532091097264,0.033787764285223745,0.006674566367659687,0.004823794924707304
cf_02_nested_cond,sroa,adce,0.0,-0.023813266282007025,0.0021221532091097264,0.033787764285223856,0.006407086570272661,0.004823794924707304
cf_02_nested_cond,sroa,reassociate,0.0,-0.023813266282007025,0.0074006078281044,0.039064576958035696,0.00646552370598626,0.005916823850557143
cf_02_nested_cond,sroa,licm,0.0642201834862385,-0.023813266282007025,0.012544252077897248,0.0442040597476412,0.052740360959996194,0.0558400732447423
cf_02_nested_cond,sroa,loop-rotate,0.0825688073394495,-0.023813266282007025,0.08229438841471888,0.11393874233343633,0.09375434193305128,0.07666069230019769
cf_02_nested_cond,sroa,loop-unroll,-0.3669724770642202,-0.023813266282007025,-0.3338133301634948,-0.3020555713254813,-0.3951711879213896,-0.43214917744568804
cf_02_nested_cond,instcombine,mem2reg,-0.091743119266055,-0.023813266282007025,-0.14923827499058157,-0.11752593033853907,-0.10891312960770219,-0.09644769839135464
cf_02_nested_cond,instcombine,sroa,-0.091743119266055,-0.023813266282007025,-0.15327554207132688,-0.1215620673750185,-0.10776229050707174,-0.105579773664651
cf_02_nested_cond,instcombine,simplifycfg,0.0825688073394495,-0.023813266282007025,0.007340756687492373,0.039017464703538035,0.01854035142871951,0.010015505046846347
cf_02_nested_cond,instcombine,early-cse,-0.0091743119266055,-0.023813266282007025,-0.05191767410257344,-0.020226187580611395,-0.034262975053075316,-0.025013263617192315
cf_02_nested_cond,instcombine,gvn,0.0275229357798165,-0.023813266282007025,-0.07494031308055059,-0.043246482648662016,-0.02766733615424096,-0.018332854837224626
cf_02_nested_cond,instcombine,dce,-0.0091743119266055,-0.023813266282007025,0.0,0.031677638768620134,0.0003162326985878954,0.004923603440975599
cf_02_nested_cond,instcombine,adce,-0.0091743119266055,-0.023813266282007025,0.0,0.031677638768620175,0.00035017993488348166,0.004923603440975599
cf_02_nested_cond,instcombine,reassociate,-0.0091743119266055,-0.023813266282007025,-0.0018331903034216651,0.029845130452644548,0.00020033892656699432,0.004923603440975599
cf_02_nested_cond,instcombine,licm,-0.0091743119266055,-0.023813266282007025,-0.0010554073922610784,0.030620178573831484,0.004078171312378538,0.004923603440975599
cf_02_nested_cond,instcombine,loop-rotate,0.110091743119266,-0.023813266282007025,0.1041758370439888,0.13582437479094028,0.12277381125648716,0.11787886163986318
cf_02_nested_cond,instcombine,loop-unroll,0.0,-0.023813266282007025,0.0,0.03166000999142468,0.000639678618124462,0.003706741861347639
cf_02_nested_cond,simplifycfg,mem2reg,0.036697247706422,-0.023813266282007025,0.0012978585334198565,0.0329659228081569,0.004388848675376129,-0.0019798952611660464
cf_02_nested_cond,simplifycfg,sroa,0.036697247706422,-0.023813266282007025,0.0012978585334198565,0.03296573355979207,0.004800780678387138,-0.001290622520863082
cf_02_nested_cond,simplifycfg,instcombine,-0.0275229357798165,-0.023813266282007025,0.009276261347162095,0.0409559592684713,0.00029711828204847287,0.006738783664755528
cf_02_nested_cond,simplifycfg,early-cse,0.0275229357798165,-0.023813266282007025,0.0004675081813931739,0.03214678796003313,0.0009463400692805861,0.005117177886825061
cf_02_nested_cond,simplifycfg,gvn,0.0091743119266055,-0.023813266282007025,-0.024248881320039054,0.007433295850013972,-0.022369719354388636,-0.015099915016554968
cf_02_nested_cond,simplifycfg,dce,0.0,-0.023813266282007025,0.0,0.03168255038372021,0.0008591375760018782,0.006178576527571125
cf_02_nested_cond,simplifycfg,adce,0.0,-0.023813266282007025,0.0,0.03168255038372013,0.0009008784131007872,0.006178576527571125
cf_02_nested_cond,simplifycfg,reassociate,0.0,-0.023813266282007025,0.0,0.031682633323738926,0.0008612734910943084,0.006178576527571125
cf_02_nested_cond,simplifycfg,licm,0.0,-0.023813266282007025,0.005439081541109614,0.037117456862065926,0.038706998564725995,0.006178576527571125
cf_02_nested_cond,simplifycfg,loop-rotate,0.0,-0.023813266282007025,-0.0004221190375685913,0.031265510701917174,0.011368271377166795,0.013517491865986098
cf_02_nested_cond,simplifycfg,loop-unroll,0.0,-0.023813266282007025,0.000301228723030087,0.03196605189444343,0.004047691300661912,0.004961714947943165
cf_02_nested_cond,early-cse,mem2reg,-0.055045871559633,-0.023813266282007025,-0.07847016014806758,-0.046781875728511474,-0.07591024777579657,-0.06225909377511021
cf_02_nested_cond,early-cse,sroa,-0.055045871559633,-0.023813266282007025,-0.08219686822260173,-0.05050755524282846,-0.07288223063577645,-0.07120346352873579
cf_02_nested_cond,early-cse,instcombine,-0.0091743119266055,-0.023813266282007025,-0.043421578728497945,-0.011730506618414998,-0.019273487025982392,-0.015368069312601082
cf_02_nested_cond,early-cse,simplifycfg,0.0,-0.023813266282007025,0.003854034259037235,0.03553094693704752,0.0024589233663159047,-0.00023852741473213876
cf_02_nested_cond,early-cse,gvn,-0.055045871559633,-0.023813266282007025,-0.10324581561212748,-0.07154367027116043,-0.10657114970634243,-0.10077425451427353
cf_02_nested_cond,early-cse,dce,-0.0091743119266055,-0.023813266282007025,0.004902244011861561,0.036577346107434044,0.0015218770942382893,0.0006281131291092151
cf_02_nested_cond,early-cse,adce,-0.0091743119266055,-0.023813266282007025,0.004902244011861561,0.03657734610743403,0.001478369422542616,0.0004344907382410079
cf_02_nested_cond,early-cse,reassociate,-0.0091743119266055,-0.023813266282007025,0.0030353278435119825,0.03471112294742257,0.0013939369338234217,-0.0013571267341695552
cf_02_nested_cond,early-cse,licm,-0.0091743119266055,-0.023813266282007025,-0.05316649888696887,-0.0214748188539037,-0.05880137870058096,-0.04936780956495481
cf_02_nested_cond,early-cse,loop-rotate,-0.0091743119266055,-0.023813266282007025,-0.025598824527447897,0.006091186081985781,-0.030323496832744604,-0.01580931913779689
cf_02_nested_cond,early-cse,loop-unroll,0.0,-0.023813266282007025,-0.0017864485566434303,0.02987321048356908,-0.0009377668528153157,-0.005757615875461819
cf_02_nested_cond,gvn,mem2reg,-0.128440366972477,-0.023813266282007025,-0.16868706676728526,-0.13697629635390107,-0.12577182895727693,-0.10726186831913137
cf_02_nested_cond,gvn,sroa,-0.128440366972477,-0.023813266282007025,-0.17303489285424178,-0.14132289091254358,-0.1335237615570297,-0.12223118356296388
cf_02_nested_cond,gvn,instcombine,0.1834862385321101,-0.023813266282007025,0.09732417463292814,0.12896225907380574,0.1603446312836171,0.14490090400190694
cf_02_nested_cond,gvn,simplifycfg,0.0091743119266055,-0.023813266282007025,-0.020705406067212995,0.0109725371473369,-0.007782076941923268,-0.009703290008120667
cf_02_nested_cond,gvn,early-cse,-0.055045871559633,-0.023813266282007025,-0.10366658590179428,-0.07196611862932198,-0.12120455522293164,-0.09740185249453545
cf_02_nested_cond,gvn,dce,0.0,-0.023813266282007025,0.002694965072336522,0.0343637934956352,0.002415114901682056,-0.0012151660357991665
cf_02_nested_cond,gvn,adce,0.0,-0.023813266282007025,0.002694965072336522,0.03436379349563526,0.0026778154047688634,-0.0001721886656390443
cf_02_nested_cond,gvn,reassociate,0.0,-0.023813266282007025,0.0018847926717281563,0.03355396878207775,0.002299774011820911,-0.00116313546989867
cf_02_nested_cond,gvn,licm,-0.1376146788990825,-0.023813266282007025,-0.1408411926285434,-0.10912785734250681,-0.1813857530270714,-0.16177883906444188
cf_02_nested_cond,gvn,loop-rotate,0.0825688073394495,-0.023813266282007025,0.07903551103822717,0.11068433441831312,0.0809026380148175,0.08429386812453135
cf_02_nested_cond,gvn,loop-unroll,-0.4862385321100917,-0.023813266282007025,-0.3850664761157995,-0.35328856431478833,-0.5475191680029832,-0.4679292100629648
cf_02_nested_cond,dce,mem2reg,0.0,-0.023813266282007025,0.0,0.031668520792522775,3.9800995024875596e-05,-0.0019798952611660464
cf_02_nested_cond,dce,sroa,0.0,-0.023813266282007025,0.0,0.03166833154415784,1.65837479270315e-05,-0.001290622520863082
cf_02_nested_cond,dce,instcombine,-0.0091743119266055,-0.023813266282007025,0.0,0.031682761610685256,-0.0005358393127665038,0.006178576527571125
cf_02_nested_cond,dce,simplifycfg,0.0,-0.023813266282007025,0.0,0.03168405083894875,0.0011541700881061402,0.011270478133441876
cf_02_nested_cond,dce,early-cse,-0.0091743119266055,-0.023813266282007025,0.0,0.03167946495567017,-2.281746031746018e-05,0.005117177886825061
cf_02_nested_cond,dce,gvn,0.0,-0.023813266282007025,0.0,0.0316742855590309,-0.00017630385487528322,0.0007129488945153207
cf_02_nested_cond,dce,adce,-0.0091743119266055,-0.023813266282007025,0.0,0.0316825827890644,0.0,0.006178576527571125
cf_02_nested_cond,dce,reassociate,-0.0091743119266055,-0.023813266282007025,0.0,0.03168266572908321,-6.570810142238674e-05,0.006178576527571125
cf_02_nested_cond,dce,licm,0.0,-0.023813266282007025,0.0,0.031680185101948685,0.003692067264625504,0.006178576527571125
cf_02_nested_cond,dce,loop-rotate,0.0,-0.023813266282007025,0.0,0.031687524205346485,0.011601393364725193,0.013517491865986098
cf_02_nested_cond,dce,loop-unroll,0.0,-0.023813266282007025,0.0,0.03166495401186893,0.00039302213196503133,0.004961714947943165
cf_02_nested_cond,adce,mem2reg,0.0,-0.023813266282007025,0.0,0.03166852079252282,3.9800995024875596e-05,-0.0019798952611660464
cf_02_nested_cond,adce,sroa,0.0,-0.023813266282007025,0.0,0.03166833154415803,1.65837479270315e-05,-0.001290622520863082
cf_02_nested_cond,adce,instcombine,-0.0091743119266055,-0.023813266282007025,0.0,0.0316827616106853,-0.0005358393127665038,0.006178576527571125
cf_02_nested_cond,adce,simplifycfg,0.0,-0.023813266282007025,0.0,0.03168405083894876,0.000991792765457696,0.010292827903891397
cf_02_nested_cond,adce,early-cse,-0.0091743119266055,-0.023813266282007025,0.0,0.031679464955670186,-2.281746031746018e-05,0.005117177886825061
cf_02_nested_cond,adce,gvn,0.0,-0.023813266282007025,0.0,0.03167428555903104,-0.00017630385487528322,0.0007129488945153207
cf_02_nested_cond,adce,dce,-0.0091743119266055,-0.023813266282007025,0.0,0.03168258278906437,0.0,0.006178576527571125
cf_02_nested_cond,adce,reassociate,-0.0091743119266055,-0.023813266282007025,0.0,0.031682665729083126,-6.570810142238674e-05,0.006178576527571125
cf_02_nested_cond,adce,licm,0.0,-0.023813266282007025,0.0,0.03168018510194866,0.003926247421694496,0.006178576527571125
cf_02_nested_cond,adce,loop-rotate,0.0,-0.023813266282007025,0.0,0.031687524205346596,0.011651874901992982,0.013517491865986098
cf_02_nested_cond,adce,loop-unroll,0.0,-0.023813266282007025,0.0,0.031664954011868904,0.00034920452276333385,0.004961714947943165
cf_02_nested_cond,reassociate,mem2reg,0.0,-0.023813266282007025,0.0,0.0316685031625827,-4.390924167043331e-06,-0.0019798952611660464
cf_02_nested_cond,reassociate,sroa,0.0,-0.023813266282007025,0.0,0.03166831391421791,-2.760817126488743e-05,-0.001290622520863082
cf_02_nested_cond,reassociate,instcombine,-0.0091743119266055,-0.023813266282007025,-0.0002986634492017174,0.03138417812837822,-0.0006380377679061344,0.006178576527571125
cf_02_nested_cond,reassociate,simplifycfg,0.0,-0.023813266282007025,0.0,0.031684033209008644,0.000920587594481883,0.011270478133441876
cf_02_nested_cond,reassociate,early-cse,-0.0091743119266055,-0.023813266282007025,-0.0008042246221036436,0.03087548550705162,-0.0002164187556629407,0.005117177886825061
cf_02_nested_cond,reassociate,gvn,0.0,-0.023813266282007025,-0.0002927156706969913,0.031381647911621596,-0.0004128638065515129,0.0007129488945153207
cf_02_nested_cond,reassociate,dce,-0.0091743119266055,-0.023813266282007025,0.0,0.031682565159124404,-4.419191919191893e-05,0.006178576527571125
cf_02_nested_cond,reassociate,adce,-0.0091743119266055,-0.023813266282007025,0.0,0.03168256515912432,-4.419191919191893e-05,0.006178576527571125
cf_02_nested_cond,reassociate,licm,0.0,-0.023813266282007025,0.0,0.03168016747200854,0.003541608405776259,0.006178576527571125
cf_02_nested_cond,reassociate,loop-rotate,0.0,-0.023813266282007025,0.0,0.03168750657540649,0.01162766525796956,0.013517491865986098
cf_02_nested_cond,reassociate,loop-unroll,0.0,-0.023813266282007025,0.0,0.031664936381928924,0.0003068155156166929,0.004961714947943165
cf_02_nested_cond,licm,mem2reg,-0.018348623853211,-0.023813266282007025,-0.03836106144222368,-0.006677531824093596,-0.031052677016105434,-0.01507491963538484
cf_02_nested_cond,licm,sroa,-0.018348623853211,-0.023813266282007025,-0.03836106144222368,-0.006677721072458422,-0.03460443361064246,-0.017789086586579527
cf_02_nested_cond,licm,instcombine,0.1376146788990825,-0.023813266282007025,0.2123162454076305,0.24393209985547254,0.28943024650174953,0.3238205209246565
cf_02_nested_cond,licm,simplifycfg,0.018348623853211,-0.023813266282007025,0.01008124559756843,0.04176447535109727,0.020519971267606855,0.011270478133441876
cf_02_nested_cond,licm,early-cse,0.091743119266055,-0.023813266282007025,0.061652821041433936,0.09331461242259585,0.06112441819131619,0.09715726484720807
cf_02_nested_cond,licm,gvn,0.1009174311926605,-0.023813266282007025,0.03624475609133505,0.06790967088866988,0.083646345522977,0.1242421067637904
cf_02_nested_cond,licm,dce,0.0,-0.023813266282007025,0.0,0.03168505603933182,0.004653435204927743,0.006178576527571125
cf_02_nested_cond,licm,adce,0.0,-0.023813266282007025,0.0,0.03168505603933186,0.004686768538261077,0.006178576527571125
cf_02_nested_cond,licm,reassociate,0.0,-0.023813266282007025,0.0,0.03168513897935052,0.00462106043683869,0.006178576527571125
cf_02_nested_cond,licm,loop-rotate,0.073394495412844,-0.023813266282007025,-0.0017720691013664435,0.029918507428571595,0.04598976221297393,0.0372150032510086
cf_02_nested_cond,licm,loop-unroll,-0.3394495412844037,-0.023813266282007025,-0.07428493047736973,-0.042593228486964396,-0.2807440338698742,-0.4572747207633478
cf_02_nested_cond,loop-rotate,mem2reg,0.0,-0.023813266282007025,0.009992500868604062,0.041661294822332315,0.005772448850711928,0.005947698042830939
cf_02_nested_cond,loop-rotate,sroa,0.0,-0.023813266282007025,0.009992500868604062,0.04166110557396742,0.005657118407852341,0.008601903378736552
cf_02_nested_cond,loop-rotate,instcombine,0.055045871559633,-0.023813266282007025,0.057641565032731025,0.08930902910841977,0.07681446589279164,0.07282268496777398
cf_02_nested_cond,loop-rotate,simplifycfg,0.055045871559633,-0.023813266282007025,0.05738916564621656,0.08905800142889604,0.07553001220416507,0.07299242939587715
cf_02_nested_cond,loop-rotate,early-cse,0.073394495412844,-0.023813266282007025,0.056675754200156386,0.08834023722717656,0.08050349563689001,0.0845148441618087
cf_02_nested_cond,loop-rotate,gvn,0.018348623853211,-0.023813266282007025,0.00914250364452871,0.04081734012569874,0.003914751620760335,0.008717447900318823
cf_02_nested_cond,loop-rotate,dce,0.0,-0.023813266282007025,0.0,0.03168612128607558,0.0008609576305214078,0.011616509003240407
cf_02_nested_cond,loop-rotate,adce,0.0,-0.023813266282007025,0.0,0.03168612128607565,0.0010837770859632515,0.011612374079823117
cf_02_nested_cond,loop-rotate,reassociate,0.0,-0.023813266282007025,0.0,0.031686204226094444,0.0009744579502782399,0.011938974668545536
cf_02_nested_cond,loop-rotate,licm,0.0,-0.023813266282007025,0.012489742929383743,0.044169385147182924,0.013464267689374178,0.014183075533374633
cf_02_nested_cond,loop-rotate,loop-unroll,0.0,-0.023813266282007025,0.0007233477605986784,0.03239160389488416,0.0026358989329570612,0.01240682190173202
cf_02_nested_cond,loop-unroll,mem2reg,0.0,-0.023813266282007025,0.0,0.03166772132399456,0.00016579721735540033,-0.0019798952611660464
cf_02_nested_cond,loop-unroll,sroa,0.0,-0.023813266282007025,0.0,0.03166753207562979,0.00019665075873543747,-0.001290622520863082
cf_02_nested_cond,loop-unroll,instcombine,0.0,-0.023813266282007025,0.0,0.031681962142157016,-0.00037053683664595155,0.006178576527571125
cf_02_nested_cond,loop-unroll,simplifycfg,0.0,-0.023813266282007025,0.0007233477605986784,0.0324063627564244,0.003989848205316412,0.011270478133441876
cf_02_nested_cond,loop-unroll,early-cse,0.0,-0.023813266282007025,0.0,0.031678665487141766,0.00017480484957438394,0.005117177886825061
cf_02_nested_cond,loop-unroll,gvn,0.0,-0.023813266282007025,0.0,0.031673486090502787,-1.535787282435656e-05,0.0007129488945153207
cf_02_nested_cond,loop-unroll,dce,0.0,-0.023813266282007025,0.0,0.0316817833205361,0.0002179034402818339,0.006178576527571125
cf_02_nested_cond,loop-unroll,adce,0.0,-0.023813266282007025,0.0,0.031681783320536144,0.00020757255864806292,0.006178576527571125
cf_02_nested_cond,loop-unroll,reassociate,0.0,-0.023813266282007025,0.0,0.031681866260554956,8.75111147202047e-05,0.006178576527571125
cf_02_nested_cond,loop-unroll,licm,0.0,-0.023813266282007025,0.0007233477605986784,0.03240249701942437,0.006252838334865887,0.006178576527571125
cf_02_nested_cond,loop-unroll,loop-rotate,0.0,-0.023813266282007025,0.0007233477605986784,0.032409836122822167,0.013112662401144996,0.013517491865986098
cf_03_switch,mem2reg,sroa,-0.5588235294117647,-0.02367568359908072,-0.418506699258964,-0.3787289131500046,-0.46562836801522695,-0.4459680416601191
cf_03_switch,mem2reg,instcombine,-0.1029411764705882,-0.02367568359908072,-0.1466559483573076,-0.10695286974866307,-0.1508158017929226,-0.1431679411728081
cf_03_switch,mem2reg,simplifycfg,0.0147058823529411,-0.02367568359908072,0.026962745898052243,0.06661062033497701,0.03135757334666033,0.0208463881517528
cf_03_switch,mem2reg,early-cse,-0.1029411764705882,-0.02367568359908072,-0.06454684836861689,-0.02487367591264018,-0.08548306259456699,-0.08007950159380937
cf_03_switch,mem2reg,gvn,-0.2352941176470588,-0.02367568359908072,-0.15801846315407744,-0.11831978326066005,-0.17971261735248048,-0.1748536925531481
cf_03_switch,mem2reg,dce,0.0,-0.02367568359908072,0.001811594202898548,0.041465998430333315,0.00281589365540562,-0.003015009042104449
cf_03_switch,mem2reg,adce,0.0,-0.02367568359908072,0.001811594202898548,0.041465998430333315,0.00248612276569321,-0.003015009042104449
cf_03_switch,mem2reg,reassociate,0.0,-0.02367568359908072,0.0064689308094708605,0.04612189605881971,0.006859008411150399,-0.0018969409464971217
cf_03_switch,mem2reg,licm,0.0,-0.02367568359908072,0.015336433968603269,0.05498410462693491,0.023994515882640437,0.011362875238018913
cf_03_switch,mem2reg,loop-rotate,0.0441176470588235,-0.02367568359908072,0.08396617799213742,0.12359888184919877,0.058138834362427,0.05330397685838803
cf_03_switch,mem2reg,loop-unroll,-0.0147058823529411,-0.02367568359908072,-0.3491292690639852,-0.3093788074661035,-0.22425905060905346,-0.06206553812826347
cf_03_switch,sroa,mem2reg,-0.5588235294117647,-0.02367568359908072,-0.418506699258964,-0.37872877120547693,-0.4702373323793759,-0.4574624435391943
cf_03_switch,sroa,instcombine,-0.1029411764705882,-0.02367568359908072,-0.14696650736351877,-0.10726337457466313,-0.15161128541643062,-0.15463409541703418
cf_03_switch,sroa,simplifycfg,0.0147058823529411,-0.02367568359908072,0.026962745898052243,0.06661057303113956,0.028244852644966133,0.027576085432613466
cf_03_switch,sroa,early-cse,-0.1029411764705882,-0.02367568359908072,-0.0660996433996728,-0.026426010827291038,-0.08745496446261543,-0.07965297579292799
cf_03_switch,sroa,gvn,-0.2352941176470588,-0.02367568359908072,-0.1601923761975557,-0.12049303321963627,-0.18761037999192523,-0.153964806367063
cf_03_switch,sroa,dce,0.0,-0.02367568359908072,0.0021221532091097264,0.04177640864865846,0.002709114671550723,-0.00170165141404571
cf_03_switch,sroa,adce,0.0,-0.02367568359908072,0.0021221532091097264,0.04177640864865857,0.002247469678973035,-0.00170165141404571
cf_03_switch,sroa,reassociate,0.0,-0.02367568359908072,0.0074006078281044,0.047053221321470454,0.004847888710291489,-0.0014242096141042393
cf_03_switch,sroa,licm,0.0,-0.02367568359908072,0.015336433968603269,0.05498405732309748,0.025399033810705296,0.014445771839046221
cf_03_switch,sroa,loop-rotate,0.0441176470588235,-0.02367568359908072,0.08396617799213742,0.12359883454536132,0.06375418757533846,0.053024175510091434
cf_03_switch,sroa,loop-unroll,-0.0147058823529411,-0.02367568359908072,-0.3491292690639852,-0.30937885476994104,-0.22943648757827992,-0.217385328767156
cf_03_switch,instcombine,mem2reg,-0.1029411764705882,-0.02367568359908072,-0.14875140293821054,-0.10905030124486796,-0.1569125383900681,-0.11654003006631893
cf_03_switch,instcombine,sroa,-0.1029411764705882,-0.02367568359908072,-0.15278867001895588,-0.11308643828134758,-0.167447370861012,-0.16851647120262736
cf_03_switch,instcombine,simplifycfg,0.0,-0.02367568359908072,0.01093070483268583,0.050595094801971066,0.003329136755296186,0.004899009606417442
cf_03_switch,instcombine,early-cse,-0.0147058823529411,-0.02367568359908072,-0.05167717104055885,-0.011996927516340601,-0.046002949609331906,-0.032430599614304265
cf_03_switch,instcombine,gvn,-0.0294117647058823,-0.02367568359908072,-0.0724648913203028,-0.03278289190256273,-0.06752431628947315,-0.08812954974493074
cf_03_switch,instcombine,dce,0.0,-0.02367568359908072,-0.0003988831272437174,0.039267520040804596,0.00013580246913580233,-0.000305712813030857
cf_03_switch,instcombine,adce,0.0,-0.02367568359908072,-0.0003988831272437174,0.039267520040804624,0.00013580246913580233,-0.000305712813030857
cf_03_switch,instcombine,reassociate,0.0,-0.02367568359908072,-0.0022320734306653825,0.03743501172482892,-0.00038651420947362423,-0.000305712813030857
cf_03_switch,instcombine,licm,0.0,-0.02367568359908072,-0.0014542905195047955,0.03821014359272153,0.0025087090764252798,-0.000305712813030857
cf_03_switch,instcombine,loop-rotate,0.0588235294117647,-0.02367568359908072,0.10640488981388016,0.14604153778314163,0.08646888095196652,0.06803978751837145
cf_03_switch,instcombine,loop-unroll,0.0,-0.02367568359908072,0.0,0.039647650215337796,0.0001457527178920211,0.001384006055924671
cf_03_switch,simplifycfg,mem2reg,0.0,-0.02367568359908072,0.002893391042394726,0.042549794729486126,0.0003847429519071308,-0.006044065254498335
cf_03_switch,simplifycfg,sroa,0.0,-0.02367568359908072,0.002893391042394726,0.042549605481121314,0.0006343283582089549,-0.005673553098089642
cf_03_switch,simplifycfg,instcombine,0.0147058823529411,-0.02367568359908072,0.007440225776172634,0.047109081923749394,0.01225464527444065,0.0014741608644858034
cf_03_switch,simplifycfg,early-cse,0.0,-0.02367568359908072,0.0016641575631243261,0.041331826553437825,0.00040407838810616254,-0.0010791191331989893
cf_03_switch,simplifycfg,gvn,-0.0147058823529411,-0.02367568359908072,-0.023210612003537027,0.01646014844069078,-0.021507998864766897,-0.01659935037060133
cf_03_switch,simplifycfg,dce,0.0,-0.02367568359908072,0.0,0.0396711290942718,-1.9392285882415837e-05,0.000541473423146232
cf_03_switch,simplifycfg,adce,0.0,-0.02367568359908072,0.0,0.03967112909427174,-1.9392285882415837e-05,0.000541473423146232
cf_03_switch,simplifycfg,reassociate,0.0,-0.02367568359908072,0.0,0.03967121203429051,-1.9392285882415837e-05,0.000541473423146232
cf_03_switch,simplifycfg,licm,0.0,-0.02367568359908072,0.005439081541109614,0.04510611931932311,0.000369974478889948,0.000541473423146232
cf_03_switch,simplifycfg,loop-rotate,0.0,-0.02367568359908072,-0.0004221190375685913,0.039254293988658415,-0.00010258899676375265,0.0026299154981672414
cf_03_switch,simplifycfg,loop-unroll,0.0,-0.02367568359908072,0.000301228723030087,0.039953636775964294,-0.00014754628993992445,0.0022311922921017615
cf_03_switch,early-cse,mem2reg,-0.1029411764705882,-0.02367568359908072,-0.0763877555867217,-0.036711267953768015,-0.10704068743922546,-0.10343587120534523
cf_03_switch,early-cse,sroa,-0.1029411764705882,-0.02367568359908072,-0.08011446366125587,-0.040436947468084974,-0.1144026066436794,-0.10326511415809857
cf_03_switch,early-cse,instcombine,0.0147058823529411,-0.02367568359908072,-0.04445984804499997,-0.004779855501189586,-0.04432112119146627,-0.04367944636696572
cf_03_switch,early-cse,simplifycfg,0.0,-0.02367568359908072,0.003854034259037235,0.04351976956668223,0.004361086556959518,-0.0046616173695801545
cf_03_switch,early-cse,gvn,-0.1029411764705882,-0.02367568359908072,-0.10116341105078161,-0.0614730007363026,-0.09781810445265467,-0.08135999152916357
cf_03_switch,early-cse,dce,0.0,-0.02367568359908072,0.004503360884617844,0.04416719493765471,0.0024444838132887015,-0.00481951482610078
cf_03_switch,early-cse,adce,0.0,-0.02367568359908072,0.004503360884617844,0.04416719493765474,0.002301266477016252,-0.005656282074582566
cf_03_switch,early-cse,reassociate,0.0,-0.02367568359908072,0.002636444716268265,0.042300971777643206,0.0021678764140535297,-0.0062432182478748734
cf_03_switch,early-cse,licm,-0.0294117647058823,-0.02367568359908072,-0.05228660963569597,-0.012606531773954615,-0.04096813487029765,-0.04495439079774077
cf_03_switch,early-cse,loop-rotate,-0.0147058823529411,-0.02367568359908072,-0.025358321465433303,0.01432041673990737,-0.02727840919462866,-0.022718234215307352
cf_03_switch,early-cse,loop-unroll,0.0,-0.02367568359908072,-0.0017864485566434303,0.037860818265518445,0.000378295290990863,-0.008340211020776613
cf_03_switch,gvn,mem2reg,-0.2352941176470588,-0.02367568359908072,-0.1640412515205643,-0.1243433452338673,-0.19399364478477485,-0.16268119427606328
cf_03_switch,gvn,sroa,-0.2352941176470588,-0.02367568359908072,-0.16838907760752084,-0.12868993979250973,-0.19685875632224956,-0.17915885890324743
cf_03_switch,gvn,instcombine,0.2205882352941176,-0.02367568359908072,0.09571104433892783,0.13533800739358157,0.12149605590466125,0.10941087645083018
cf_03_switch,gvn,simplifycfg,-0.0147058823529411,-0.02367568359908072,-0.01966713675071097,0.01999906013700403,-0.022492101093092718,-0.014112776578027841
cf_03_switch,gvn,early-cse,-0.1029411764705882,-0.02367568359908072,-0.10158418134044842,-0.06189582107398195,-0.0872968036892187,-0.09546242746718875
cf_03_switch,gvn,dce,0.0,-0.02367568359908072,0.002694965072336522,0.042352165434376934,0.00037625597502682575,-0.006089244740242729
cf_03_switch,gvn,adce,0.0,-0.02367568359908072,0.002694965072336522,0.042352165434377045,0.0008022827041264252,-0.005816896957514342
cf_03_switch,gvn,reassociate,0.0,-0.02367568359908072,0.0018847926717281563,0.04154234072081957,0.00015988433305308037,-0.007304464119203267
cf_03_switch,gvn,licm,-0.088235294117647,-0.02367568359908072,-0.14298812240164926,-0.10328562985938168,-0.10950356774854968,-0.11298504988203992
cf_03_switch,gvn,loop-rotate,0.0441176470588235,-0.02367568359908072,0.0807073006156457,0.12034415420554519,0.06060736265150838,0.06477628997572137
cf_03_switch,gvn,loop-unroll,-0.0147058823529411,-0.02367568359908072,-0.40556789567045826,-0.3657959063338139,-0.26459372721168967,-0.26825396936761
cf_03_switch,dce,mem2reg,0.0,-0.02367568359908072,0.0,0.03965729108066755,3.3167495854063e-05,-0.007056907599637468
cf_03_switch,dce,sroa,0.0,-0.02367568359908072,0.0,0.03965710183230266,0.0,-0.006545405476191847
cf_03_switch,dce,instcombine,0.0,-0.02367568359908072,-0.0003988831272437174,0.039272476568846706,0.0,0.000541473423146232
cf_03_switch,dce,simplifycfg,0.0,-0.02367568359908072,0.0,0.039672760058008114,0.000182648401826484,0.005746195842594526
cf_03_switch,dce,early-cse,0.0,-0.02367568359908072,-0.0003988831272437174,0.03926940191589044,0.0,-0.0010791191331989893
cf_03_switch,dce,gvn,0.0,-0.02367568359908072,0.0,0.039663117607290146,0.0,-0.0032996539520155936
cf_03_switch,dce,adce,0.0,-0.02367568359908072,-0.0003988831272437174,0.03927231820870976,0.0,0.000541473423146232
cf_03_switch,dce,reassociate,0.0,-0.02367568359908072,-0.0003988831272437174,0.039272401148728556,5.2328623757194765e-06,0.000541473423146232
cf_03_switch,dce,licm,0.0,-0.02367568359908072,0.0,0.039668757049059075,0.0001181371072969988,0.000541473423146232
cf_03_switch,dce,loop-rotate,0.0,-0.02367568359908072,0.0,0.03967621698194092,6.731391585760534e-05,0.0026299154981672414
cf_03_switch,dce,loop-unroll,0.0,-0.02367568359908072,0.0,0.03965244838324296,9.9502487562188e-06,0.0022311922921017615
cf_03_switch,adce,mem2reg,0.0,-0.02367568359908072,0.0,0.03965729108066758,0.0,-0.007056907599637468
cf_03_switch,adce,sroa,0.0,-0.02367568359908072,0.0,0.03965710183230285,0.0,-0.006545405476191847
cf_03_switch,adce,instcombine,0.0,-0.02367568359908072,-0.0003988831272437174,0.039272476568846734,0.0,0.000541473423146232
cf_03_switch,adce,simplifycfg,0.0,-0.02367568359908072,0.0,0.03967276005800814,0.000182648401826484,0.005746195842594526
cf_03_switch,adce,early-cse,0.0,-0.02367568359908072,-0.0003988831272437174,0.03926940191589047,0.0,-0.0010791191331989893
cf_03_switch,adce,gvn,0.0,-0.02367568359908072,0.0,0.039663117607290285,0.0,-0.0032996539520155936
cf_03_switch,adce,dce,0.0,-0.02367568359908072,-0.0003988831272437174,0.03927231820870973,0.0,0.000541473423146232
cf_03_switch,adce,reassociate,0.0,-0.02367568359908072,-0.0003988831272437174,0.03927240114872847,5.2328623757194765e-06,0.000541473423146232
cf_03_switch,adce,licm,0.0,-0.02367568359908072,0.0,0.039668757049058964,-1.3550135501355e-05,0.000541473423146232
cf_03_switch,adce,loop-rotate,0.0,-0.02367568359908072,0.0,0.039676216981941,6.731391585760534e-05,0.0026299154981672414
cf_03_switch,adce,loop-unroll,0.0,-0.02367568359908072,0.0,0.039652448383242986,9.9502487562188e-06,0.0022311922921017615
cf_03_switch,reassociate,mem2reg,0.0,-0.02367568359908072,0.0,0.03965727345072749,0.0,-0.007056907599637468
cf_03_switch,reassociate,sroa,0.0,-0.02367568359908072,0.0,0.03965708420236268,0.0,-0.006545405476191847
cf_03_switch,reassociate,instcombine,0.0,-0.02367568359908072,-0.0006975465764454348,0.038973893086539604,-0.00028555414413827373,0.000541473423146232
cf_03_switch,reassociate,simplifycfg,0.0,-0.02367568359908072,0.0,0.03967274242806802,0.000182648401826484,0.005746195842594526
cf_03_switch,reassociate,early-cse,0.0,-0.02367568359908072,-0.001203107749347361,0.03846542246727182,-0.00030127516122728173,-0.0010791191331989893
cf_03_switch,reassociate,gvn,0.0,-0.02367568359908072,-0.0002927156706969913,0.039370479959880786,-0.0001264087030160893,-0.0032996539520155936
cf_03_switch,reassociate,dce,0.0,-0.02367568359908072,-0.0003988831272437174,0.039272300578769695,0.0,0.000541473423146232
cf_03_switch,reassociate,adce,0.0,-0.02367568359908072,-0.0003988831272437174,0.03927230057876961,0.0,0.000541473423146232
cf_03_switch,reassociate,licm,0.0,-0.02367568359908072,0.0,0.0396687394191189,0.0001181371072969988,0.000541473423146232
cf_03_switch,reassociate,loop-rotate,0.0,-0.02367568359908072,0.0,0.039676199352000854,6.731391585760534e-05,0.0026299154981672414
cf_03_switch,reassociate,loop-unroll,0.0,-0.02367568359908072,0.0,0.03965243075330298,9.9502487562188e-06,0.0022311922921017615
cf_03_switch,licm,mem2reg,-0.0147058823529412,-0.02367568359908072,-0.038519441507452803,0.0011528806895917572,-0.02268167479366653,-0.022579259555073047
cf_03_switch,licm,sroa,-0.0147058823529412,-0.02367568359908072,-0.038519441507452803,0.0011526914412269655,-0.022047786529586357,-0.024543633462287398
cf_03_switch,licm,instcombine,0.1323529411764706,-0.02367568359908072,0.21254501661296143,0.25214923457773125,0.23806928785156264,0.2284254749598415
cf_03_switch,licm,simplifycfg,0.0,-0.02367568359908072,0.010879011852055864,0.050550660667223454,0.01659809243897194,0.005746195842594526
cf_03_switch,licm,early-cse,0.0294117647058823,-0.02367568359908072,0.06436287993535449,0.10401244600369493,0.07079701173921264,0.05115105880154693
cf_03_switch,licm,gvn,0.0147058823529411,-0.02367568359908072,0.03999308430175763,0.07964557680931923,0.05141641800822657,0.045670920144639846
cf_03_switch,licm,dce,0.0,-0.02367568359908072,0.0,0.039673514775284566,0.0,0.000541473423146232
cf_03_switch,licm,adce,0.0,-0.02367568359908072,0.0,0.03967351477528465,0.0,0.000541473423146232
cf_03_switch,licm,reassociate,0.0,-0.02367568359908072,0.0,0.03967359771530331,5.2328623757194765e-06,0.000541473423146232
cf_03_switch,licm,loop-rotate,-0.0147058823529411,-0.02367568359908072,0.0020583821058416042,0.04173637023830064,-0.029536720017719093,-0.012362273337089016
cf_03_switch,licm,loop-unroll,0.0,-0.02367568359908072,-0.08904360618538727,-0.049359616468140216,-0.03101796859258628,0.003888952251607109
cf_03_switch,loop-rotate,mem2reg,0.0,-0.02367568359908072,0.009992500868604062,0.04965017567556805,-0.0019082329147023403,0.003954762237845259
cf_03_switch,loop-rotate,sroa,0.0,-0.02367568359908072,0.009992500868604062,0.04964998642720324,-0.001627905205865544,0.003106400794111777
cf_03_switch,loop-rotate,instcombine,0.0294117647058823,-0.02367568359908072,0.0587560914176767,0.09841176959396523,0.03813500577501046,0.028074087460703907
cf_03_switch,loop-rotate,simplifycfg,0.0294117647058823,-0.02367568359908072,0.05850369203116224,0.09816098339458006,0.04144705070728361,0.039482692030209286
cf_03_switch,loop-rotate,early-cse,0.0294117647058823,-0.02367568359908072,0.0585880468395895,0.09824070527629979,0.04164275424974995,0.046722030818871337
cf_03_switch,loop-rotate,gvn,0.0,-0.02367568359908072,0.009940269899016143,0.04960378830056776,-0.0035167914717112365,0.006016943056556062
cf_03_switch,loop-rotate,dce,0.0,-0.02367568359908072,0.0,0.03967472005157131,-8.375536183755361e-05,0.007411998597194641
cf_03_switch,loop-rotate,adce,0.0,-0.02367568359908072,0.0,0.03967472005157137,-7.26442507264425e-05,0.007330553324799637
cf_03_switch,loop-rotate,reassociate,0.0,-0.02367568359908072,0.0,0.039674802991590194,-7.852249946183413e-05,0.007805899664129875
cf_03_switch,loop-rotate,licm,0.0,-0.02367568359908072,0.012489742929383743,0.052158067659384286,0.011273677817926002,0.009858070431717906
cf_03_switch,loop-rotate,loop-unroll,0.0,-0.02367568359908072,0.0007233477605986784,0.0403792088313492,-9.875239314193722e-05,0.011079964734775847
cf_03_switch,loop-unroll,mem2reg,0.0,-0.02367568359908072,0.0,0.039656469288787036,3.3167495854063e-05,-0.007056907599637468
cf_03_switch,loop-unroll,sroa,0.0,-0.02367568359908072,0.0,0.03965628004042228,0.0,-0.006545405476191847
cf_03_switch,loop-unroll,instcombine,0.0,-0.02367568359908072,0.0,0.039670407557725565,0.0,0.000541473423146232
cf_03_switch,loop-unroll,simplifycfg,0.0,-0.02367568359908072,0.0007233477605986784,0.04039504965213163,0.0003113169855135523,0.005746195842594526
cf_03_switch,loop-unroll,early-cse,0.0,-0.02367568359908072,0.0,0.03966733290476927,0.0,-0.0010791191331989893
cf_03_switch,loop-unroll,gvn,0.0,-0.02367568359908072,0.0,0.039662295815409684,0.0,-0.0032996539520155936
cf_03_switch,loop-unroll,dce,0.0,-0.02367568359908072,0.0,0.039670249197588506,0.0,0.000541473423146232
cf_03_switch,loop-unroll,adce,0.0,-0.02367568359908072,0.0,0.039670249197588506,0.0,0.000541473423146232
cf_03_switch,loop-unroll,reassociate,0.0,-0.02367568359908072,0.0,0.03967033213760733,5.2328623757194765e-06,0.000541473423146232
cf_03_switch,loop-unroll,licm,0.0,-0.02367568359908072,0.0007233477605986784,0.040391046643182396,0.00020722530544996408,0.000541473423146232
cf_03_switch,loop-unroll,loop-rotate,0.0,-0.02367568359908072,0.0007233477605986784,0.040398506576064294,8.260443573528117e-05,0.0026299154981672414
cf_04_const_branch,mem2reg,sroa,-0.6458333333333334,-0.023120257212452287,-0.4147236643058524,-0.41638236053987865,-0.5035875849414911,-0.5142563413169481
cf_04_const_branch,mem2reg,instcombine,-0.4791666666666667,-0.023120257212452287,-0.13029831834878247,-0.13203541144871125,-0.16795567379444754,-0.17284807741143388
cf_04_const_branch,mem2reg,simplifycfg,0.0,-0.023120257212452287,0.027602132087310553,0.02581425862543258,0.0025859697288442376,0.008680301257493288
cf_04_const_branch,mem2reg,early-cse,-0.1041666666666666,-0.023120257212452287,-0.0644935661861787,-0.06625594314861608,-0.07725641538752172,-0.06970394512871365
cf_04_const_branch,mem2reg,gvn,-0.2083333333333333,-0.023120257212452287,-0.15919067116771765,-0.16092714169574385,-0.19268323560761555,-0.18384394364805673
cf_04_const_branch,mem2reg,dce,0.0416666666666666,-0.023120257212452287,0.0,-0.0017806144790702902,8.026746775036774e-05,-0.003176552596333481
cf_04_const_branch,mem2reg,adce,0.0416666666666666,-0.023120257212452287,0.0,-0.001780614479070304,6.065962461311287e-05,-0.007472211518771428
cf_04_const_branch,mem2reg,reassociate,0.0208333333333333,-0.023120257212452287,0.005563133708021587,0.0037808122903781397,0.011188137986261882,0.0006296791653604162
cf_04_const_branch,mem2reg,licm,0.0208333333333333,-0.023120257212452287,0.014430636867153995,0.012643006723573595,0.0150031057285046,0.006885056139510364
cf_04_const_branch,mem2reg,loop-rotate,0.0625,-0.023120257212452287,0.08316694525556452,0.08136430913833487,0.07058058836877497,0.06851476858675154
cf_04_const_branch,mem2reg,loop-unroll,-0.0208333333333333,-0.023120257212452287,-0.3488628581517942,-0.35054802587055744,-0.6795239698872302,-0.598131490429901
cf_04_const_branch,sroa,mem2reg,-0.6458333333333334,-0.023120257212452287,-0.4147236643058524,-0.4163822185953511,-0.5051114628774972,-0.50586685584939
cf_04_const_branch,sroa,instcombine,-0.4791666666666667,-0.023120257212452287,-0.13060887735499363,-0.13234591627471134,-0.16115408512244633,-0.1697744252270025
cf_04_const_branch,sroa,simplifycfg,0.0,-0.023120257212452287,0.027602132087310553,0.02581421132159508,0.0016741548437276465,0.0069714158064167345
cf_04_const_branch,sroa,early-cse,-0.1041666666666666,-0.023120257212452287,-0.0660463612172346,-0.06780827806326681,-0.07561441896542057,-0.07834861888360567
cf_04_const_branch,sroa,gvn,-0.2083333333333333,-0.023120257212452287,-0.16136458421119593,-0.16310039165472,-0.19385013428777256,-0.1968469654870557
cf_04_const_branch,sroa,dce,0.0416666666666666,-0.023120257212452287,0.0003105590062111783,-0.0014702042607450463,0.0006961934855212361,-0.006142571561128537
cf_04_const_branch,sroa,adce,0.0416666666666666,-0.023120257212452287,0.0003105590062111783,-0.001470204260745088,0.0006389788047771438,-0.006142571561128537
cf_04_const_branch,sroa,reassociate,0.0208333333333333,-0.023120257212452287,0.006494810726655126,0.004712137553028718,0.01835378843166903,0.005947131465200438
cf_04_const_branch,sroa,licm,0.0208333333333333,-0.023120257212452287,0.014430636867153995,0.012642959419736165,0.018142720139460115,0.0009635161909450255
cf_04_const_branch,sroa,loop-rotate,0.0625,-0.023120257212452287,0.08316694525556452,0.08136426183449735,0.07531715334687784,0.058692240688830825
cf_04_const_branch,sroa,loop-unroll,-0.0208333333333333,-0.023120257212452287,-0.3488628581517942,-0.35054807317439507,-0.7098086761515522,-0.6196409933330518
cf_04_const_branch,instcombine,mem2reg,-0.4791666666666667,-0.023120257212452287,-0.1323937729296854,-0.1341328413737402,-0.1664296377823836,-0.17006443690489417
cf_04_const_branch,instcombine,sroa,-0.4791666666666667,-0.023120257212452287,-0.13643104001043072,-0.13816897841022008,-0.1875766653476831,-0.16270407870011694
cf_04_const_branch,instcombine,simplifycfg,0.0,-0.023120257212452287,0.01093070483268583,0.009159977155527958,0.0007622349770008264,0.0022351704445546057
cf_04_const_branch,instcombine,early-cse,-0.1041666666666666,-0.023120257212452287,-0.04778757172257079,-0.04954370992863597,-0.06799899746575472,-0.0688410940765184
cf_04_const_branch,instcombine,gvn,-0.1458333333333333,-0.023120257212452287,-0.0674030839886745,-0.06915785082079673,-0.1528875573987753,-0.1253138338880575
cf_04_const_branch,instcombine,dce,0.0,-0.023120257212452287,-0.0003988831272437174,-0.002167669341370658,-0.00012866141876059735,-0.002154569145073355
cf_04_const_branch,instcombine,adce,0.0,-0.023120257212452287,-0.0003988831272437174,-0.002167669341370672,-0.00014826926189785223,-0.002154569145073355
cf_04_const_branch,instcombine,reassociate,0.0,-0.023120257212452287,-0.0022320734306653825,-0.004000149622692593,-0.0012656144945645586,-0.002154569145073355
cf_04_const_branch,instcombine,licm,0.0208333333333333,-0.023120257212452287,-0.0023600876209540693,-0.0041305329960271905,0.015152505612256938,-0.002154569145073355
cf_04_const_branch,instcombine,loop-rotate,0.0833333333333333,-0.023120257212452287,0.10533924616511632,0.10354106253209372,0.09689158210231291,0.08645969582816346
cf_04_const_branch,instcombine,loop-unroll,0.0,-0.023120257212452287,0.0,-0.0017874707293002515,-0.00014826926189785223,-0.004803680495952692
cf_04_const_branch,simplifycfg,mem2reg,0.0,-0.023120257212452287,0.002893391042394726,0.0011143233289972673,0.0007254566754772146,-0.00618909424218122
cf_04_const_branch,simplifycfg,sroa,0.0,-0.023120257212452287,0.002893391042394726,0.0011141340806323716,0.0006723155737259525,-0.005502657586368188
cf_04_const_branch,simplifycfg,instcombine,0.0208333333333332,-0.023120257212452287,0.007173814863981673,0.005407706411900935,0.009556933370535493,0.0006825318129177854
cf_04_const_branch,simplifycfg,early-cse,0.0,-0.023120257212452287,0.0016641575631243261,-0.00010393072600139303,0.0009446062511005521,0.00032341176569893
cf_04_const_branch,simplifycfg,gvn,-0.0208333333333333,-0.023120257212452287,-0.02294420109134606,-0.024709286450996064,-0.02444707671361881,-0.01661375299856844
cf_04_const_branch,simplifycfg,dce,0.0,-0.023120257212452287,0.0,-0.0017647068750200126,3.769920451219833e-05,0.0007903746866885767
cf_04_const_branch,simplifycfg,adce,0.0,-0.023120257212452287,0.0,-0.001764706875019957,6.396292100797095e-05,0.0007903746866885767
cf_04_const_branch,simplifycfg,reassociate,0.0,-0.023120257212452287,0.0,-0.0017645959003473946,-0.00018019489715805426,0.0007903746866885767
cf_04_const_branch,simplifycfg,licm,0.0,-0.023120257212452287,0.005439081541109614,0.0036702972497658012,-7.842219400075919e-07,0.0007903746866885767
cf_04_const_branch,simplifycfg,loop-rotate,0.0,-0.023120257212452287,-0.0004221190375685913,-0.002181532430320439,0.0018675436214271165,0.004081683416402283
cf_04_const_branch,simplifycfg,loop-unroll,0.0,-0.023120257212452287,0.000301228723030087,-0.0014821307557901578,5.317543449232918e-05,-0.0018587366641907566
cf_04_const_branch,early-cse,mem2reg,-0.125,-0.023120257212452287,-0.07542867630283424,-0.07718787853701392,-0.09328304487550436,-0.09493942975199911
cf_04_const_branch,early-cse,sroa,-0.125,-0.023120257212452287,-0.0791553843773684,-0.08091355805133085,-0.0971862795708653,-0.07649414754652537
cf_04_const_branch,early-cse,instcombine,-0.1041666666666666,-0.023120257212452287,-0.03929147634849529,-0.04104812943521576,-0.06262699853557817,-0.03664806188257536
cf_04_const_branch,early-cse,simplifycfg,0.0,-0.023120257212452287,0.003854034259037235,0.0020841002730981537,0.002051857186998866,-0.005787541897943785
cf_04_const_branch,early-cse,gvn,-0.0833333333333333,-0.023120257212452287,-0.10201592596979268,-0.10376090087815834,-0.12049434811879828,-0.10332401463955683
cf_04_const_branch,early-cse,dce,0.0,-0.023120257212452287,0.004503360884617844,0.002731453908338892,0.0030414040389394447,-0.00377003317998572
cf_04_const_branch,early-cse,adce,0.0,-0.023120257212452287,0.004503360884617844,0.002731453908338864,0.00284810000295415,-0.0031139452450916795
cf_04_const_branch,early-cse,reassociate,0.0,-0.023120257212452287,0.002636444716268265,0.0008652587829811945,0.0022667944336184852,-0.004078803212488523
cf_04_const_branch,early-cse,licm,-0.0208333333333333,-0.023120257212452287,-0.05265958491276332,-0.05441511230025139,-0.036748132288337426,-0.03327792076468035
cf_04_const_branch,early-cse,loop-rotate,-0.0208333333333333,-0.023120257212452287,-0.02509191055324234,-0.026848990884299075,-0.013902580519144824,-0.018649775402098258
cf_04_const_branch,early-cse,loop-unroll,0.0,-0.023120257212452287,-0.0017864485566434303,-0.003574854326260514,0.0013215972951693064,-0.010098442846103152
cf_04_const_branch,gvn,mem2reg,-0.2083333333333333,-0.023120257212452287,-0.16521345953420455,-0.1669505080575412,-0.1967816876445394,-0.19592191468110567
cf_04_const_branch,gvn,sroa,-0.2083333333333333,-0.023120257212452287,-0.16956128562116107,-0.17129710261618364,-0.19152544609713254,-0.1993933534819291
cf_04_const_branch,gvn,instcombine,-0.0416666666666666,-0.023120257212452287,0.10711343138070105,0.10530175025973532,0.11920887753496383,0.1550276352553323
cf_04_const_branch,gvn,simplifycfg,-0.0208333333333333,-0.023120257212452287,-0.019400725838520004,-0.021170246703840108,-0.02397475807979343,-0.015648444731148542
cf_04_const_branch,gvn,early-cse,-0.0833333333333333,-0.023120257212452287,-0.10243669625945949,-0.10418368115085008,-0.11245835439100597,-0.1296026515045883
cf_04_const_branch,gvn,dce,0.0,-0.023120257212452287,0.002694965072336522,0.0009164630030047347,0.00028560571515427903,-0.0063664823096486805
cf_04_const_branch,gvn,adce,0.0,-0.023120257212452287,0.002694965072336522,0.0009164630030046236,0.0007849521203830365,-0.006518688446936156
cf_04_const_branch,gvn,reassociate,0.0,-0.023120257212452287,0.0018847926717281563,0.00010666632410089721,-0.0001600872907302425,-0.003900782951355079
cf_04_const_branch,gvn,licm,-0.1041666666666666,-0.023120257212452287,-0.14229545402995278,-0.14402887636854883,-0.08875284729796067,-0.09329760116546706
cf_04_const_branch,gvn,loop-rotate,0.0625,-0.023120257212452287,0.07990806787907281,0.07810948976009674,0.0673843235300915,0.060254672180173496
cf_04_const_branch,gvn,loop-unroll,-0.0208333333333333,-0.023120257212452287,-0.4053014847582673,-0.40696521647285167,-0.7909600354055567,-0.6378353435037072
cf_04_const_branch,dce,mem2reg,0.0,-0.023120257212452287,0.0,-0.0017781837093979527,8.838383838383829e-05,-0.007063174192374936
cf_04_const_branch,dce,sroa,0.0,-0.023120257212452287,0.0,-0.001778372957762793,0.0,-0.007276314531673613
cf_04_const_branch,dce,instcombine,0.0,-0.023120257212452287,-0.0003988831272437174,-0.002162578477781986,-2.7808868438139687e-06,0.0007903746866885767
cf_04_const_branch,dce,simplifycfg,0.0,-0.023120257212452287,0.0,-0.0017630075651283786,0.0,0.005180114276316532
cf_04_const_branch,dce,early-cse,0.0,-0.023120257212452287,-0.0003988831272437174,-0.0021663587531255066,-0.00011205730354157159,1.9170292843212795e-05
cf_04_const_branch,dce,gvn,0.0,-0.023120257212452287,0.0,-0.00177264452876965,-0.00011251709986320075,-0.0038524925984365767
cf_04_const_branch,dce,adce,0.0,-0.023120257212452287,-0.0003988831272437174,-0.0021635211501584914,0.0,0.0007903746866885767
cf_04_const_branch,dce,reassociate,0.0,-0.023120257212452287,-0.0003988831272437174,-0.0021634101754859705,-0.0002441578181660252,0.0007903746866885767
cf_04_const_branch,dce,licm,0.0,-0.023120257212452287,0.0,-0.0017670684100750192,1.3486876231974286e-05,0.0007903746866885767
cf_04_const_branch,dce,loop-rotate,0.0,-0.023120257212452287,0.0,-0.0017596128266142916,0.0019026029526029524,0.004081683416402283
cf_04_const_branch,dce,loop-unroll,0.0,-0.023120257212452287,0.0,-0.0017833225380880571,0.0,-0.0018587366641907566
cf_04_const_branch,adce,mem2reg,0.0,-0.023120257212452287,0.0,-0.001778183709397925,3.787878787878783e-05,-0.007063174192374936
cf_04_const_branch,adce,sroa,0.0,-0.023120257212452287,0.0,-0.001778372957762793,0.0,-0.007276314531673613
cf_04_const_branch,adce,instcombine,0.0,-0.023120257212452287,-0.0003988831272437174,-0.002162578477781958,-2.7808868438139687e-06,0.0007903746866885767
cf_04_const_branch,adce,simplifycfg,0.0,-0.023120257212452287,0.0,-0.0017630075651283508,0.0,0.005180114276316532
cf_04_const_branch,adce,early-cse,0.0,-0.023120257212452287,-0.0003988831272437174,-0.0021663587531254927,-0.00011205730354157159,1.9170292843212795e-05
cf_04_const_branch,adce,gvn,0.0,-0.023120257212452287,0.0,-0.0017726445287696915,-0.00011251709986320075,-0.0038524925984365767
cf_04_const_branch,adce,dce,0.0,-0.023120257212452287,-0.0003988831272437174,-0.0021635211501584498,1.9607843137254875e-05,0.0007903746866885767
cf_04_const_branch,adce,reassociate,0.0,-0.023120257212452287,-0.0003988831272437174,-0.002163410175485915,-0.0002441578181660252,0.0007903746866885767
cf_04_const_branch,adce,licm,0.0,-0.023120257212452287,0.0,-0.0017670684100750192,1.3486876231974286e-05,0.0007903746866885767
cf_04_const_branch,adce,loop-rotate,0.0,-0.023120257212452287,0.0,-0.0017596128266143332,0.0019026029526029524,0.004081683416402283
cf_04_const_branch,adce,loop-unroll,0.0,-0.023120257212452287,0.0,-0.0017833225380880294,0.0,-0.0018587366641907566
cf_04_const_branch,reassociate,mem2reg,0.0,-0.023120257212452287,0.0,-0.0017782000146758306,-2.0915719787128682e-05,-0.007063174192374936
cf_04_const_branch,reassociate,sroa,0.0,-0.023120257212452287,0.0,-0.0017783892630407819,-0.00010929955817096696,-0.007276314531673613
cf_04_const_branch,reassociate,instcombine,0.0,-0.023120257212452287,-0.0006975465764454348,-0.0024611606354270413,-0.00029612706700615294,0.0007903746866885767
cf_04_const_branch,reassociate,simplifycfg,0.0,-0.023120257212452287,0.0,-0.0017630238704062842,-0.00010929955817096696,0.005180114276316532
cf_04_const_branch,reassociate,early-cse,0.0,-0.023120257212452287,-0.001203107749347361,-0.002970336877081932,-0.0012040424571085086,1.9170292843212795e-05
cf_04_const_branch,reassociate,gvn,0.0,-0.023120257212452287,-0.0002927156706969913,-0.0020652808515169777,-0.0007326826502271075,-0.0038524925984365767
cf_04_const_branch,reassociate,dce,0.0,-0.023120257212452287,-0.0003988831272437174,-0.0021635374554364664,-8.969171503371208e-05,0.0007903746866885767
cf_04_const_branch,reassociate,adce,0.0,-0.023120257212452287,-0.0003988831272437174,-0.0021635374554364525,-0.00010929955817096696,0.0007903746866885767
cf_04_const_branch,reassociate,licm,0.0,-0.023120257212452287,0.0,-0.0017670847153529526,-9.581268193899268e-05,0.0007903746866885767
cf_04_const_branch,reassociate,loop-rotate,0.0,-0.023120257212452287,0.0,-0.0017596291318923221,0.0018589983014401618,0.004081683416402283
cf_04_const_branch,reassociate,loop-unroll,0.0,-0.023120257212452287,0.0,-0.001783338843366046,-0.00010929955817096696,-0.0018587366641907566
cf_04_const_branch,licm,mem2reg,0.0,-0.023120257212452287,-0.03915882769671112,-0.04092187764721329,-0.02351731181669472,-0.020916825480623333
cf_04_const_branch,licm,sroa,0.0,-0.023120257212452287,-0.03915882769671112,-0.04092206689557821,-0.023336589383536246,-0.024782977128419877
cf_04_const_branch,licm,instcombine,0.2083333333333332,-0.023120257212452287,0.2092415213017935,0.20741165743639867,0.22510220958319982,0.20480073813582464
cf_04_const_branch,licm,simplifycfg,0.0,-0.023120257212452287,0.010879011852055864,0.009114786748858926,0.006042962630488076,0.005180114276316532
cf_04_const_branch,licm,early-cse,0.0625,-0.023120257212452287,0.06292426100952328,0.06113843022355042,0.06819446854229139,0.05776355570385527
cf_04_const_branch,licm,gvn,0.0416666666666666,-0.023120257212452287,0.03882087628811739,0.03703788341692704,0.04446702988955354,0.02836031621328343
cf_04_const_branch,licm,dce,0.0,-0.023120257212452287,0.0,-0.0017624308788119838,0.00029738562091503266,0.0007903746866885767
cf_04_const_branch,licm,adce,0.0,-0.023120257212452287,0.0,-0.0017624308788119838,0.0002777777777777778,0.0007903746866885767
cf_04_const_branch,licm,reassociate,0.0,-0.023120257212452287,0.0,-0.001762319904139352,3.3619959611752546e-05,0.0007903746866885767
cf_04_const_branch,licm,loop-rotate,-0.0208333333333333,-0.023120257212452287,0.002324793018032569,0.0005667579893136251,-0.01643001587360049,-0.006110548931302355
cf_04_const_branch,licm,loop-unroll,0.0,-0.023120257212452287,-0.08904360618538727,-0.09079549368469966,-0.10894786029973824,-0.18437364401351167
cf_04_const_branch,loop-rotate,mem2reg,0.0,-0.023120257212452287,0.009992500868604062,0.008214676655531876,-0.0012915364967345914,0.002529060828058313
cf_04_const_branch,loop-rotate,sroa,0.0,-0.023120257212452287,0.009992500868604062,0.008214487407167063,-0.001346820817777672,0.002451109193516566
cf_04_const_branch,loop-rotate,instcombine,0.0416666666666666,-0.023120257212452287,0.05822326959329478,0.056444042607773276,0.03414202874262417,0.03807026971662146
cf_04_const_branch,loop-rotate,simplifycfg,0.0416666666666666,-0.023120257212452287,0.057970870206780316,0.0561925438318803,0.03607423777965244,0.03616933226825571
cf_04_const_branch,loop-rotate,early-cse,0.0416666666666666,-0.023120257212452287,0.05805522501520757,0.05627227266772061,0.05059582952803352,0.044977082074867614
cf_04_const_branch,loop-rotate,gvn,0.0,-0.023120257212452287,0.009940269899016143,0.008168001934537227,-0.0021849252739509044,0.005163302964436443
cf_04_const_branch,loop-rotate,dce,0.0,-0.023120257212452287,0.0,-0.001761143537267633,-0.0003926564510566096,0.006842320654353263
cf_04_const_branch,loop-rotate,adce,0.0,-0.023120257212452287,0.0,-0.0017611435372676607,-0.0003926564510566096,0.00652326836927274
cf_04_const_branch,loop-rotate,reassociate,0.0,-0.023120257212452287,0.0,-0.0017610325625950843,-0.00041648858666647556,0.0068155480734018075
cf_04_const_branch,loop-rotate,licm,0.0,-0.023120257212452287,0.012489742929383743,0.010722217970279897,0.010984593806041703,0.009806170249561609
cf_04_const_branch,loop-rotate,loop-unroll,0.0,-0.023120257212452287,0.0007233477605986784,-0.0010565863199524864,-0.0003436665520667107,0.0066839591596666945
cf_04_const_branch,loop-unroll,mem2reg,0.0,-0.023120257212452287,0.0,-0.0017790022675444953,8.838383838383829e-05,-0.007063174192374936
cf_04_const_branch,loop-unroll,sroa,0.0,-0.023120257212452287,0.0,-0.0017791915159094326,0.0,-0.007276314531673613
cf_04_const_branch,loop-unroll,instcombine,0.0,-0.023120257212452287,0.0,-0.0017646442551692357,-2.7808868438139687e-06,0.0007903746866885767
cf_04_const_branch,loop-unroll,simplifycfg,0.0,-0.023120257212452287,0.0007233477605986784,-0.0010407147372710965,4.9751243781094e-06,0.005180114276316532
cf_04_const_branch,loop-unroll,early-cse,0.0,-0.023120257212452287,0.0,-0.0017684245305127563,-0.00011205730354157159,1.9170292843212795e-05
cf_04_const_branch,loop-unroll,gvn,0.0,-0.023120257212452287,0.0,-0.0017734630869163173,-0.00011251709986320075,-0.0038524925984365767
cf_04_const_branch,loop-unroll,dce,0.0,-0.023120257212452287,0.0,-0.0017655869275457273,1.9607843137254875e-05,0.0007903746866885767
cf_04_const_branch,loop-unroll,adce,0.0,-0.023120257212452287,0.0,-0.001765586927545755,0.0,0.0007903746866885767
cf_04_const_branch,loop-unroll,reassociate,0.0,-0.023120257212452287,0.0,-0.0017654759528731925,-0.0002441578181660252,0.0007903746866885767
cf_04_const_branch,loop-unroll,licm,0.0,-0.023120257212452287,0.0007233477605986784,-0.0010447755822176955,1.3486876231974286e-05,0.0007903746866885767
cf_04_const_branch,loop-unroll,loop-rotate,0.0,-0.023120257212452287,0.0007233477605986784,-0.0010373199987569817,0.0017248251748251744,0.004081683416402283
cf_05_early_exit,mem2reg,sroa,-0.3944954128440367,-0.024181930990520156,-0.42565139997930007,-0.4067702971828497,-0.3578616806045256,-0.357376922391373
cf_05_early_exit,mem2reg,instcombine,-0.091743119266055,-0.024181930990520156,-0.1471428204096786,-0.12833849728285557,-0.10915826150781467,-0.10687644679731839
cf_05_early_exit,mem2reg,simplifycfg,0.0275229357798165,-0.024181930990520156,0.026405482705579398,0.04515470596452842,0.05848370810651956,0.03823608599524401
cf_05_early_exit,mem2reg,early-cse,-0.0825688073394495,-0.024181930990520156,-0.06543260354823162,-0.046657961960148625,-0.06017707834907205,-0.04552743386700476
cf_05_early_exit,mem2reg,gvn,-0.1009174311926605,-0.024181930990520156,-0.16386092778252953,-0.14505938997418183,-0.13042322946841023,-0.12959991871503046
cf_05_early_exit,mem2reg,dce,0.0,-0.024181930990520156,0.001811594202898548,0.020567218629569003,0.00012914858453465358,-0.0009397223157997372
cf_05_early_exit,mem2reg,adce,0.0,-0.024181930990520156,0.001811594202898548,0.02056721862956899,2.25386342221885e-05,-0.0009397223157997372
cf_05_early_exit,mem2reg,reassociate,0.0,-0.024181930990520156,0.0064689308094708605,0.02522311625805566,0.0005440314639385594,-0.0004526137827979855
cf_05_early_exit,mem2reg,licm,0.073394495412844,-0.024181930990520156,0.012145368950653532,0.03089517280277748,0.02082477723768803,0.002982342757966928
cf_05_early_exit,mem2reg,loop-rotate,0.0458715596330275,-0.024181930990520156,0.08388992092369375,0.10262384374991126,0.0958221290505533,0.0807010891268136
cf_05_early_exit,mem2reg,loop-unroll,-0.0458715596330275,-0.024181930990520156,-0.3477742396170249,-0.32892295092735785,-0.362560684861299,-0.330012843697018
cf_05_early_exit,sroa,mem2reg,-0.3944954128440367,-0.024181930990520156,-0.42565139997930007,-0.4067701552383218,-0.3570202854660618,-0.3707725285756355
cf_05_early_exit,sroa,instcombine,-0.091743119266055,-0.024181930990520156,-0.1474533794158898,-0.1286490021088557,-0.11302601188654364,-0.10910644704799084
cf_05_early_exit,sroa,simplifycfg,0.0275229357798165,-0.024181930990520156,0.026405482705579398,0.045154658660690905,0.05795913968693323,0.03982633467987727
cf_05_early_exit,sroa,early-cse,-0.0825688073394495,-0.024181930990520156,-0.06698539857928752,-0.04821029687479944,-0.06040777853704706,-0.047794888746067986
cf_05_early_exit,sroa,gvn,-0.1009174311926605,-0.024181930990520156,-0.16603484082600778,-0.1472326399331581,-0.13373479123671467,-0.12972992954751333
cf_05_early_exit,sroa,dce,0.0,-0.024181930990520156,0.0021221532091097264,0.020877628847894177,0.0007155167523816122,-0.0033898742970654046
cf_05_early_exit,sroa,adce,0.0,-0.024181930990520156,0.0021221532091097264,0.020877628847894205,0.0004458427080996342,-0.0033898742970654046
cf_05_early_exit,sroa,reassociate,0.0,-0.024181930990520156,0.0074006078281044,0.026154441520706225,0.0011351679062252338,-0.0018762400895589158
cf_05_early_exit,sroa,licm,0.073394495412844,-0.024181930990520156,0.012145368950653532,0.030895125498939937,0.0209861104100042,0.005029278932149519
cf_05_early_exit,sroa,loop-rotate,0.0458715596330275,-0.024181930990520156,0.08388992092369375,0.1026237964460737,0.09425265668572316,0.08268271857411619
cf_05_early_exit,sroa,loop-unroll,-0.0458715596330275,-0.024181930990520156,-0.3477742396170249,-0.3289229982311955,-0.37052304224296134,-0.3208046094898045
cf_05_early_exit,instcombine,mem2reg,-0.091743119266055,-0.024181930990520156,-0.14923827499058157,-0.13043580345975786,-0.11077283205284165,-0.11907743655508271
cf_05_early_exit,instcombine,sroa,-0.091743119266055,-0.024181930990520156,-0.15327554207132688,-0.13447194049623762,-0.11462667572705487,-0.12087401591759689
cf_05_early_exit,instcombine,simplifycfg,0.0091743119266055,-0.024181930990520156,0.010531821705442113,0.029297737527693487,0.017407524250152167,0.006000676658369714
cf_05_early_exit,instcombine,early-cse,-0.0275229357798165,-0.024181930990520156,-0.05111990784808601,-0.03233843795317415,-0.04332904661029233,-0.03089779945493688
cf_05_early_exit,instcombine,gvn,-0.0275229357798165,-0.024181930990520156,-0.07254701431708828,-0.05376381055483584,-0.03014113913485158,-0.050124177269460196
cf_05_early_exit,instcombine,dce,0.0,-0.024181930990520156,-0.0003988831272437174,0.018368969026203743,-0.0005597160276509266,-0.0004983818600104059
cf_05_early_exit,instcombine,adce,0.0,-0.024181930990520156,-0.0003988831272437174,0.018368969026203812,-0.0006014026274985563,-0.0004983818600104059
cf_05_early_exit,instcombine,reassociate,0.0,-0.024181930990520156,-0.0022320734306653825,0.01653646071022807,-0.001178874653459128,-0.0004983818600104059
cf_05_early_exit,instcombine,licm,0.0091743119266055,-0.024181930990520156,-0.001853173646748513,0.01691271002004339,-0.006677184685147329,-0.0004983818600104059
cf_05_early_exit,instcombine,loop-rotate,0.0825688073394495,-0.024181930990520156,0.10537248642571996,0.12411089459849126,0.11795251319259208,0.0966396222554199
cf_05_early_exit,instcombine,loop-unroll,0.0,-0.024181930990520156,0.0,0.018749148887961333,-0.00010309921003520949,-0.0002918756788568477
cf_05_early_exit,simplifycfg,mem2reg,0.0,-0.024181930990520156,0.002893391042394726,0.02165098367689924,0.0060276503318156234,-0.006595897548539406
cf_05_early_exit,simplifycfg,sroa,0.0,-0.024181930990520156,0.002893391042394726,0.02165079442853444,0.00547602139695992,-0.005725318636450792
cf_05_early_exit,simplifycfg,instcombine,0.0091743119266055,-0.024181930990520156,0.007680728838187227,0.026450798808775402,0.00792760742405294,0.0020473027848146243
cf_05_early_exit,simplifycfg,early-cse,0.0,-0.024181930990520156,0.0016641575631243261,0.020433213235155036,0.004978300427693574,-0.00033137758229851723
cf_05_early_exit,simplifycfg,gvn,-0.0091743119266055,-0.024181930990520156,-0.023451115065551618,-0.004679120312273195,-0.024168226050539646,-0.020582296415392026
cf_05_early_exit,simplifycfg,dce,0.0,-0.024181930990520156,0.0,0.018772556288988034,0.0017030668278473033,0.0004734134870202818
cf_05_early_exit,simplifycfg,adce,0.0,-0.024181930990520156,0.0,0.018772556288988173,0.001487720171192281,0.0004734134870202818
cf_05_early_exit,simplifycfg,reassociate,0.0,-0.024181930990520156,0.0,0.018772639229006873,0.0019117511621101668,0.0004734134870202818
cf_05_early_exit,simplifycfg,licm,0.0825688073394495,-0.024181930990520156,0.0018491333959161566,0.020618641709886875,0.009454222951939923,0.0004734134870202818
cf_05_early_exit,simplifycfg,loop-rotate,0.0,-0.024181930990520156,-0.0004221190375685913,0.018355695034114144,0.00047842590645305686,0.003248077617021809
cf_05_early_exit,simplifycfg,loop-unroll,0.0091743119266055,-0.024181930990520156,-9.765440421363042e-05,0.01865636087714567,0.0016234671624402,0.000679919668173841
cf_05_early_exit,early-cse,mem2reg,-0.0825688073394495,-0.024181930990520156,-0.07727351076633644,-0.05849544476850968,-0.06473001869305883,-0.05892328819228676
cf_05_early_exit,early-cse,sroa,-0.0825688073394495,-0.024181930990520156,-0.0810002188408706,-0.062221124282826584,-0.062202470906465177,-0.06209302152280108
cf_05_early_exit,early-cse,instcombine,-0.0275229357798165,-0.024181930990520156,-0.04262381247401051,-0.02384302752153599,-0.026597529232537723,-0.024106388902364436
cf_05_early_exit,early-cse,simplifycfg,0.0,-0.024181930990520156,0.003854034259037235,0.022621243254071315,0.0048360983610711865,-0.0024586593303612086
cf_05_early_exit,early-cse,gvn,-0.0825688073394495,-0.024181930990520156,-0.10204916623039632,-0.08325721078066932,-0.10015036807036522,-0.09836434813477855
cf_05_early_exit,early-cse,dce,0.0,-0.024181930990520156,0.004503360884617844,0.023268722103961453,-0.0011665848252671665,-0.004933627548657317
cf_05_early_exit,early-cse,adce,0.0,-0.024181930990520156,0.004503360884617844,0.023268722103961508,-0.001249387648629209,-0.005132798577436192
cf_05_early_exit,early-cse,reassociate,0.0,-0.024181930990520156,0.002636444716268265,0.021402498943949962,-0.0013429275029303634,-0.006426169101558305
cf_05_early_exit,early-cse,licm,-0.073394495412844,-0.024181930990520156,-0.050374316996262845,-0.031593466641913565,-0.05492721005473123,-0.044766659173528456
cf_05_early_exit,early-cse,loop-rotate,-0.036697247706422,-0.024181930990520156,-0.024402175145716742,-0.0056222483715201235,-0.03146261070419709,-0.023477230908062804
cf_05_early_exit,early-cse,loop-unroll,-0.0091743119266055,-0.024181930990520156,-0.001387565429399713,0.017361147899808606,-0.0038656365509953904,-0.010899060375688161
cf_05_early_exit,gvn,mem2reg,-0.1376146788990825,-0.024181930990520156,-0.16828818364004156,-0.14948768309383237,-0.1371894893929372,-0.13115045090618882
cf_05_early_exit,gvn,sroa,-0.1376146788990825,-0.024181930990520156,-0.17263600972699808,-0.15383427765247473,-0.14489851967421066,-0.13673038880998883
cf_05_early_exit,gvn,instcombine,0.1743119266055046,-0.024181930990520156,0.09772305776017187,0.11645067325151107,0.09809485266372016,0.08848795376651479
cf_05_early_exit,gvn,simplifycfg,-0.0091743119266055,-0.024181930990520156,-0.01990763981272556,-0.0011399731125357401,-0.009804584069652325,-0.017577160728427486
cf_05_early_exit,gvn,early-cse,-0.1192660550458715,-0.024181930990520156,-0.10087440401108826,-0.08208487149755878,-0.10194164530187202,-0.09140015898533768
cf_05_early_exit,gvn,dce,0.0,-0.024181930990520156,0.002694965072336522,0.02145361013450672,0.005185316615619222,-0.0055183071891371435
cf_05_early_exit,gvn,adce,0.0,-0.024181930990520156,0.002694965072336522,0.021453610134506692,0.005119180995767764,-0.0058425991240143626
cf_05_early_exit,gvn,reassociate,0.0,-0.024181930990520156,0.0018847926717281563,0.0206437854209492,0.004686992962102109,-0.0070977081655435
cf_05_early_exit,gvn,licm,-0.146788990825688,-0.024181930990520156,-0.14044230950129966,-0.12163933395348775,-0.15489142394717673,-0.1440050508746756
cf_05_early_exit,gvn,loop-rotate,0.0458715596330275,-0.024181930990520156,0.08063104354720205,0.09936934060715157,0.09146389356257224,0.08142578226443976
cf_05_early_exit,gvn,loop-unroll,-0.0458715596330275,-0.024181930990520156,-0.404212866223498,-0.3853398252941735,-0.49182435029282334,-0.4113948803015302
cf_05_early_exit,dce,mem2reg,0.0,-0.024181930990520156,0.0,0.018758544144868574,5.655065288092807e-05,-0.007436148833406437
cf_05_early_exit,dce,sroa,0.0,-0.024181930990520156,0.0,0.018758354896503817,0.00010249203223942441,-0.006457517744530322
cf_05_early_exit,dce,instcombine,0.0,-0.024181930990520156,-0.0003988831272437174,0.01837383309990871,-0.0006966067874652405,0.0004734134870202818
cf_05_early_exit,dce,simplifycfg,0.0,-0.024181930990520156,0.0,0.018774197890594892,0.0004714344217459326,0.006972472005400405
cf_05_early_exit,dce,early-cse,0.0,-0.024181930990520156,-0.0003988831272437174,0.018370852714395505,-0.0004779431650335972,-0.00033137758229851723
cf_05_early_exit,dce,gvn,0.0,-0.024181930990520156,0.0,0.01876433744186617,-6.0125375328520696e-05,-0.0038396492509489514
cf_05_early_exit,dce,adce,0.0,-0.024181930990520156,-0.0003988831272437174,0.01837380952021418,-0.0001173338018298997,0.0004734134870202818
cf_05_early_exit,dce,reassociate,0.0,-0.024181930990520156,-0.0003988831272437174,0.018373892460232907,-0.00012244623026493517,0.0004734134870202818
cf_05_early_exit,dce,licm,0.0,-0.024181930990520156,0.0,0.018770118583245312,0.0017822503238173078,0.0004734134870202818
cf_05_early_exit,dce,loop-rotate,0.0,-0.024181930990520156,0.0,0.018777682144184845,0.0006441201917965985,0.003248077617021809
cf_05_early_exit,dce,loop-unroll,0.0,-0.024181930990520156,0.0,0.0187539893819717,0.0004906736341591822,0.000679919668173841
cf_05_early_exit,adce,mem2reg,0.0,-0.024181930990520156,0.0,0.01875854414486867,-6.88194747827775e-05,-0.007436148833406437
cf_05_early_exit,adce,sroa,0.0,-0.024181930990520156,0.0,0.01875835489650379,5.892618592128455e-05,-0.006457517744530322
cf_05_early_exit,adce,instcombine,0.0,-0.024181930990520156,-0.0003988831272437174,0.018373833099908695,-0.0006609228400840454,0.0004734134870202818
cf_05_early_exit,adce,simplifycfg,0.0,-0.024181930990520156,0.0,0.01877419789059492,0.00040212953363370486,0.006972472005400405
cf_05_early_exit,adce,early-cse,0.0,-0.024181930990520156,-0.0003988831272437174,0.01837085271439556,-0.0005627812796882256,-0.00033137758229851723
cf_05_early_exit,adce,gvn,0.0,-0.024181930990520156,0.0,0.018764337441866116,-0.00012321003834765286,-0.0038396492509489514
cf_05_early_exit,adce,dce,0.0,-0.024181930990520156,-0.0003988831272437174,0.018373809520214123,-0.00012609885689442076,0.0004734134870202818
cf_05_early_exit,adce,reassociate,0.0,-0.024181930990520156,-0.0003988831272437174,0.018373892460232962,-0.0001397451477932106,0.0004734134870202818
cf_05_early_exit,adce,licm,0.0,-0.024181930990520156,0.0,0.018770118583245423,0.00194145376054368,0.0004734134870202818
cf_05_early_exit,adce,loop-rotate,0.0,-0.024181930990520156,0.0,0.018777682144184817,0.00037254805712657484,0.003248077617021809
cf_05_early_exit,adce,loop-unroll,0.0,-0.024181930990520156,0.0,0.018753989381971797,0.00043890339695145357,0.000679919668173841
cf_05_early_exit,reassociate,mem2reg,0.0,-0.024181930990520156,0.0,0.01875852651492862,-0.00011586232608994863,-0.007436148833406437
cf_05_early_exit,reassociate,sroa,0.0,-0.024181930990520156,0.0,0.01875833726656378,-0.00015045171153482521,-0.006457517744530322
cf_05_early_exit,reassociate,instcombine,0.0,-0.024181930990520156,-0.0006975465764454348,0.018075249617601537,-0.0013431231989097848,0.0004734134870202818
cf_05_early_exit,reassociate,simplifycfg,0.0,-0.024181930990520156,0.0,0.018774180260654857,0.0002594359857584062,0.006972472005400405
cf_05_early_exit,reassociate,early-cse,0.0,-0.024181930990520156,-0.001203107749347361,0.017566873265777046,-0.0014413687504333105,-0.00033137758229851723
cf_05_early_exit,reassociate,gvn,0.0,-0.024181930990520156,-0.0002927156706969913,0.018471699794456783,-0.0006741407186408124,-0.0038396492509489514
cf_05_early_exit,reassociate,dce,0.0,-0.024181930990520156,-0.0003988831272437174,0.018373791890274032,-0.00028848805061215427,0.0004734134870202818
cf_05_early_exit,reassociate,adce,0.0,-0.024181930990520156,-0.0003988831272437174,0.01837379189027413,-0.00040713372616937307,0.0004734134870202818
cf_05_early_exit,reassociate,licm,0.0,-0.024181930990520156,0.0,0.01877010095330536,0.001897444049097958,0.0004734134870202818
cf_05_early_exit,reassociate,loop-rotate,0.0,-0.024181930990520156,0.0,0.018777664514244768,0.0003745698843042764,0.003248077617021809
cf_05_early_exit,reassociate,loop-unroll,0.0,-0.024181930990520156,0.0,0.018753971752031622,0.00028085955815418113,0.000679919668173841
cf_05_early_exit,licm,mem2reg,0.0091743119266055,-0.024181930990520156,-0.03955771082395483,-0.020784089256295664,-0.037269516926535705,-0.030843974634644576
cf_05_early_exit,licm,sroa,0.0091743119266055,-0.024181930990520156,-0.03955771082395483,-0.020784278504660476,-0.038780001590307284,-0.02768847941571351
cf_05_early_exit,licm,instcombine,0.3761467889908257,-0.024181930990520156,0.20194528409929385,0.22065402938344217,0.19810160261026774,0.18027470758927655
cf_05_early_exit,licm,simplifycfg,-0.0091743119266055,-0.024181930990520156,0.011277894979299584,0.03005055830275199,0.027334924539027916,0.006972472005400405
cf_05_early_exit,licm,early-cse,0.0642201834862385,-0.024181930990520156,0.06284947042316508,0.08160068886208946,0.05347869724819771,0.04483194526604872
cf_05_early_exit,licm,gvn,0.1009174311926605,-0.024181930990520156,0.03624475609133505,0.054999400329235476,0.03862750365994505,0.015975048962679494
cf_05_early_exit,licm,dce,0.0,-0.024181930990520156,0.0,0.01877471310897116,0.00015887607911433698,0.0004734134870202818
cf_05_early_exit,licm,adce,0.0,-0.024181930990520156,0.0,0.018774713108971188,0.000131720547799556,0.0004734134870202818
cf_05_early_exit,licm,reassociate,0.0,-0.024181930990520156,0.0,0.01877479604899,0.0001546407391402596,0.0004734134870202818
cf_05_early_exit,licm,loop-rotate,0.0,-0.024181930990520156,0.0014189959165832962,0.020198365171215326,-0.003948924447693902,-0.004433736022284845
cf_05_early_exit,licm,loop-unroll,0.0091743119266055,-0.024181930990520156,-0.08944248931263098,-0.07065712122798883,-0.07071151713082356,-0.12311517419341331
cf_05_early_exit,loop-rotate,mem2reg,0.018348623853211,-0.024181930990520156,0.009194734614116627,0.027953808726016546,0.015226449408798552,0.0018699110290723857
cf_05_early_exit,loop-rotate,sroa,0.018348623853211,-0.024181930990520156,0.009194734614116627,0.02795361947765176,0.014508733166859064,0.005133438461882668
cf_05_early_exit,loop-rotate,instcombine,0.055045871559633,-0.024181930990520156,0.057641565032731025,0.07639884949126,0.06822332150367225,0.05942656522344536
cf_05_early_exit,loop-rotate,simplifycfg,0.0642201834862385,-0.024181930990520156,0.05699028251897285,0.07574939181264018,0.06684036845986917,0.05234138745541098
cf_05_early_exit,loop-rotate,early-cse,0.0458715596330275,-0.024181930990520156,0.05787240358188754,0.07662663222179711,0.06065450002963624,0.040960441495045186
cf_05_early_exit,loop-rotate,gvn,0.018348623853211,-0.024181930990520156,0.00914250364452871,0.027907388121391177,0.015720324524024585,0.005466410611529879
cf_05_early_exit,loop-rotate,dce,0.0,-0.024181930990520156,0.0,0.01877609691084189,0.00107814103310348,0.0074749768029188255
cf_05_early_exit,loop-rotate,adce,0.0,-0.024181930990520156,0.0,0.018776096910841946,0.0010525248746994264,0.007483705980875453
cf_05_early_exit,loop-rotate,reassociate,0.0,-0.024181930990520156,0.0,0.018776179850860605,0.0009927716213750384,0.007967033878645446
cf_05_early_exit,loop-rotate,licm,0.0275229357798165,-0.024181930990520156,0.01129309354765259,0.03006305639905887,0.007961843855428969,0.009779473349499126
cf_05_early_exit,loop-rotate,loop-unroll,0.0091743119266055,-0.024181930990520156,0.0003244646333549609,0.019081882597084678,0.0016188265689012764,0.008522013329047638
cf_05_early_exit,loop-unroll,mem2reg,0.0,-0.024181930990520156,0.0,0.01875770622379466,0.00055147133530815,-0.007436148833406437
cf_05_early_exit,loop-unroll,sroa,0.0,-0.024181930990520156,0.0,0.01875751697542979,0.0005362506351559431,-0.006457517744530322
cf_05_early_exit,loop-unroll,instcombine,0.0,-0.024181930990520156,0.0,0.0187717479595941,-5.424180621757262e-05,0.0004734134870202818
cf_05_early_exit,loop-unroll,simplifycfg,0.0091743119266055,-0.024181930990520156,0.0003244646333549609,0.019097718574765273,0.0011832522697215581,0.006972472005400405
cf_05_early_exit,loop-unroll,early-cse,0.0,-0.024181930990520156,0.0,0.018768767574080854,8.070015221717721e-05,-0.00033137758229851723
cf_05_early_exit,loop-unroll,gvn,0.0,-0.024181930990520156,0.0,0.018763499520792076,0.00041892229122568567,-0.0038396492509489514
cf_05_early_exit,loop-unroll,dce,0.0,-0.024181930990520156,0.0,0.018771724379899487,0.0004825326148221202,0.0004734134870202818
cf_05_early_exit,loop-unroll,adce,0.0,-0.024181930990520156,0.0,0.018771724379899556,0.00042530167588161,0.0004734134870202818
cf_05_early_exit,loop-unroll,reassociate,0.0,-0.024181930990520156,0.0,0.018771807319918257,0.0004914639302849979,0.0004734134870202818
cf_05_early_exit,loop-unroll,licm,0.0091743119266055,-0.024181930990520156,0.0003244646333549609,0.019093639267415887,0.0025382623385737067,0.0004734134870202818
cf_05_early_exit,loop-unroll,loop-rotate,0.0091743119266055,-0.024181930990520156,0.0003244646333549609,0.019101202828355295,0.0010815889608814576,0.003248077617021809
loop_01_array_sum,mem2reg,sroa,-0.3863636363636363,-0.023611833049877927,-0.4260049554784479,-0.41940510056807595,-0.4156571755020683,-0.3905542423676176
loop_01_array_sum,mem2reg,instcombine,-0.1136363636363636,-0.023611833049877927,-0.1461909402196652,-0.1396682737228535,-0.17820446146082472,-0.15140215104584542
loop_01_array_sum,mem2reg,simplifycfg,0.0227272727272727,-0.023611833049877927,0.026613989794820436,0.03308175145770087,0.04518368649615292,0.03233728568043172
loop_01_array_sum,mem2reg,early-cse,-0.0681818181818181,-0.023611833049877927,-0.06605812481595472,-0.05956478662959981,-0.05247565644273682,-0.0448430259525011
loop_01_array_sum,mem2reg,gvn,-0.1363636363636363,-0.023611833049877927,-0.1623197884272697,-0.1558000539940197,-0.12229989909471466,-0.1202800947007283
loop_01_array_sum,mem2reg,dce,0.0,-0.023611833049877927,0.001811594202898548,0.008285802450468543,0.01418188387330881,-0.0008339225699775728
loop_01_array_sum,mem2reg,adce,0.0,-0.023611833049877927,0.001811594202898548,0.00828580245046857,0.014003872685764855,-0.0008339225699775728
loop_01_array_sum,mem2reg,reassociate,0.0,-0.023611833049877927,0.0064689308094708605,0.012941700078955048,0.012996178727177283,0.00011285323168940888
loop_01_array_sum,mem2reg,licm,0.0,-0.023611833049877927,0.015336433968603269,0.021803947360670078,0.024820105762312476,0.04757450456893879
loop_01_array_sum,mem2reg,loop-rotate,0.1590909090909091,-0.023611833049877927,0.07896734051248151,0.0854211851280523,0.10341048623598442,0.09429471699419852
loop_01_array_sum,mem2reg,loop-unroll,-0.6818181818181818,-0.023611833049877927,-0.3201243864785399,-0.3135624512647894,-0.6557801298212439,-0.5959952667402149
loop_01_array_sum,sroa,mem2reg,-0.3863636363636363,-0.023611833049877927,-0.4260049554784479,-0.41940495862354893,-0.41564907238015497,-0.37116525518238186
loop_01_array_sum,sroa,instcombine,-0.1136363636363636,-0.023611833049877927,-0.14650149922587638,-0.13997877854885357,-0.17718674129992432,-0.15241310581988662
loop_01_array_sum,sroa,simplifycfg,0.0227272727272727,-0.023611833049877927,0.026613989794820436,0.033081704153863384,0.04718440049040475,0.034113581549067816
loop_01_array_sum,sroa,early-cse,-0.0681818181818181,-0.023611833049877927,-0.06761091984701062,-0.06111712154425056,-0.053556420626255465,-0.0402683905520533
loop_01_array_sum,sroa,gvn,-0.1363636363636363,-0.023611833049877927,-0.16449370147074796,-0.15797330395299586,-0.13001384163451307,-0.12501970689145167
loop_01_array_sum,sroa,dce,0.0,-0.023611833049877927,0.0021221532091097264,0.008596212668793717,0.01294477584349354,-0.00017743623352850442
loop_01_array_sum,sroa,adce,0.0,-0.023611833049877927,0.0021221532091097264,0.008596212668793773,0.01284781739307412,-0.00017743623352850442
loop_01_array_sum,sroa,reassociate,0.0,-0.023611833049877927,0.0074006078281044,0.013873025341605626,0.012433007242315962,0.0013683478897409576
loop_01_array_sum,sroa,licm,0.0,-0.023611833049877927,0.015336433968603269,0.02180390005683273,0.0291055270977511,0.04148707300840994
loop_01_array_sum,sroa,loop-rotate,0.1590909090909091,-0.023611833049877927,0.07896734051248151,0.08542113782421484,0.1066900297976197,0.10639652731603197
loop_01_array_sum,sroa,loop-unroll,-0.6818181818181818,-0.023611833049877927,-0.3201243864785399,-0.31356249856862656,-0.68874513802642,-0.649656581797104
loop_01_array_sum,instcombine,mem2reg,-0.1136363636363636,-0.023611833049877927,-0.14828639480056813,-0.14176607030322352,-0.1740904378693402,-0.1839648151766189
loop_01_array_sum,instcombine,sroa,-0.1136363636363636,-0.023611833049877927,-0.15232366188131347,-0.145802207339703,-0.1745173176451309,-0.1946516656404837
loop_01_array_sum,instcombine,simplifycfg,0.0,-0.023611833049877927,0.01093070483268583,0.01741462428914185,0.009649101883567738,0.008034548654387647
loop_01_array_sum,instcombine,early-cse,-0.0227272727272727,-0.023611833049877927,-0.05132841493732704,-0.0448288572743719,-0.024751842310215176,-0.025004524452949525
loop_01_array_sum,instcombine,gvn,-0.0227272727272727,-0.023611833049877927,-0.07275552140632931,-0.06625402183100004,-0.026740598811697987,-0.019599854577737046
loop_01_array_sum,instcombine,dce,0.0,-0.023611833049877927,-0.0003988831272437174,0.006087080288198651,0.0006905536659983644,0.0019975214147718657
loop_01_array_sum,instcombine,adce,0.0,-0.023611833049877927,-0.0003988831272437174,0.006087080288198692,0.0007707672993465542,0.0019975214147718657
loop_01_array_sum,instcombine,reassociate,0.0,-0.023611833049877927,-0.0022320734306653825,0.004254571972222964,0.00022735215825472123,0.0019975214147718657
loop_01_array_sum,instcombine,licm,0.0227272727272727,-0.023611833049877927,-0.002442432811994913,0.004041923165016139,0.010522860733137584,0.0019975214147718657
loop_01_array_sum,instcombine,loop-rotate,0.1818181818181818,-0.023611833049877927,0.10105729623099247,0.1075149551520655,0.13590298176756394,0.15755947876219015
loop_01_array_sum,instcombine,loop-unroll,0.0,-0.023611833049877927,0.0,0.006468358234440776,0.0005617276804254371,0.0019975214147718657
loop_01_array_sum,simplifycfg,mem2reg,0.0,-0.023611833049877927,0.002893391042394726,0.009369268894624371,0.002650567239285345,-0.0030946190339586357
loop_01_array_sum,simplifycfg,sroa,0.0,-0.023611833049877927,0.002893391042394726,0.009369079646259559,0.0028369291895456936,-0.003769596314503939
loop_01_array_sum,simplifycfg,instcombine,0.0227272727272727,-0.023611833049877927,0.007091469672940826,0.013580035263123496,0.009592305896184627,0.00325166018367248
loop_01_array_sum,simplifycfg,early-cse,0.0,-0.023611833049877927,0.0016641575631243261,0.008151354064628507,0.000948519056451709,0.002106547303877011
loop_01_array_sum,simplifycfg,gvn,-0.0454545454545454,-0.023611833049877927,-0.021873713607815096,-0.015383885441125737,-0.025981497678926255,-0.02148863774200588
loop_01_array_sum,simplifycfg,dce,0.0,-0.023611833049877927,0.0,0.006490788748075873,0.00044685489855596813,0.002615772282426275
loop_01_array_sum,simplifycfg,adce,0.0,-0.023611833049877927,0.0,0.006490788748075845,0.0005703432928776956,0.002615772282426275
loop_01_array_sum,simplifycfg,reassociate,0.0,-0.023611833049877927,0.0,0.006490871688094615,0.000267654685047651,0.002615772282426275
loop_01_array_sum,simplifycfg,licm,0.0,-0.023611833049877927,0.005439081541109614,0.011925817686727163,0.000571702712631854,0.002615772282426275
loop_01_array_sum,simplifycfg,loop-rotate,0.0,-0.023611833049877927,-0.0004221190375685913,0.006073656867542614,0.0102765306016726,0.006870106815359293
loop_01_array_sum,simplifycfg,loop-unroll,0.0,-0.023611833049877927,0.000301228723030087,0.00677444420147735,0.00023147190047088646,0.002615772282426275
loop_01_array_sum,early-cse,mem2reg,-0.0681818181818181,-0.023611833049877927,-0.07789903203405954,-0.07140259463600832,-0.051664012161299434,-0.04075436991075577
loop_01_array_sum,early-cse,sroa,-0.0681818181818181,-0.023611833049877927,-0.08162574010859369,-0.0751282741503254,-0.05596290337959553,-0.05293363316814028
loop_01_array_sum,early-cse,instcombine,-0.0227272727272727,-0.023611833049877927,-0.04283231956325154,-0.036333281637313905,-0.021642750781557127,-0.01940794886607299
loop_01_array_sum,early-cse,simplifycfg,0.0,-0.023611833049877927,0.003854034259037235,0.010339380207365838,0.000703681626722305,-0.003246490316125675
loop_01_array_sum,early-cse,gvn,-0.0681818181818181,-0.023611833049877927,-0.10267468749811944,-0.0961642969913851,-0.0771377540571751,-0.06047602107119234
loop_01_array_sum,early-cse,dce,0.0,-0.023611833049877927,0.004503360884617844,0.010986836338561689,0.00017632185381215835,-0.003959277738895655
loop_01_array_sum,early-cse,adce,0.0,-0.023611833049877927,0.004503360884617844,0.010986836338561717,0.000295801475933003,-0.0021860352457459525
loop_01_array_sum,early-cse,reassociate,0.0,-0.023611833049877927,0.002636444716268265,0.00912061317855024,0.0001636085626911314,-0.004491395547948215
loop_01_array_sum,early-cse,licm,-0.0681818181818181,-0.023611833049877927,-0.05060095513674224,-0.04410174799637226,-0.04663306353278299,-0.041334136516981104
loop_01_array_sum,early-cse,loop-rotate,-0.0454545454545454,-0.023611833049877927,-0.02402142306971138,-0.017523777108217998,-0.023798477183254403,-0.017900572857325797
loop_01_array_sum,early-cse,loop-unroll,0.0,-0.023611833049877927,-0.0017864485566434303,0.004681607438134224,2.8151979499982637e-05,-0.008218698126495316
loop_01_array_sum,gvn,mem2reg,-0.1363636363636363,-0.023611833049877927,-0.16834257679375658,-0.16182368624164373,-0.1330673826684291,-0.12072519863680713
loop_01_array_sum,gvn,sroa,-0.1363636363636363,-0.023611833049877927,-0.1726904028807131,-0.16617028080028612,-0.13857754315161921,-0.13229071790910887
loop_01_array_sum,gvn,instcombine,0.1363636363636363,-0.023611833049877927,0.0993729834228618,0.10581844982968952,0.1718386925454707,0.12753143726704003
loop_01_array_sum,gvn,simplifycfg,-0.0454545454545454,-0.023611833049877927,-0.018330238354989044,-0.011844744924455506,-0.023925786773853527,-0.01105365974592896
loop_01_array_sum,gvn,early-cse,-0.0681818181818181,-0.023611833049877927,-0.10309545778778624,-0.09658697163820043,-0.07959753924040162,-0.06986716210970513
loop_01_array_sum,gvn,dce,0.0,-0.023611833049877927,0.002694965072336522,0.009171929607253392,0.0006830216721260513,-0.00414530946211418
loop_01_array_sum,gvn,adce,0.0,-0.023611833049877927,0.002694965072336522,0.009171929607253448,0.0009811801865453084,-0.0038041198619334035
loop_01_array_sum,gvn,reassociate,0.0,-0.023611833049877927,0.0018847926717281563,0.008362104893695998,0.0008915251406254369,-0.004858981072289815
loop_01_array_sum,gvn,licm,-0.1363636363636363,-0.023611833049877927,-0.14089558578225844,-0.13437397414977745,-0.16813751067688953,-0.17434675564553037
loop_01_array_sum,gvn,loop-rotate,0.1590909090909091,-0.023611833049877927,0.0757084631359898,0.08216641763713989,0.0970211312877572,0.09181100663146494
loop_01_array_sum,gvn,loop-unroll,-0.3863636363636363,-0.023611833049877927,-0.3894088628873846,-0.3828212420328498,-0.8285465075215668,-0.925296306673675
loop_01_array_sum,dce,mem2reg,0.0,-0.023611833049877927,0.0,0.006476751441764888,2.4392019804863827e-05,-0.003555173468628317
loop_01_array_sum,dce,sroa,0.0,-0.023611833049877927,0.0,0.006476562193400006,-1.6382699868938394e-05,-0.004072943339565319
loop_01_array_sum,dce,instcombine,0.0,-0.023611833049877927,-0.0003988831272437174,0.006092058241367989,0.0004616611267031735,0.002615772282426275
loop_01_array_sum,dce,simplifycfg,0.0,-0.023611833049877927,0.0,0.0064923751475480344,0.00013504587155963304,0.008359358607896298
loop_01_array_sum,dce,early-cse,0.0,-0.023611833049877927,-0.0003988831272437174,0.0060889156230402,-0.00019281003917106263,0.002106547303877011
loop_01_array_sum,dce,gvn,0.0,-0.023611833049877927,0.0,0.006482608395545316,-0.00013304936653560508,-0.0012949297206976203
loop_01_array_sum,dce,adce,0.0,-0.023611833049877927,-0.0003988831272437174,0.006091964058473006,0.00020122407536398324,0.002615772282426275
loop_01_array_sum,dce,reassociate,0.0,-0.023611833049877927,-0.0003988831272437174,0.006092046998491803,-6.89013882821222e-05,0.002615772282426275
loop_01_array_sum,dce,licm,0.0,-0.023611833049877927,0.0,0.006488441612422149,0.0009886005230328614,0.002615772282426275
loop_01_array_sum,dce,loop-rotate,0.0,-0.023611833049877927,0.0,0.006495566056784318,0.010139796993130328,0.006870106815359293
loop_01_array_sum,dce,loop-unroll,0.0,-0.023611833049877927,0.0,0.006473242004715132,-1.6382699868938394e-05,0.002615772282426275
loop_01_array_sum,adce,mem2reg,0.0,-0.023611833049877927,0.0,0.006476751441764916,7.645259938837916e-06,-0.003555173468628317
loop_01_array_sum,adce,sroa,0.0,-0.023611833049877927,0.0,0.006476562193400131,-4.6721032959565045e-05,-0.004072943339565319
loop_01_array_sum,adce,instcombine,0.0,-0.023611833049877927,-0.0003988831272437174,0.006092058241367989,0.0004424630295234248,0.002615772282426275
loop_01_array_sum,adce,simplifycfg,0.0,-0.023611833049877927,0.0,0.0064923751475480206,0.00010470753846900638,0.008359358607896298
loop_01_array_sum,adce,early-cse,0.0,-0.023611833049877927,-0.0003988831272437174,0.006088915623040227,-0.00020530943240440084,0.002106547303877011
loop_01_array_sum,adce,gvn,0.0,-0.023611833049877927,0.0,0.006482608395545372,-0.00016338769962623173,-0.0012949297206976203
loop_01_array_sum,adce,dce,0.0,-0.023611833049877927,-0.0003988831272437174,0.006091964058473006,4.5536412986718614e-05,0.002615772282426275
loop_01_array_sum,adce,reassociate,0.0,-0.023611833049877927,-0.0003988831272437174,0.006092046998491776,-0.00010943340129119941,0.002615772282426275
loop_01_array_sum,adce,licm,0.0,-0.023611833049877927,0.0,0.006488441612422149,0.0009659074498810728,0.002615772282426275
loop_01_array_sum,adce,loop-rotate,0.0,-0.023611833049877927,0.0,0.0064955660567843874,0.010139796993130328,0.006870106815359293
loop_01_array_sum,adce,loop-unroll,0.0,-0.023611833049877927,0.0,0.006473242004715159,-4.6721032959565045e-05,0.002615772282426275
loop_01_array_sum,reassociate,mem2reg,0.0,-0.023611833049877927,0.0,0.006476733811824811,2.0678607834571122e-05,-0.003555173468628317
loop_01_array_sum,reassociate,sroa,0.0,-0.023611833049877927,0.0,0.006476544563459998,-4.0483471676132205e-05,-0.004072943339565319
loop_01_array_sum,reassociate,instcombine,0.0,-0.023611833049877927,-0.0006975465764454348,0.005793474759060873,0.0006719253821490021,0.002615772282426275
loop_01_array_sum,reassociate,simplifycfg,0.0,-0.023611833049877927,0.0,0.006492357517607957,0.00011094509975243922,0.008359358607896298
loop_01_array_sum,reassociate,early-cse,0.0,-0.023611833049877927,-0.001203107749347361,0.0052849361744216165,3.593568001128214e-05,0.002106547303877011
loop_01_array_sum,reassociate,gvn,0.0,-0.023611833049877927,-0.0002927156706969913,0.0061899707481359,0.0007664183588235093,-0.0012949297206976203
loop_01_array_sum,reassociate,dce,0.0,-0.023611833049877927,-0.0003988831272437174,0.006091946428532915,4.616745031500366e-05,0.002615772282426275
loop_01_array_sum,reassociate,adce,0.0,-0.023611833049877927,-0.0003988831272437174,0.006091946428532887,0.0001539751554086413,0.002615772282426275
loop_01_array_sum,reassociate,licm,0.0,-0.023611833049877927,0.0,0.006488423982482044,0.0009114653111499435,0.002615772282426275
loop_01_array_sum,reassociate,loop-rotate,0.0,-0.023611833049877927,0.0,0.006495548426844241,0.010139796993130328,0.006870106815359293
loop_01_array_sum,reassociate,loop-unroll,0.0,-0.023611833049877927,0.0,0.006473224374775096,-4.0483471676132205e-05,0.002615772282426275
loop_01_array_sum,licm,mem2reg,-0.0454545454545454,-0.023611833049877927,-0.03718254311173088,-0.03069128983160091,-0.04337347477434213,-0.03140940613197439
loop_01_array_sum,licm,sroa,-0.0454545454545454,-0.023611833049877927,-0.03718254311173088,-0.030691479079965722,-0.044276312519433626,-0.03582448970461397
loop_01_array_sum,licm,instcombine,0.2954545454545454,-0.023611833049877927,0.2054536425139147,0.21187966705258354,0.2799938127616908,0.28945614950733256
loop_01_array_sum,licm,simplifycfg,0.0,-0.023611833049877927,0.010879011852055864,0.017370183348585904,0.02906315695480402,0.008359358607896298
loop_01_array_sum,licm,early-cse,0.0681818181818181,-0.023611833049877927,0.06267722543640075,0.06914676363959166,0.09885539203066056,0.11925536649093418
loop_01_array_sum,licm,gvn,0.0227272727272727,-0.023611833049877927,0.03964432819852582,0.04611633305220883,0.059030374955871386,0.10410989306677625
loop_01_array_sum,licm,dce,0.0,-0.023611833049877927,0.0,0.006493068216870301,0.0033855794934197075,0.002615772282426275
loop_01_array_sum,licm,adce,0.0,-0.023611833049877927,0.0,0.006493068216870342,0.0037209797911059383,0.002615772282426275
loop_01_array_sum,licm,reassociate,0.0,-0.023611833049877927,0.0,0.006493151156889084,0.003680660647541382,0.002615772282426275
loop_01_array_sum,licm,loop-rotate,-0.0227272727272727,-0.023611833049877927,0.002407138209073412,0.008904269042154505,0.0027634584963837257,0.008311044042126218
loop_01_array_sum,licm,loop-unroll,0.0,-0.023611833049877927,-0.08904360618538727,-0.08253891525484587,-0.09201911474547596,-0.4678853294582848
loop_01_array_sum,loop-rotate,mem2reg,0.0227272727272727,-0.023611833049877927,0.009004358576113944,0.015481632997716804,0.001451710486599042,0.005515438826195071
loop_01_array_sum,loop-rotate,sroa,0.0227272727272727,-0.023611833049877927,0.009004358576113944,0.015481443749352019,0.0018209944050025543,0.004741716694810516
loop_01_array_sum,loop-rotate,instcombine,0.0909090909090909,-0.023611833049877927,0.056082294626232855,0.06255824456446238,0.06462919652913866,0.06349273616803174
loop_01_array_sum,loop-rotate,simplifycfg,0.0909090909090909,-0.023611833049877927,0.05582989523971839,0.06230749178209588,0.061232011841452744,0.06286878581569397
loop_01_array_sum,loop-rotate,early-cse,0.0909090909090909,-0.023611833049877927,0.055914250048145646,0.062387112281425405,0.06786024983121673,0.08424897002661227
loop_01_array_sum,loop-rotate,gvn,0.0227272727272727,-0.023611833049877927,0.008952127606526026,0.01543527604987439,0.0006438553910939926,0.007775682574125753
loop_01_array_sum,loop-rotate,dce,0.0,-0.023611833049877927,0.0,0.006494182251085386,-0.0004474439040546809,0.009722078653305575
loop_01_array_sum,loop-rotate,adce,0.0,-0.023611833049877927,0.0,0.006494182251085428,-0.0004812696724636741,0.00942756046388954
loop_01_array_sum,loop-rotate,reassociate,0.0,-0.023611833049877927,0.0,0.006494265191104239,-0.0006245056203949114,0.009361488441516573
loop_01_array_sum,loop-rotate,licm,0.0,-0.023611833049877927,0.012489742929383743,0.01897756857249831,0.011393711902611842,0.012970791978936986
loop_01_array_sum,loop-rotate,loop-unroll,0.0,-0.023611833049877927,0.0007233477605986784,0.00719981880257221,-0.000490559943214298,0.009865670560850142
loop_01_array_sum,loop-unroll,mem2reg,0.0,-0.023611833049877927,0.0,0.006475983883108657,4.077471967380222e-05,-0.003555173468628317
loop_01_array_sum,loop-unroll,sroa,0.0,-0.023611833049877927,0.0,0.0064757946347439,0.0,-0.004072943339565319
loop_01_array_sum,loop-unroll,instcombine,0.0,-0.023611833049877927,0.0,0.006490043463471134,0.0004345841644197894,0.002615772282426275
loop_01_array_sum,loop-unroll,simplifycfg,0.0,-0.023611833049877927,0.0007233477605986784,0.007214718974895808,0.0001743643512450852,0.008359358607896298
loop_01_array_sum,loop-unroll,early-cse,0.0,-0.023611833049877927,0.0,0.006486900845143331,-0.00017642733930212426,0.002106547303877011
loop_01_array_sum,loop-unroll,gvn,0.0,-0.023611833049877927,0.0,0.006481840836889071,-0.00011666666666666668,-0.0012949297206976203
loop_01_array_sum,loop-unroll,dce,0.0,-0.023611833049877927,0.0,0.006489949280576095,8.665092199113584e-05,0.002615772282426275
loop_01_array_sum,loop-unroll,adce,0.0,-0.023611833049877927,0.0,0.006489949280576109,0.00021760677523292166,0.002615772282426275
loop_01_array_sum,loop-unroll,reassociate,0.0,-0.023611833049877927,0.0,0.006490032220594865,-6.271236833163436e-05,0.002615772282426275
loop_01_array_sum,loop-unroll,licm,0.0,-0.023611833049877927,0.0007233477605986784,0.007210785439769881,0.000997337962962962,0.002615772282426275
loop_01_array_sum,loop-unroll,loop-rotate,0.0,-0.023611833049877927,0.0007233477605986784,0.007217909884131967,0.010139796993130328,0.006870106815359293
loop_02_nested,mem2reg,sroa,-0.4,-0.023091710879558126,-0.42541207010295384,-0.43938353718148226,-0.4708623939456753,-0.45550743753222783
loop_02_nested,mem2reg,instcombine,-0.12,-0.023091710879558126,-0.14591426037776795,-0.15996287227784442,-0.10527193595872142,-0.09655686628537641
loop_02_nested,mem2reg,simplifycfg,0.04,-0.023091710879558126,0.025863001652527945,0.0117597934836302,0.05623903094976838,0.037105144518582996
loop_02_nested,mem2reg,early-cse,-0.04,-0.023091710879558126,-0.06728342125864246,-0.08136100998055053,-0.09450242752169274,-0.08275601569410476
loop_02_nested,mem2reg,gvn,-0.08,-0.023091710879558126,-0.1647703813126452,-0.1788211319471499,-0.16754543838119867,-0.15255361543945278
loop_02_nested,mem2reg,dce,0.0,-0.023091710879558126,0.001811594202898548,-0.012285339937502218,0.00011536945318759318,-0.0026720878880644237
loop_02_nested,mem2reg,adce,0.0,-0.023091710879558126,0.001811594202898548,-0.012285339937502231,0.0003345904929361553,-0.0026720878880644237
loop_02_nested,mem2reg,reassociate,0.0,-0.023091710879558126,0.0064689308094708605,-0.007629442309015754,0.0007245267203356881,0.00032351306873691437
loop_02_nested,mem2reg,licm,0.12,-0.023091710879558126,0.010119042664255444,-0.003982964333858818,0.006002983955035374,0.004245952051017127
loop_02_nested,mem2reg,loop-rotate,0.18,-0.023091710879558126,0.0780582496033906,0.06394105315017835,0.08097165025449969,0.07270214422640449
loop_02_nested,mem2reg,loop-unroll,-1.08,-0.023091710879558126,-0.302812133514113,-0.3168251880454954,-0.466081021647922,-0.603509597770544
loop_02_nested,sroa,mem2reg,-0.4,-0.023091710879558126,-0.42541207010295384,-0.4393833952369549,-0.4740944957932703,-0.4503185698367421
loop_02_nested,sroa,instcombine,-0.12,-0.023091710879558126,-0.14622481938397913,-0.1602733771038445,-0.10251954652423735,-0.08863680486341793
loop_02_nested,sroa,simplifycfg,0.04,-0.023091710879558126,0.025863001652527945,0.011759746179792741,0.05410853081945521,0.044338095399355834
loop_02_nested,sroa,early-cse,-0.04,-0.023091710879558126,-0.06883621628969837,-0.08291334489520145,-0.09755610075311331,-0.07395248792441307
loop_02_nested,sroa,gvn,-0.08,-0.023091710879558126,-0.16694429435612346,-0.18099438190612613,-0.1646450824791078,-0.14746355862733057
loop_02_nested,sroa,dce,0.0,-0.023091710879558126,0.0021221532091097264,-0.011974929719177099,0.00046509316462406045,-0.0025187566454150986
loop_02_nested,sroa,adce,0.0,-0.023091710879558126,0.0021221532091097264,-0.01197492971917703,0.0002595362284545067,-0.0025187566454150986
loop_02_nested,sroa,reassociate,0.0,-0.023091710879558126,0.0074006078281044,-0.006698117046365148,0.0010561261875146905,-0.0012317580505223726
loop_02_nested,sroa,licm,0.12,-0.023091710879558126,0.010119042664255444,-0.003983011637696234,0.004065463310861797,-0.0043291679345698565
loop_02_nested,sroa,loop-rotate,0.18,-0.023091710879558126,0.0780582496033906,0.063941005846341,0.09064594284222646,0.07594050976505425
loop_02_nested,sroa,loop-unroll,-1.08,-0.023091710879558126,-0.302812133514113,-0.3168252353493327,-0.4722840024969944,-0.40913306916237924
loop_02_nested,instcombine,mem2reg,-0.12,-0.023091710879558126,-0.1480097149586709,-0.1620607755039268,-0.11013219802468681,-0.09776240748289586
loop_02_nested,instcombine,sroa,-0.12,-0.023091710879558126,-0.15204698203941625,-0.16609691254040657,-0.11450170175433762,-0.09963536833046259
loop_02_nested,instcombine,simplifycfg,0.04,-0.023091710879558126,0.009191574397903222,-0.004895319456540859,0.025459749222539598,0.008307891588855466
loop_02_nested,instcombine,early-cse,-0.02,-0.023091710879558126,-0.051446992012425856,-0.06551888929289189,-0.019600401876097986,-0.024406388287135535
loop_02_nested,instcombine,gvn,-0.02,-0.023091710879558126,-0.07287409848142812,-0.08694401240971235,-0.0021002222681921453,0.0033854535636270106
loop_02_nested,instcombine,dce,0.0,-0.023091710879558126,-0.0003988831272437174,-0.014484228482684807,-0.0008058119567981507,0.00027709737482643846
loop_02_nested,instcombine,adce,0.0,-0.023091710879558126,-0.0003988831272437174,-0.014484228482684821,-0.0007570588071275697,0.00027709737482643846
loop_02_nested,instcombine,reassociate,0.0,-0.023091710879558126,-0.0022320734306653825,-0.01631673679866053,-0.001112599452580809,0.00027709737482643846
loop_02_nested,instcombine,licm,0.0,-0.023091710879558126,-0.0014542905195047955,-0.015541649151392754,0.0014233104755867116,0.00027709737482643846
loop_02_nested,instcombine,loop-rotate,0.24,-0.023091710879558126,0.09852765196221776,0.08441463299381202,0.10184535899245556,0.09207306453977496
loop_02_nested,instcombine,loop-unroll,0.0,-0.023091710879558126,0.0,-0.014101140619193025,-0.00044594076016987364,-0.00013363986056447245
loop_02_nested,simplifycfg,mem2reg,0.0,-0.023091710879558126,0.002893391042394726,-0.011201969654572815,0.011415947343114519,-0.004218065627527204
loop_02_nested,simplifycfg,sroa,0.0,-0.023091710879558126,0.002893391042394726,-0.011202158902937683,0.010373858348035397,-0.0034597867241865404
loop_02_nested,simplifycfg,instcombine,0.02,-0.023091710879558126,0.007210046748039639,-0.006872724696630205,-0.002647504795663511,0.002015589893868793
loop_02_nested,simplifycfg,early-cse,0.0,-0.023091710879558126,0.0016641575631243261,-0.012420083546905391,0.0027851114492910673,0.0006881931472072829
loop_02_nested,simplifycfg,gvn,-0.06,-0.023091710879558126,-0.021241302540621423,-0.03532307720408423,-0.011742081062908345,-0.012537873067586096
loop_02_nested,simplifycfg,dce,0.0,-0.023091710879558126,0.0,-0.014080463942465437,0.0007233896179076307,0.0013429736768281176
loop_02_nested,simplifycfg,adce,0.0,-0.023091710879558126,0.0,-0.01408046394246552,0.0005627979286975655,0.0013429736768281176
loop_02_nested,simplifycfg,reassociate,0.0,-0.023091710879558126,0.0,-0.014080381002446688,0.0006450015892936677,0.0013429736768281176
loop_02_nested,simplifycfg,licm,0.0,-0.023091710879558126,0.005439081541109614,-0.008645517938038926,0.0012405964178639783,0.0013429736768281176
loop_02_nested,simplifycfg,loop-rotate,0.0,-0.023091710879558126,-0.0004221190375685913,-0.014497791575297844,0.0001154048083779344,0.007133072153918509
loop_02_nested,simplifycfg,loop-unroll,0.0,-0.023091710879558126,0.000301228723030087,-0.013794998571814345,0.0002794032131922304,0.0009322364414372063
loop_02_nested,early-cse,mem2reg,-0.04,-0.023091710879558126,-0.07912432847674729,-0.09319884071473401,-0.08297985465204682,-0.0677052156439525
loop_02_nested,early-cse,sroa,-0.04,-0.023091710879558126,-0.08285103655128144,-0.09692452022905117,-0.07749388074268394,-0.06747253942218992
loop_02_nested,early-cse,instcombine,-0.0199999999999999,-0.023091710879558126,-0.04295089663835036,-0.057023229737896336,-0.0018089178042572241,-0.004141688922744046
loop_02_nested,early-cse,simplifycfg,0.0,-0.023091710879558126,0.003854034259037235,-0.01023205682140457,0.002439435730479256,-0.00133163314393395
loop_02_nested,early-cse,gvn,-0.04,-0.023091710879558126,-0.10389998394080718,-0.11796070069263985,-0.0826285702256031,-0.09323076818704164
loop_02_nested,early-cse,dce,0.0,-0.023091710879558126,0.004503360884617844,-0.009584527839520459,-0.0001536815430929434,-0.004978232051684029
loop_02_nested,early-cse,adce,0.0,-0.023091710879558126,0.004503360884617844,-0.009584527839520515,-0.00016900762231917182,-0.002550000321243831
loop_02_nested,early-cse,reassociate,0.0,-0.023091710879558126,0.002636444716268265,-0.011450750999531963,-0.0001995886620745235,-0.0057466565439893156
loop_02_nested,early-cse,licm,-0.04,-0.023091710879558126,-0.05182625157942998,-0.06589809115066658,-0.05176657878105361,-0.047599706643284646
loop_02_nested,early-cse,loop-rotate,-0.02,-0.023091710879558126,-0.025128142437300306,-0.039201694753942765,-0.026896865265044027,-0.01711561914603013
loop_02_nested,early-cse,loop-unroll,0.0,-0.023091710879558126,-0.0017864485566434303,-0.015887946822698337,-0.0009037947550959276,-0.009775144632609185
loop_02_nested,gvn,mem2reg,-0.12,-0.023091710879558126,-0.16905403924434947,-0.18310545380238577,-0.15875850407840267,-0.1314619348157818
loop_02_nested,gvn,sroa,-0.12,-0.023091710879558126,-0.173401865331306,-0.18745204836102816,-0.1610034565080313,-0.1503522509887189
loop_02_nested,gvn,instcombine,0.2,-0.023091710879558126,0.09660618500388946,0.08248195820325227,0.18306642264991402,0.1515233392641784
loop_02_nested,gvn,simplifycfg,-0.06,-0.023091710879558126,-0.017697827287795363,-0.03178316510859873,0.011701899325134492,-0.005587050937084487
loop_02_nested,gvn,early-cse,-0.04,-0.023091710879558126,-0.10432075423047396,-0.11838260434340335,-0.08167615689097356,-0.08470558123364384
loop_02_nested,gvn,dce,0.0,-0.023091710879558126,0.002694965072336522,-0.011398622134969266,0.00018549571140287228,-0.005679376524189194
loop_02_nested,gvn,adce,0.0,-0.023091710879558126,0.002694965072336522,-0.011398622134969224,3.234118223324905e-05,-0.005124361060097942
loop_02_nested,gvn,reassociate,0.0,-0.023091710879558126,0.0018847926717281563,-0.012208446848526695,0.00046501261224784335,-0.006411934274008805
loop_02_nested,gvn,licm,-0.24,-0.023091710879558126,-0.1363896569285035,-0.15044015241375577,-0.14492055577551777,-0.13876257817748297
loop_02_nested,gvn,loop-rotate,0.1399999999999999,-0.023091710879558126,0.07653850266168151,0.06242543842912514,0.08838579214376553,0.06705763860566843
loop_02_nested,gvn,loop-unroll,-1.44,-0.023091710879558126,-0.3435985862075427,-0.35759467699771663,-0.48197998240981205,-0.3950790575377282
loop_02_nested,dce,mem2reg,0.0,-0.023091710879558126,0.0,-0.014094495260864367,9.383727930900318e-05,-0.005621564995009393
loop_02_nested,dce,sroa,0.0,-0.023091710879558126,0.0,-0.014094684509229304,-3.966687242395853e-05,-0.005332620741436578
loop_02_nested,dce,instcombine,0.0,-0.023091710879558126,-0.0003988831272437174,-0.014479248198461709,-0.0013242278486698576,0.0013429736768281176
loop_02_nested,dce,simplifycfg,0.0,-0.023091710879558126,0.0,-0.014078958547113576,2.5551119926114686e-05,0.009373767890857143
loop_02_nested,dce,early-cse,0.0,-0.023091710879558126,-0.0003988831272437174,-0.01448253014192576,-0.0006541490704334738,0.0006881931472072829
loop_02_nested,dce,gvn,0.0,-0.023091710879558126,0.0,-0.014088795929612947,-7.798771904276489e-05,-0.003078721375515218
loop_02_nested,dce,adce,0.0,-0.023091710879558126,-0.0003988831272437174,-0.014479296785500449,-0.0002876564906381419,0.0013429736768281176
loop_02_nested,dce,reassociate,0.0,-0.023091710879558126,-0.0003988831272437174,-0.014479213845481658,-0.0004703715839036939,0.0013429736768281176
loop_02_nested,dce,licm,0.0,-0.023091710879558126,0.0,-0.014082902165776064,-0.0005822101517110641,0.0013429736768281176
loop_02_nested,dce,loop-rotate,0.0,-0.023091710879558126,0.0,-0.014075890539488222,0.0003715630215977787,0.007133072153918509
loop_02_nested,dce,loop-unroll,0.0,-0.023091710879558126,0.0,-0.014096208922008645,-7.798771904276489e-05,0.0009322364414372063
loop_02_nested,adce,mem2reg,0.0,-0.023091710879558126,0.0,-0.014094495260864388,9.756172340041979e-05,-0.005621564995009393
loop_02_nested,adce,sroa,0.0,-0.023091710879558126,0.0,-0.014094684509229214,-4.63727472490994e-05,-0.005332620741436578
loop_02_nested,adce,instcombine,0.0,-0.023091710879558126,-0.0003988831272437174,-0.014479248198461723,-0.0012326426863261029,0.0013429736768281176
loop_02_nested,adce,simplifycfg,0.0,-0.023091710879558126,0.0,-0.014078958547113603,2.481582905320914e-05,0.009373767890857143
loop_02_nested,adce,early-cse,0.0,-0.023091710879558126,-0.0003988831272437174,-0.014482530141925808,-0.0007763570971379799,0.0006881931472072829
loop_02_nested,adce,gvn,0.0,-0.023091710879558126,0.0,-0.01408879592961294,-7.872300991567042e-05,-0.0022912162529279793
loop_02_nested,adce,dce,0.0,-0.023091710879558126,-0.0003988831272437174,-0.014479296785500428,-0.00038634488175772565,0.0013429736768281176
loop_02_nested,adce,reassociate,0.0,-0.023091710879558126,-0.0003988831272437174,-0.014479213845481679,-0.0003745449250036405,0.0013429736768281176
loop_02_nested,adce,licm,0.0,-0.023091710879558126,0.0,-0.014082902165776106,-0.0005741351906544516,0.0013429736768281176
loop_02_nested,adce,loop-rotate,0.0,-0.023091710879558126,0.0,-0.014075890539488236,-4.977658776536462e-05,0.007133072153918509
loop_02_nested,adce,loop-unroll,0.0,-0.023091710879558126,0.0,-0.014096208922008673,-7.872300991567042e-05,0.0009322364414372063
loop_02_nested,reassociate,mem2reg,0.0,-0.023091710879558126,0.0,-0.014094512890804472,2.5862994793973983e-05,-0.005621564995009393
loop_02_nested,reassociate,sroa,0.0,-0.023091710879558126,0.0,-0.01409470213916934,-0.00012011021183923531,-0.005332620741436578
loop_02_nested,reassociate,instcombine,0.0,-0.023091710879558126,-0.0006975465764454348,-0.014777831680768853,-0.0012306039320430157,0.0013429736768281176
loop_02_nested,reassociate,simplifycfg,0.0,-0.023091710879558126,0.0,-0.014078976177053667,8.675703686315742e-05,0.009373767890857143
loop_02_nested,reassociate,early-cse,0.0,-0.023091710879558126,-0.001203107749347361,-0.015286509590544336,-0.0005574242806669174,0.0006881931472072829
loop_02_nested,reassociate,gvn,0.0,-0.023091710879558126,-0.0002927156706969913,-0.014381433577022328,0.00038714685765257444,-0.002241953199767093
loop_02_nested,reassociate,dce,0.0,-0.023091710879558126,-0.0003988831272437174,-0.01447931441544047,-0.0004645856581906229,0.0013429736768281176
loop_02_nested,reassociate,adce,0.0,-0.023091710879558126,-0.0003988831272437174,-0.014479314415440519,-0.0004730947332134595,0.0013429736768281176
loop_02_nested,reassociate,licm,0.0,-0.023091710879558126,0.0,-0.01408291979571617,-0.0005315485650004147,0.0013429736768281176
loop_02_nested,reassociate,loop-rotate,0.0,-0.023091710879558126,0.0,-0.014075908169428334,0.00030455892658618237,0.007133072153918509
loop_02_nested,reassociate,loop-unroll,0.0,-0.023091710879558126,0.0,-0.014096226551948695,-0.00015333421849881638,0.0009322364414372063
loop_02_nested,licm,mem2reg,-0.06,-0.023091710879558126,-0.036550132044537206,-0.050630072394775405,-0.039667634769206074,-0.03256472644951023
loop_02_nested,licm,sroa,-0.06,-0.023091710879558126,-0.036550132044537206,-0.050630261643140245,-0.04139037468459157,-0.030178129531568874
loop_02_nested,licm,instcombine,0.28,-0.023091710879558126,0.206125579272808,0.19198033752775692,0.24880530371101225,0.24307577870948702
loop_02_nested,licm,simplifycfg,0.02,-0.023091710879558126,0.010009446634664562,-0.004070171677444109,0.026869072696480204,0.009373767890857143
loop_02_nested,licm,early-cse,0.18,-0.023091710879558126,0.05781556535734937,0.04371550621291119,0.056489043628173426,0.0464523863619138
loop_02_nested,licm,gvn,0.2,-0.023091710879558126,0.03193681831710289,0.017840197225881666,0.03872413625769695,0.024938641994686313
loop_02_nested,licm,dce,0.0,-0.023091710879558126,0.0,-0.014077932896415974,-6.808906603511565e-05,0.0013429736768281176
loop_02_nested,licm,adce,0.0,-0.023091710879558126,0.0,-0.014077932896415995,-3.157605475146218e-05,0.0013429736768281176
loop_02_nested,licm,reassociate,0.0,-0.023091710879558126,0.0,-0.014077849956397253,-0.00014293538858786017,0.0013429736768281176
loop_02_nested,licm,loop-rotate,0.16,-0.023091710879558126,-0.005537525822547139,-0.019608995708574408,0.014489772489339504,0.011121930296398259
loop_02_nested,licm,loop-unroll,-0.84,-0.023091710879558126,-0.05252186705495249,-0.06659830184455114,-0.14410522807281245,-0.13794790204724516
loop_02_nested,loop-rotate,mem2reg,0.0,-0.023091710879558126,0.009992500868604062,-0.00410182980856184,-0.0022539693421283072,0.002554933223600717
loop_02_nested,loop-rotate,sroa,0.0,-0.023091710879558126,0.009992500868604062,-0.004102019056926708,-0.0020176144812718284,0.0028441979619428424
loop_02_nested,loop-rotate,instcombine,0.12,-0.023091710879558126,0.0548174724918455,0.040722493814748156,0.04373237918394148,0.036299420367122796
loop_02_nested,loop-rotate,simplifycfg,0.12,-0.023091710879558126,0.05456507310533104,0.04047171377754971,0.044322145768424547,0.035035822020198414
loop_02_nested,loop-rotate,early-cse,0.16,-0.023091710879558126,0.05291029747897569,0.03881266008246392,0.05761666222486005,0.045730876141256246
loop_02_nested,loop-rotate,gvn,-0.02,-0.023091710879558126,0.010809835116407448,-0.0032790633168778525,0.0001372307738300159,0.005868107023869936
loop_02_nested,loop-rotate,dce,0.0,-0.023091710879558126,0.0,-0.014077114085236816,-0.0028684377351620356,0.007494172821588906
loop_02_nested,loop-rotate,adce,0.0,-0.023091710879558126,0.0,-0.01407711408523683,-0.0027548797489832084,0.007422198876021484
loop_02_nested,loop-rotate,reassociate,0.0,-0.023091710879558126,0.0,-0.01407703114521806,-0.0030451252726259666,0.007397841669147982
loop_02_nested,loop-rotate,licm,0.0,-0.023091710879558126,0.012489742929383743,-0.0015938106980487275,0.0021919028413832724,0.008780587521249297
loop_02_nested,loop-rotate,loop-unroll,0.0,-0.023091710879558126,0.0007233477605986784,-0.013369667616500363,-0.0028195926731032256,0.007505006004894134
loop_02_nested,loop-unroll,mem2reg,0.0,-0.023091710879558126,0.0,-0.014095177299336185,0.0001762847333160902,-0.005621564995009393
loop_02_nested,loop-unroll,sroa,0.0,-0.023091710879558126,0.0,-0.014095366547701011,6.0892566438232574e-05,-0.005332620741436578
loop_02_nested,loop-unroll,instcombine,0.0,-0.023091710879558126,0.0,-0.014081177456174137,-0.0009774625126877615,0.0013429736768281176
loop_02_nested,loop-unroll,simplifycfg,0.0,-0.023091710879558126,0.0007233477605986784,-0.013356529199581395,0.0004445858972554282,0.009373767890857143
loop_02_nested,loop-unroll,early-cse,0.0,-0.023091710879558126,0.0,-0.014084459399638188,-0.0005622898188505183,0.0006881931472072829
loop_02_nested,loop-unroll,gvn,0.0,-0.023091710879558126,0.0,-0.014089477968084779,1.0193679918450555e-05,-0.003078721375515218
loop_02_nested,loop-unroll,dce,0.0,-0.023091710879558126,0.0,-0.01408122604321289,-0.00013710940775160955,0.0013429736768281176
loop_02_nested,loop-unroll,adce,0.0,-0.023091710879558126,0.0,-0.014081226043212918,-9.295113652911813e-05,0.0013429736768281176
loop_02_nested,loop-unroll,reassociate,0.0,-0.023091710879558126,0.0,-0.014081143103194114,-0.00020125236638998098,0.0013429736768281176
loop_02_nested,loop-unroll,licm,0.0,-0.023091710879558126,0.0007233477605986784,-0.01336047281824396,-0.00029109537889505477,0.0013429736768281176
loop_02_nested,loop-unroll,loop-rotate,0.0,-0.023091710879558126,0.0007233477605986784,-0.013353461191956153,0.0005560122078784038,0.007133072153918509
loop_03_accumulate,mem2reg,sroa,-0.4657534246575342,-0.023879788198308462,-0.42255322555262625,-0.3945333447440075,-0.4680340227771355,-0.4291369648499815
loop_03_accumulate,mem2reg,instcombine,-0.0547945205479452,-0.023879788198308462,-0.14874928122350947,-0.12080479886436361,-0.16635590429760627,-0.11536690382919364
loop_03_accumulate,mem2reg,simplifycfg,0.0958904109589041,-0.023879788198308462,0.023432983784749502,0.051322672946348055,0.02270269567494366,0.012375604440182432
loop_03_accumulate,mem2reg,early-cse,-0.0821917808219178,-0.023879788198308462,-0.06544899600551561,-0.037534706885509195,-0.06325102005233664,-0.04476598132643167
loop_03_accumulate,mem2reg,gvn,-0.1780821917808219,-0.023879788198308462,-0.1605059381917399,-0.13256567666565564,-0.2047928153597809,-0.19504147210433878
loop_03_accumulate,mem2reg,dce,0.0,-0.023879788198308462,0.001811594202898548,0.029706878875963735,0.0008059990697730086,-0.0014871712865869343
loop_03_accumulate,mem2reg,adce,0.0,-0.023879788198308462,0.001811594202898548,0.029706878875963776,0.0006784073814711059,-0.0014871712865869343
loop_03_accumulate,mem2reg,reassociate,0.0,-0.023879788198308462,0.0064689308094708605,0.034362776504450354,0.003078565448368034,-0.0014871712865869343
loop_03_accumulate,mem2reg,licm,-0.0273972602739726,-0.023879788198308462,0.016527619197906428,0.04441589972464678,0.023295561969747983,0.02130744288784277
loop_03_accumulate,mem2reg,loop-rotate,0.0,-0.023879788198308462,0.08588433655991234,0.11375741491182313,0.13078379848008345,0.1275698767954033
loop_03_accumulate,mem2reg,loop-unroll,-0.0547945205479452,-0.023879788198308462,-0.3473862847946371,-0.31939542218555583,-0.2989986117779462,-0.2164614828647779
loop_03_accumulate,sroa,mem2reg,-0.4657534246575342,-0.023879788198308462,-0.42255322555262625,-0.3945332027994798,-0.4687131466195113,-0.4413641665790602
loop_03_accumulate,sroa,instcombine,-0.0547945205479452,-0.023879788198308462,-0.14905984022972066,-0.12111530369036373,-0.16646533770317595,-0.12634828756532482
loop_03_accumulate,sroa,simplifycfg,0.0958904109589041,-0.023879788198308462,0.023432983784749502,0.05132262564251065,0.02220326189883652,0.007889206122625317
loop_03_accumulate,sroa,early-cse,-0.0821917808219178,-0.023879788198308462,-0.0670017910365715,-0.03908704180016011,-0.06189663694311694,-0.06342006670520148
loop_03_accumulate,sroa,gvn,-0.1780821917808219,-0.023879788198308462,-0.16267985123521816,-0.1347389266246318,-0.20643242193666064,-0.19294691951645848
loop_03_accumulate,sroa,dce,0.0,-0.023879788198308462,0.0021221532091097264,0.03001728909428884,0.000881323787382838,-0.00309959522399669
loop_03_accumulate,sroa,adce,0.0,-0.023879788198308462,0.0021221532091097264,0.030017289094289006,0.0005571382723076284,-0.00309959522399669
loop_03_accumulate,sroa,reassociate,0.0,-0.023879788198308462,0.0074006078281044,0.035294101767100836,0.002236934493837446,-0.0013413216543109623
loop_03_accumulate,sroa,licm,-0.0273972602739726,-0.023879788198308462,0.016527619197906428,0.044415852420809324,0.02042514299113877,0.02052298400539355
loop_03_accumulate,sroa,loop-rotate,0.0,-0.023879788198308462,0.08588433655991234,0.11375736760798556,0.13213151324689038,0.1243418973548549
loop_03_accumulate,sroa,loop-unroll,-0.0547945205479452,-0.023879788198308462,-0.3473862847946371,-0.31939546948939335,-0.2760573032200302,-0.2293024424123897
loop_03_accumulate,instcombine,mem2reg,-0.0547945205479452,-0.023879788198308462,-0.1508447358044124,-0.12290214500051465,-0.16707788208725793,-0.12488446934285467
loop_03_accumulate,instcombine,sroa,-0.0547945205479452,-0.023879788198308462,-0.15488200288515774,-0.12693828203699423,-0.1555889875715142,-0.14305668782430056
loop_03_accumulate,instcombine,simplifycfg,0.0,-0.023879788198308462,0.01093070483268583,0.03883578874857811,0.004748678774138245,0.0032054012586760117
loop_03_accumulate,instcombine,early-cse,0.0,-0.023879788198308462,-0.05231655722981716,-0.02439525023361466,-0.029247213324590723,-0.026079671618751604
loop_03_accumulate,instcombine,gvn,0.0,-0.023879788198308462,-0.07374366369881943,-0.045820444953835554,-0.06581662865349995,-0.056514337375823724
loop_03_accumulate,instcombine,dce,0.0,-0.023879788198308462,-0.0003988831272437174,0.027508433159217468,6.172839506172833e-05,-0.0005202708452198215
loop_03_accumulate,instcombine,adce,0.0,-0.023879788198308462,-0.0003988831272437174,0.027508433159217482,5.519244734931006e-05,-0.0005202708452198215
loop_03_accumulate,instcombine,reassociate,0.0,-0.023879788198308462,-0.0022320734306653825,0.025675924843241823,-0.0006725358927599336,-0.0005202708452198215
loop_03_accumulate,instcombine,licm,0.0,-0.023879788198308462,-0.0014542905195047955,0.026451175387797465,-0.0015623191657791675,-0.0005202708452198215
loop_03_accumulate,instcombine,loop-rotate,0.0547945205479452,-0.023879788198308462,0.1065800641123071,0.13445768881922263,0.14946477105405434,0.16836121217443653
loop_03_accumulate,instcombine,loop-unroll,0.0,-0.023879788198308462,0.0,0.02788865346934188,8.754572165257555e-06,-0.0005202708452198215
loop_03_accumulate,simplifycfg,mem2reg,0.0,-0.023879788198308462,0.002893391042394726,0.03079068858040201,0.00028628619540932036,-0.006247253164846965
loop_03_accumulate,simplifycfg,sroa,0.0,-0.023879788198308462,0.002893391042394726,0.030790499332037185,0.0006470452271095397,-0.006160197609924989
loop_03_accumulate,simplifycfg,instcombine,0.0136986301369863,-0.023879788198308462,0.0074840193507793645,0.035393702351195835,0.015179525566708858,0.0006980708133442646
loop_03_accumulate,simplifycfg,early-cse,0.0,-0.023879788198308462,0.0016641575631243261,0.02957276988449446,0.001259301957334062,5.954375434410821e-06
loop_03_accumulate,simplifycfg,gvn,-0.0136986301369863,-0.023879788198308462,-0.023254405578143757,0.004657259425457538,-0.029585726525602672,-0.023803052372117633
loop_03_accumulate,simplifycfg,dce,0.0,-0.023879788198308462,0.0,0.02791213100950354,1.7662419009115054e-05,0.0004669622123485159
loop_03_accumulate,simplifycfg,adce,0.0,-0.023879788198308462,0.0,0.027912131009503623,1.7662419009115054e-05,0.0004669622123485159
loop_03_accumulate,simplifycfg,reassociate,0.0,-0.023879788198308462,0.0,0.02791221394952235,1.7662419009115054e-05,0.0004669622123485159
loop_03_accumulate,simplifycfg,licm,0.0,-0.023879788198308462,0.005439081541109614,0.03334723991121806,0.000992907510360901,0.0004669622123485159
loop_03_accumulate,simplifycfg,loop-rotate,0.0,-0.023879788198308462,-0.0004221190375685913,0.027495416766350183,0.0003807592447419403,0.007520800147645276
loop_03_accumulate,simplifycfg,loop-unroll,0.0,-0.023879788198308462,0.000301228723030087,0.02819472882678743,-0.00019293781163009184,0.0004669622123485159
loop_03_accumulate,early-cse,mem2reg,-0.0821917808219178,-0.023879788198308462,-0.07728990322362042,-0.049372225705531875,-0.07978834922203494,-0.06595119005842295
loop_03_accumulate,early-cse,sroa,-0.0821917808219178,-0.023879788198308462,-0.08101661129815457,-0.05309790521984889,-0.07489360856882181,-0.07347374396503005
loop_03_accumulate,early-cse,instcombine,0.0,-0.023879788198308462,-0.04382046185574166,-0.01589983585438946,-0.0295333077445191,-0.03358538883699599
loop_03_accumulate,early-cse,simplifycfg,0.0410958904109589,-0.023879788198308462,0.0020672564150825,0.029974359578625123,0.000560304416525613,-0.007848988705684786
loop_03_accumulate,early-cse,gvn,-0.0821917808219178,-0.023879788198308462,-0.1020655586876803,-0.07413396209041365,-0.08261832372672251,-0.0831147829699084
loop_03_accumulate,early-cse,dce,0.0,-0.023879788198308462,0.004503360884617844,0.03240819808453124,8.349109708028689e-05,-0.004856968665221467
loop_03_accumulate,early-cse,adce,0.0,-0.023879788198308462,0.004503360884617844,0.03240819808453124,0.00018328244121843155,-0.0053534345376102
loop_03_accumulate,early-cse,reassociate,0.0,-0.023879788198308462,0.002636444716268265,0.03054197492451979,0.0006548984221367332,-0.007204381835402074
loop_03_accumulate,early-cse,licm,-0.0821917808219178,-0.023879788198308462,-0.049991826326303127,-0.022071376527182374,-0.04017817947074403,-0.035972948641872775
loop_03_accumulate,early-cse,loop-rotate,-0.0273972602739726,-0.023879788198308462,-0.024806522425388455,0.003113159473151151,-0.021496721047527145,-0.01614786644828479
loop_03_accumulate,early-cse,loop-unroll,-0.0136986301369863,-0.023879788198308462,-0.0011908559419918521,0.02669730953569532,-0.002326065037533619,-0.010371967258280308
loop_03_accumulate,gvn,mem2reg,-0.1780821917808219,-0.023879788198308462,-0.1665287265582268,-0.13858912809694698,-0.20779025122326272,-0.19627895614424315
loop_03_accumulate,gvn,sroa,-0.1780821917808219,-0.023879788198308462,-0.1708765526451833,-0.14293572265558938,-0.20995536323874953,-0.1970354797481074
loop_03_accumulate,gvn,instcombine,0.2328767123287671,-0.023879788198308462,0.09517676272872568,0.12304472700880624,0.16825816414304165,0.15034217230653873
loop_03_accumulate,gvn,simplifycfg,0.0273972602739726,-0.023879788198308462,-0.021497708169272434,0.00640985512346744,-0.03059222342605181,-0.020148631413599526
loop_03_accumulate,gvn,early-cse,-0.0821917808219178,-0.023879788198308462,-0.10248632897734711,-0.07455674510728258,-0.0814685134206004,-0.08276334283471973
loop_03_accumulate,gvn,dce,0.0,-0.023879788198308462,0.002694965072336522,0.03059315281957611,0.0005902854627909235,-0.006627105334739106
loop_03_accumulate,gvn,adce,0.0,-0.023879788198308462,0.002694965072336522,0.03059315281957622,0.0009744698758827819,-0.0064594261899069165
loop_03_accumulate,gvn,reassociate,0.0,-0.023879788198308462,0.0018847926717281563,0.029783328106018647,0.00046881987204230315,-0.006445635522642013
loop_03_accumulate,gvn,licm,-0.1643835616438356,-0.023879788198308462,-0.1396773281613802,-0.11173481145407728,-0.15750908350076162,-0.17509607697678112
loop_03_accumulate,gvn,loop-rotate,0.0,-0.023879788198308462,0.08262545918342064,0.11050279420773819,0.12378362182383798,0.12295154669373862
loop_03_accumulate,gvn,loop-unroll,-0.0547945205479452,-0.023879788198308462,-0.40382491140111026,-0.37581241411369803,-0.2889940668780794,-0.22853996810283622
loop_03_accumulate,dce,mem2reg,0.0,-0.023879788198308462,0.0,0.027898195287644322,-2.572016460905354e-05,-0.006247253164846965
loop_03_accumulate,dce,sroa,0.0,-0.023879788198308462,0.0,0.027898006039279524,0.0,-0.006811259618850397
loop_03_accumulate,dce,instcombine,0.0,-0.023879788198308462,-0.0003988831272437174,0.027513328088551847,0.0,0.0004669622123485159
loop_03_accumulate,dce,simplifycfg,0.0,-0.023879788198308462,0.0,0.027913553157494966,4.6296296296296274e-05,0.0035812244812516232
loop_03_accumulate,dce,early-cse,0.0,-0.023879788198308462,-0.0003988831272437174,0.02751035560300789,-6.116207951070333e-06,5.954375434410821e-06
loop_03_accumulate,dce,gvn,0.0,-0.023879788198308462,0.0,0.027904018211919856,0.0,-0.0036313700395651407
loop_03_accumulate,dce,adce,0.0,-0.023879788198308462,-0.0003988831272437174,0.027513330480002495,0.0,0.0004669622123485159
loop_03_accumulate,dce,reassociate,0.0,-0.023879788198308462,-0.0003988831272437174,0.027513413420021293,0.0,0.0004669622123485159
loop_03_accumulate,dce,licm,0.0,-0.023879788198308462,0.0,0.027909887997014767,0.0,0.0004669622123485159
loop_03_accumulate,dce,loop-rotate,0.0,-0.023879788198308462,0.0,0.027917350115693736,0.00033057816907542564,0.007520800147645276
loop_03_accumulate,dce,loop-unroll,0.0,-0.023879788198308462,0.0,0.027893550790126977,1.5290519877675832e-05,0.0004669622123485159
loop_03_accumulate,adce,mem2reg,0.0,-0.023879788198308462,0.0,0.027898195287644378,-2.572016460905354e-05,-0.006247253164846965
loop_03_accumulate,adce,sroa,0.0,-0.023879788198308462,0.0,0.027898006039279565,0.0,-0.006811259618850397
loop_03_accumulate,adce,instcombine,0.0,-0.023879788198308462,-0.0003988831272437174,0.02751332808855186,0.0,0.0004669622123485159
loop_03_accumulate,adce,simplifycfg,0.0,-0.023879788198308462,0.0,0.027913553157494938,4.6296296296296274e-05,0.0035812244812516232
loop_03_accumulate,adce,early-cse,0.0,-0.023879788198308462,-0.0003988831272437174,0.027510355603007918,-6.578479482255875e-05,5.954375434410821e-06
loop_03_accumulate,adce,gvn,0.0,-0.023879788198308462,0.0,0.027904018211919842,0.0,-0.0036313700395651407
loop_03_accumulate,adce,dce,0.0,-0.023879788198308462,-0.0003988831272437174,0.027513330480002467,0.0,0.0004669622123485159
loop_03_accumulate,adce,reassociate,0.0,-0.023879788198308462,-0.0003988831272437174,0.02751341342002128,0.0,0.0004669622123485159
loop_03_accumulate,adce,licm,0.0,-0.023879788198308462,0.0,0.027909887997014823,0.0,0.0004669622123485159
loop_03_accumulate,adce,loop-rotate,0.0,-0.023879788198308462,0.0,0.027917350115693695,0.00033057816907542564,0.007520800147645276
loop_03_accumulate,adce,loop-unroll,0.0,-0.023879788198308462,0.0,0.027893550790127033,1.5290519877675832e-05,0.0004669622123485159
loop_03_accumulate,reassociate,mem2reg,0.0,-0.023879788198308462,0.0,0.027898177657704245,-2.572016460905354e-05,-0.006247253164846965
loop_03_accumulate,reassociate,sroa,0.0,-0.023879788198308462,0.0,0.027897988409339488,0.0,-0.006811259618850397
loop_03_accumulate,reassociate,instcombine,0.0,-0.023879788198308462,-0.0006975465764454348,0.02721474460624469,-0.0005774045590072989,0.0004669622123485159
loop_03_accumulate,reassociate,simplifycfg,0.0,-0.023879788198308462,0.0,0.027913535527554875,4.6296296296296274e-05,0.0035812244812516232
loop_03_accumulate,reassociate,early-cse,0.0,-0.023879788198308462,-0.001203107749347361,0.026706376154389377,-0.00040761755950513285,5.954375434410821e-06
loop_03_accumulate,reassociate,gvn,0.0,-0.023879788198308462,-0.0002927156706969913,0.027611380564510495,-0.00026464756445213587,-0.0036313700395651407
loop_03_accumulate,reassociate,dce,0.0,-0.023879788198308462,-0.0003988831272437174,0.027513312850062404,0.0,0.0004669622123485159
loop_03_accumulate,reassociate,adce,0.0,-0.023879788198308462,-0.0003988831272437174,0.02751331285006246,0.0,0.0004669622123485159
loop_03_accumulate,reassociate,licm,0.0,-0.023879788198308462,0.0,0.027909870367074745,0.0,0.0004669622123485159
loop_03_accumulate,reassociate,loop-rotate,0.0,-0.023879788198308462,0.0,0.027917332485753687,0.0006778003912976479,0.007520800147645276
loop_03_accumulate,reassociate,loop-unroll,0.0,-0.023879788198308462,0.0,0.027893533160186928,1.5290519877675832e-05,0.0004669622123485159
loop_03_accumulate,licm,mem2reg,-0.0547945205479452,-0.023879788198308462,-0.036776457238104805,-0.008863899066279397,-0.043057820485448414,-0.04641064102068187
loop_03_accumulate,licm,sroa,-0.0547945205479452,-0.023879788198308462,-0.036776457238104805,-0.008864088314644209,-0.04535328307059815,-0.036499959115592256
loop_03_accumulate,licm,instcombine,0.273972602739726,-0.023879788198308462,0.2063876400232547,0.23423462294468056,0.20809299607132561,0.22182727120802384
loop_03_accumulate,licm,simplifycfg,0.0821917808219178,-0.023879788198308462,0.007305456164146395,0.03521896717828113,0.0038053855384642364,0.0035812244812516232
loop_03_accumulate,licm,early-cse,0.0410958904109589,-0.023879788198308462,0.06385487446991638,0.09174546156853351,0.08584634914293594,0.0861664677766359
loop_03_accumulate,licm,gvn,0.0410958904109589,-0.023879788198308462,0.038845692647061204,0.06673936204015875,0.05208481241874793,0.04039785503502711
loop_03_accumulate,licm,dce,0.0,-0.023879788198308462,0.0,0.027914428384403677,0.0,0.0004669622123485159
loop_03_accumulate,licm,adce,0.0,-0.023879788198308462,0.0,0.027914428384403705,0.0,0.0004669622123485159
loop_03_accumulate,licm,reassociate,0.0,-0.023879788198308462,0.0,0.027914511324422474,0.0,0.0004669622123485159
loop_03_accumulate,licm,loop-rotate,-0.0410958904109589,-0.023879788198308462,0.0032057737605380304,0.031124421421496126,-0.01559623105569398,-0.0032181705896016316
loop_03_accumulate,licm,loop-unroll,0.0,-0.023879788198308462,-0.08904360618538727,-0.06111861272343014,-0.032255272704259555,-0.01929520168921013
loop_03_accumulate,loop-rotate,mem2reg,-0.0273972602739726,-0.023879788198308462,0.011183686097907219,0.039081940803776624,0.001698704964061257,0.0033486776121638678
loop_03_accumulate,loop-rotate,sroa,-0.0273972602739726,-0.023879788198308462,0.011183686097907219,0.03908175155541187,0.0014502018793020744,0.004230893122595674
loop_03_accumulate,loop-rotate,instcombine,0.0273972602739726,-0.023879788198308462,0.05884367856689017,0.08674024458708783,0.06999848561528835,0.07225285318216886
loop_03_accumulate,loop-rotate,simplifycfg,0.0273972602739726,-0.023879788198308462,0.05859127918037571,0.0864893999674843,0.06662127115820698,0.07414990544567807
loop_03_accumulate,loop-rotate,early-cse,0.0273972602739726,-0.023879788198308462,0.05867563398880297,0.08656928243683466,0.07334198780303353,0.07651415504278908
loop_03_accumulate,loop-rotate,gvn,-0.0273972602739726,-0.023879788198308462,0.0111314551283193,0.03903554982642925,0.00048637545583697834,0.00718967953239518
loop_03_accumulate,loop-rotate,dce,0.0,-0.023879788198308462,0.0,0.027915797268677472,-0.0005678456370007787,0.00788293947912084
loop_03_accumulate,loop-rotate,adce,0.0,-0.023879788198308462,0.0,0.027915797268677555,-0.0004470726901408755,0.007865433300204549
loop_03_accumulate,loop-rotate,reassociate,0.0,-0.023879788198308462,0.0,0.02791588020869627,-0.00043373935680754216,0.007606544521088379
loop_03_accumulate,loop-rotate,licm,0.0,-0.023879788198308462,0.012489742929383743,0.04039926355315361,0.007400854145722994,0.010062892989359348
loop_03_accumulate,loop-rotate,loop-unroll,0.0,-0.023879788198308462,0.0007233477605986784,0.028620376184046652,-0.00038332415453146124,0.008490129505152315
loop_03_accumulate,loop-unroll,mem2reg,0.0,-0.023879788198308462,0.0,0.027897377754749982,-1.9603956657983207e-05,-0.006247253164846965
loop_03_accumulate,loop-unroll,sroa,0.0,-0.023879788198308462,0.0,0.027897188506385142,6.116207951070333e-06,-0.006811259618850397
loop_03_accumulate,loop-unroll,instcombine,0.0,-0.023879788198308462,0.0,0.027911263336416883,6.116207951070333e-06,0.0004669622123485159
loop_03_accumulate,loop-unroll,simplifycfg,0.0,-0.023879788198308462,0.0007233477605986784,0.028635847010604353,0.00018807647360981515,0.0035812244812516232
loop_03_accumulate,loop-unroll,early-cse,0.0,-0.023879788198308462,0.0,0.027908290850872746,-5.966858687148842e-05,5.954375434410821e-06
loop_03_accumulate,loop-unroll,gvn,0.0,-0.023879788198308462,0.0,0.027903200679025405,6.116207951070333e-06,-0.0036313700395651407
loop_03_accumulate,loop-unroll,dce,0.0,-0.023879788198308462,0.0,0.027911265727867365,6.116207951070333e-06,0.0004669622123485159
loop_03_accumulate,loop-unroll,adce,0.0,-0.023879788198308462,0.0,0.027911265727867406,6.116207951070333e-06,0.0004669622123485159
loop_03_accumulate,loop-unroll,reassociate,0.0,-0.023879788198308462,0.0,0.027911348667886176,6.116207951070333e-06,0.0004669622123485159
loop_03_accumulate,loop-unroll,licm,0.0,-0.023879788198308462,0.0007233477605986784,0.02863218185012428,4.8404765165000235e-05,0.0004669622123485159
loop_03_accumulate,loop-unroll,loop-rotate,0.0,-0.023879788198308462,0.0007233477605986784,0.028639643968803096,0.0007221428989429078,0.007520800147645276
loop_04_invariant,mem2reg,sroa,-0.5164835164835165,-0.02349427932560483,-0.4203475693862792,-0.435288438790644,-0.47931670275135485,-0.5212268908492081
loop_04_invariant,mem2reg,instcombine,-0.1428571428571428,-0.02349427932560483,-0.1449204715578922,-0.15993705692599117,-0.18313301293742773,-0.2778187650830015
loop_04_invariant,mem2reg,simplifycfg,0.0,-0.02349427932560483,0.027602132087310553,0.01253057939060681,0.003979613523726527,0.007976720093637058
loop_04_invariant,mem2reg,early-cse,-0.0439560439560439,-0.02349427932560483,-0.06711141934751012,-0.08215675271957448,-0.05937431358334402,-0.047458504571173274
loop_04_invariant,mem2reg,gvn,-0.2197802197802197,-0.02349427932560483,-0.15869298045263563,-0.1737132897146626,-0.19329687883418897,-0.18446025572485406
loop_04_invariant,mem2reg,dce,0.0,-0.02349427932560483,0.001811594202898548,-0.013253235011151188,0.0013738218214497798,-0.0013305281093837977
loop_04_invariant,mem2reg,adce,0.0,-0.02349427932560483,0.001811594202898548,-0.01325323501115116,0.0013309110165880705,-0.0013305281093837977
loop_04_invariant,mem2reg,reassociate,0.0109890109890109,-0.02349427932560483,0.005991147722992126,-0.009074986521102469,0.004439455550622207,-0.000790843149753084
loop_04_invariant,mem2reg,licm,0.0219780219780219,-0.02349427932560483,0.014380867795645796,-0.0006904115684796958,0.017750622391382576,0.01439620274372423
loop_04_invariant,mem2reg,loop-rotate,0.0439560439560439,-0.02349427932560483,0.08397320421399738,0.06888665729439047,0.0652604409330988,0.07205167730667669
loop_04_invariant,mem2reg,loop-unroll,-0.1428571428571428,-0.02349427932560483,-0.3435574751290199,-0.35852763159304113,-0.21582723910684196,-0.08907912601344811
loop_04_invariant,sroa,mem2reg,-0.5164835164835165,-0.02349427932560483,-0.4203475693862792,-0.4352882968461165,-0.485487766794386,-0.5113788908512542
loop_04_invariant,sroa,instcombine,-0.1428571428571428,-0.02349427932560483,-0.14523103056410336,-0.16024756175199115,-0.17320119817882634,-0.2992803581910428
loop_04_invariant,sroa,simplifycfg,0.0,-0.02349427932560483,0.027602132087310553,0.012530532086769353,0.0028174440889046745,0.006083257380865273
loop_04_invariant,sroa,early-cse,-0.0439560439560439,-0.02349427932560483,-0.06866421437856603,-0.08370908763422555,-0.06037474534597346,-0.05025264335487774
loop_04_invariant,sroa,gvn,-0.2197802197802197,-0.02349427932560483,-0.1608668934961139,-0.17588653967363885,-0.1811461090441516,-0.17834430331508136
loop_04_invariant,sroa,dce,0.0,-0.02349427932560483,0.0021221532091097264,-0.012942824792826027,0.003372138396702343,-0.0016087851425265933
loop_04_invariant,sroa,adce,0.0,-0.02349427932560483,0.0021221532091097264,-0.012942824792825944,0.003532831289382199,-0.0016087851425265933
loop_04_invariant,sroa,reassociate,0.0109890109890109,-0.02349427932560483,0.0069228247416256656,-0.008143661258451862,0.009295038887648073,-0.00029304298200294584
loop_04_invariant,sroa,licm,0.0219780219780219,-0.02349427932560483,0.014380867795645796,-0.0006904588723172234,0.023117565251217474,0.012231153720808513
loop_04_invariant,sroa,loop-rotate,0.0439560439560439,-0.02349427932560483,0.08397320421399738,0.0688866099905529,0.06583785049013878,0.0631868133116828
loop_04_invariant,sroa,loop-unroll,-0.1428571428571428,-0.02349427932560483,-0.3435574751290199,-0.35852767889687875,-0.2451488879092258,-0.1597280018991929
loop_04_invariant,instcombine,mem2reg,-0.1428571428571429,-0.02349427932560483,-0.14701592613879513,-0.1620345481959461,-0.17247819211964444,-0.22546191579450822
loop_04_invariant,instcombine,sroa,-0.1428571428571429,-0.02349427932560483,-0.15105319321954044,-0.16607068523242602,-0.2062210749372091,-0.1763060289309811
loop_04_invariant,instcombine,simplifycfg,0.0,-0.02349427932560483,0.01093070483268583,-0.004124022957306232,0.0002796263894021707,0.00457056833825527
loop_04_invariant,instcombine,early-cse,-0.0329670329670329,-0.02349427932560483,-0.05088320797038095,-0.065922467334776,-0.11674320331260298,-0.1018870232717989
loop_04_invariant,instcombine,gvn,-0.0989010989010988,-0.02349427932560483,-0.06944361592051078,-0.08448171292770773,-0.12982383536081538,-0.09289106364065153
loop_04_invariant,instcombine,dce,0.0,-0.02349427932560483,-0.0003988831272437174,-0.015451612964075859,-2.1910735620413025e-05,-0.0005054094431558447
loop_04_invariant,instcombine,adce,0.0,-0.02349427932560483,-0.0003988831272437174,-0.015451612964075804,-2.3894862604539998e-05,-0.0005054094431558447
loop_04_invariant,instcombine,reassociate,0.0,-0.02349427932560483,-0.0022320734306653825,-0.01728414346131609,-0.0009529096209626605,-0.0005054094431558447
loop_04_invariant,instcombine,licm,0.0,-0.02349427932560483,-0.0014542905195047955,-0.016509018251741954,0.0037675467887586947,-0.0005054094431558447
loop_04_invariant,instcombine,loop-rotate,0.0549450549450549,-0.02349427932560483,0.10657351913851972,0.09149096395927528,0.09014196646438641,0.07780251713829245
loop_04_invariant,instcombine,loop-unroll,0.0,-0.02349427932560483,0.0,-0.015071046666738192,0.0,-0.0005054094431558447
loop_04_invariant,simplifycfg,mem2reg,0.0,-0.02349427932560483,0.002893391042394726,-0.012169475367000077,0.00013130068312869895,-0.0031768125188559723
loop_04_invariant,simplifycfg,sroa,0.0,-0.02349427932560483,0.002893391042394726,-0.012169664615364931,0.0,-0.004988180189823558
loop_04_invariant,simplifycfg,instcombine,0.0109890109890109,-0.02349427932560483,0.0076018288789522085,-0.007448477668044469,0.006338152698011039,0.0011309842887043747
loop_04_invariant,simplifycfg,early-cse,0.0,-0.02349427932560483,0.0016641575631243261,-0.01338753034774052,0.001658432647334688,0.00039471969228965315
loop_04_invariant,simplifycfg,gvn,-0.0219780219780219,-0.02349427932560483,-0.02289443201983786,-0.037942997495891286,-0.02363308624615312,-0.01856369968132951
loop_04_invariant,simplifycfg,dce,0.0,-0.02349427932560483,0.0,-0.015048117373343129,1.984126984126972e-06,0.0011309842887043747
loop_04_invariant,simplifycfg,adce,0.0,-0.02349427932560483,0.0,-0.015048117373343129,0.0,0.0011309842887043747
loop_04_invariant,simplifycfg,reassociate,0.0,-0.02349427932560483,0.0,-0.01504805661458892,0.0,0.0011309842887043747
loop_04_invariant,simplifycfg,licm,0.0,-0.02349427932560483,0.005439081541109614,-0.009613155987874775,0.0006334821838079584,0.0011309842887043747
loop_04_invariant,simplifycfg,loop-rotate,0.0,-0.02349427932560483,-0.0004221190375685913,-0.01546496751812076,-0.00011866235167205955,0.00477715140826494
loop_04_invariant,simplifycfg,loop-unroll,0.0,-0.02349427932560483,0.000301228723030087,-0.014765173568846083,-6.0690136207711204e-05,0.0011309842887043747
loop_04_invariant,early-cse,mem2reg,-0.0769230769230769,-0.02349427932560483,-0.07751897730617872,-0.09256137966724362,-0.08203874903026889,-0.06920560344841818
loop_04_invariant,early-cse,sroa,-0.0769230769230769,-0.02349427932560483,-0.08124568538071288,-0.09628705918156077,-0.07959448053648718,-0.07267206457226297
loop_04_invariant,early-cse,instcombine,-0.0549450549450549,-0.02349427932560483,-0.04143154642334797,-0.05647164290656643,-0.09425735145731172,-0.07329495817846242
loop_04_invariant,early-cse,simplifycfg,0.0,-0.02349427932560483,0.003854034259037235,-0.011199451211952574,0.000711984272300721,-0.005373240564654658
loop_04_invariant,early-cse,gvn,-0.1208791208791208,-0.02349427932560483,-0.10038350042432366,-0.11541255712401602,-0.10839180631086374,-0.09207313466299923
loop_04_invariant,early-cse,dce,0.0,-0.02349427932560483,0.004503360884617844,-0.01055204108658297,0.0004287041377895235,-0.003959745592789598
loop_04_invariant,early-cse,adce,0.0,-0.02349427932560483,0.004503360884617844,-0.010552041086582928,0.00036591212175830497,-0.004972234646619697
loop_04_invariant,early-cse,reassociate,0.0109890109890109,-0.02349427932560483,0.0021586616297895305,-0.012895913385032357,0.00010621428913688525,-0.00638336003893116
loop_04_invariant,early-cse,licm,-0.0439560439560439,-0.02349427932560483,-0.05165424966829764,-0.0666936433121049,-0.06289910958712548,-0.05404607692600445
loop_04_invariant,early-cse,loop-rotate,-0.0109890109890109,-0.02349427932560483,-0.025519924568212882,-0.04056038461783268,-0.02843998573935845,-0.025454692644235367
loop_04_invariant,early-cse,loop-unroll,0.0,-0.02349427932560483,-0.0017864485566434303,-0.01685798163591496,-0.0007722731839287643,-0.009782721986271715
loop_04_invariant,gvn,mem2reg,-0.2197802197802198,-0.02349427932560483,-0.16471576881912253,-0.17973674809384899,-0.19341142561204666,-0.18256355062479465
loop_04_invariant,gvn,sroa,-0.2197802197802198,-0.02349427932560483,-0.16906359490607906,-0.18408334265249143,-0.1950841485760041,-0.18337743752108462
loop_04_invariant,gvn,instcombine,0.1318681318681318,-0.02349427932560483,0.09956844014005764,0.08447519691126026,0.03806258733191153,0.01741329821939777
loop_04_invariant,gvn,simplifycfg,-0.0219780219780219,-0.02349427932560483,-0.019350956767011804,-0.03440393030495252,-0.02143570980992994,-0.014018521215312283
loop_04_invariant,gvn,early-cse,-0.1208791208791208,-0.02349427932560483,-0.10080427071399047,-0.11583535808961354,-0.10648916861686754,-0.09911397966063298
loop_04_invariant,gvn,dce,0.0,-0.02349427932560483,0.002694965072336522,-0.012366916916017693,0.0005133715582727356,-0.005695131570816479
loop_04_invariant,gvn,adce,0.0,-0.02349427932560483,0.002694965072336522,-0.012366916916017679,0.0009964132824250816,-0.005545658782709106
loop_04_invariant,gvn,reassociate,0.0,-0.02349427932560483,0.0018847926717281563,-0.01317676381083976,-0.00011684975390132794,-0.006566071223873928
loop_04_invariant,gvn,licm,-0.1318681318681318,-0.02349427932560483,-0.14109104249945428,-0.15610828107234817,-0.14621806432009724,-0.13047953992646344
loop_04_invariant,gvn,loop-rotate,0.0439560439560439,-0.02349427932560483,0.08071432683750568,0.06563208074182658,0.06530965591247224,0.06575209302262962
loop_04_invariant,gvn,loop-unroll,-0.1428571428571428,-0.02349427932560483,-0.39999610173549294,-0.41494457936966067,-0.29522469383193733,-0.10353497620129287
loop_04_invariant,dce,mem2reg,0.0,-0.02349427932560483,0.0,-0.015061987113434117,0.0,-0.0031768125188559723
loop_04_invariant,dce,sroa,0.0,-0.02349427932560483,0.0,-0.015062176361798971,0.0,-0.006908585268753318
loop_04_invariant,dce,instcombine,0.0,-0.02349427932560483,-0.0003988831272437174,-0.015446641414900675,0.0,0.0011309842887043747
loop_04_invariant,dce,simplifycfg,0.0,-0.02349427932560483,0.0,-0.015046479261619236,8.960573476702499e-06,0.005836512054804946
loop_04_invariant,dce,early-cse,0.0,-0.02349427932560483,-0.0003988831272437174,-0.015449963082903398,0.0,0.00039471969228965315
loop_04_invariant,dce,gvn,0.0,-0.02349427932560483,0.0,-0.015056113089742537,0.0,-0.002953288152425017
loop_04_invariant,dce,adce,0.0,-0.02349427932560483,-0.0003988831272437174,-0.015446936356520497,0.0,0.0011309842887043747
loop_04_invariant,dce,reassociate,0.0,-0.02349427932560483,-0.0003988831272437174,-0.015446875597766302,0.0,0.0011309842887043747
loop_04_invariant,dce,licm,0.0,-0.02349427932560483,0.0,-0.015050526355754388,0.0,0.0011309842887043747
loop_04_invariant,dce,loop-rotate,0.0,-0.02349427932560483,0.0,-0.015043052622453599,0.0,0.00477715140826494
loop_04_invariant,dce,loop-unroll,0.0,-0.02349427932560483,0.0,-0.01506637005918283,0.0,0.0011309842887043747
loop_04_invariant,adce,mem2reg,0.0,-0.02349427932560483,0.0,-0.01506198711343409,0.0,-0.0031768125188559723
loop_04_invariant,adce,sroa,0.0,-0.02349427932560483,0.0,-0.015062176361798888,0.0,-0.006908585268753318
loop_04_invariant,adce,instcombine,0.0,-0.02349427932560483,-0.0003988831272437174,-0.015446641414900647,0.0,0.0011309842887043747
loop_04_invariant,adce,simplifycfg,0.0,-0.02349427932560483,0.0,-0.015046479261619236,8.960573476702499e-06,0.005836512054804946
loop_04_invariant,adce,early-cse,0.0,-0.02349427932560483,-0.0003988831272437174,-0.01544996308290337,0.0,0.00039471969228965315
loop_04_invariant,adce,gvn,0.0,-0.02349427932560483,0.0,-0.01505611308974251,0.0,-0.002953288152425017
loop_04_invariant,adce,dce,0.0,-0.02349427932560483,-0.0003988831272437174,-0.015446936356520525,1.984126984126972e-06,0.0011309842887043747
loop_04_invariant,adce,reassociate,0.0,-0.02349427932560483,-0.0003988831272437174,-0.015446875597766288,0.0,0.0011309842887043747
loop_04_invariant,adce,licm,0.0,-0.02349427932560483,0.0,-0.015050526355754388,0.0,0.0011309842887043747
loop_04_invariant,adce,loop-rotate,0.0,-0.02349427932560483,0.0,-0.01504305262245357,0.0,0.00477715140826494
loop_04_invariant,adce,loop-unroll,0.0,-0.02349427932560483,0.0,-0.015066370059182871,0.0,0.0011309842887043747
loop_04_invariant,reassociate,mem2reg,0.0,-0.02349427932560483,0.0,-0.015062005791458466,0.0,-0.0031768125188559723
loop_04_invariant,reassociate,sroa,0.0,-0.02349427932560483,0.0,-0.015062195039823307,0.0,-0.006908585268753318
loop_04_invariant,reassociate,instcombine,0.0,-0.02349427932560483,-0.0006975465764454348,-0.015745225945292103,-0.0007605313443206708,0.0011309842887043747
loop_04_invariant,reassociate,simplifycfg,0.0,-0.02349427932560483,0.0,-0.015046497939643627,8.960573476702499e-06,0.005836512054804946
loop_04_invariant,reassociate,early-cse,0.0,-0.02349427932560483,-0.001203107749347361,-0.016253943579606252,-0.0008728741884350633,0.00039471969228965315
loop_04_invariant,reassociate,gvn,0.0,-0.02349427932560483,-0.0002927156706969913,-0.015348751785236226,-0.0005300306168979205,-0.002953288152425017
loop_04_invariant,reassociate,dce,0.0,-0.02349427932560483,-0.0003988831272437174,-0.015446955034544888,1.984126984126972e-06,0.0011309842887043747
loop_04_invariant,reassociate,adce,0.0,-0.02349427932560483,-0.0003988831272437174,-0.015446955034544902,0.0,0.0011309842887043747
loop_04_invariant,reassociate,licm,0.0,-0.02349427932560483,0.0,-0.015050545033778779,0.0,0.0011309842887043747
loop_04_invariant,reassociate,loop-rotate,0.0,-0.02349427932560483,0.0,-0.01504307130047799,0.0,0.00477715140826494
loop_04_invariant,reassociate,loop-unroll,0.0,-0.02349427932560483,0.0,-0.015066388737207207,0.0,0.0011309842887043747
loop_04_invariant,licm,mem2reg,-0.043956043956044,-0.02349427932560483,-0.03724769535079616,-0.05229494255135394,-0.02121000852188521,-0.01681184391129023
loop_04_invariant,licm,sroa,-0.043956043956044,-0.02349427932560483,-0.03724769535079616,-0.05229513179971876,-0.025806333016235545,-0.019036455585165174
loop_04_invariant,licm,instcombine,0.1648351648351648,-0.02349427932560483,0.21113274601910517,0.19601843187595974,0.2671927648991506,0.2728237724664084
loop_04_invariant,licm,simplifycfg,0.0,-0.02349427932560483,0.010879011852055864,-0.004168454276429888,9.865060508230446e-06,0.005836512054804946
loop_04_invariant,licm,early-cse,0.0989010989010989,-0.02349427932560483,0.061341604535562456,0.046272917269337153,0.05853140352704166,0.059489031811571405
loop_04_invariant,licm,gvn,0.032967032967033,-0.02349427932560483,0.039199121231579724,0.02413276686825136,0.04444870513772366,0.03523653250401018
loop_04_invariant,licm,dce,0.0,-0.02349427932560483,0.0,-0.01504561541397178,1.984126984126972e-06,0.0011309842887043747
loop_04_invariant,licm,adce,0.0,-0.02349427932560483,0.0,-0.015045615413971739,0.0,0.0011309842887043747
loop_04_invariant,licm,reassociate,0.0,-0.02349427932560483,0.0,-0.015045554655217558,0.0,0.0011309842887043747
loop_04_invariant,licm,loop-rotate,0.0,-0.02349427932560483,0.0014189959165832962,-0.0136219522416313,-0.023603024185806197,-0.01393100296333809
loop_04_invariant,licm,loop-unroll,-0.2637362637362637,-0.02349427932560483,-0.07757681210989754,-0.092615263562432,-0.004299620078580631,0.003279107974341178
loop_04_invariant,loop-rotate,mem2reg,0.0219780219780219,-0.02349427932560483,0.009036934695646587,-0.006024474962471445,0.012971012828155234,0.005249419074697943
loop_04_invariant,loop-rotate,sroa,0.0219780219780219,-0.02349427932560483,0.009036934695646587,-0.006024664210836257,0.014663099790901472,0.001983120190343819
loop_04_invariant,loop-rotate,instcombine,0.0439560439560439,-0.02349427932560483,0.058123731450278375,0.043060379754955684,0.06119902101225956,0.056177154009215614
loop_04_invariant,loop-rotate,simplifycfg,0.0439560439560439,-0.02349427932560483,0.057871332063763915,0.04280947221969058,0.0588474613093363,0.049288211219482535
loop_04_invariant,loop-rotate,early-cse,0.0439560439560439,-0.02349427932560483,0.05795568687219117,0.04288906842224382,0.04450141872936446,0.03641643977078517
loop_04_invariant,loop-rotate,gvn,0.021978021978022,-0.02349427932560483,0.008984703726058666,-0.00607081484040279,0.009846580245469305,0.006281402390950885
loop_04_invariant,loop-rotate,dce,0.0,-0.02349427932560483,0.0,-0.015044653043250112,0.0004768802740486157,0.0077656214640428115
loop_04_invariant,loop-rotate,adce,0.0,-0.02349427932560483,0.0,-0.015044653043250098,0.00043238134600874983,0.0077842048098189336
loop_04_invariant,loop-rotate,reassociate,0.0,-0.02349427932560483,0.0,-0.015044592284495876,0.0003651940536667434,0.007776173879047114
loop_04_invariant,loop-rotate,licm,0.0659340659340659,-0.02349427932560483,0.009623044410511313,-0.005427096018060275,0.015695204046199836,0.009557215882258286
loop_04_invariant,loop-rotate,loop-unroll,0.0,-0.02349427932560483,0.0007233477605986784,-0.01433972814066783,0.0007858109218846849,0.008697503105364972
loop_04_invariant,loop-unroll,mem2reg,0.0,-0.02349427932560483,0.0,-0.015062788298127955,0.0,-0.0031768125188559723
loop_04_invariant,loop-unroll,sroa,0.0,-0.02349427932560483,0.0,-0.015062977546492795,0.0,-0.006908585268753318
loop_04_invariant,loop-unroll,instcombine,0.0,-0.02349427932560483,0.0,-0.015048689818835151,0.0,0.0011309842887043747
loop_04_invariant,loop-unroll,simplifycfg,0.0,-0.02349427932560483,0.0007233477605986784,-0.014324169060309125,0.00014594385279874606,0.005836512054804946
loop_04_invariant,loop-unroll,early-cse,0.0,-0.02349427932560483,0.0,-0.015052011486837833,0.0,0.00039471969228965315
loop_04_invariant,loop-unroll,gvn,0.0,-0.02349427932560483,0.0,-0.015056914274436404,0.0,-0.002953288152425017
loop_04_invariant,loop-unroll,dce,0.0,-0.02349427932560483,0.0,-0.01504898476045507,1.984126984126972e-06,0.0011309842887043747
loop_04_invariant,loop-unroll,adce,0.0,-0.02349427932560483,0.0,-0.015048984760455042,0.0,0.0011309842887043747
loop_04_invariant,loop-unroll,reassociate,0.0,-0.02349427932560483,0.0,-0.015048924001700806,0.0,0.0011309842887043747
loop_04_invariant,loop-unroll,licm,0.0,-0.02349427932560483,0.0007233477605986784,-0.014328216154444276,0.0001685418473382318,0.0011309842887043747
loop_04_invariant,loop-unroll,loop-rotate,0.0,-0.02349427932560483,0.0007233477605986784,-0.01432074242114346,7.017663973709403e-05,0.00477715140826494
loop_05_small_trip,mem2reg,sroa,-0.3902439024390244,-0.0222539590237787,-0.4258362482577789,-0.4413989228423491,-0.404008813789463,-0.38613466955617104
loop_05_small_trip,mem2reg,instcombine,-0.0853658536585365,-0.0222539590237787,-0.1474200928273968,-0.16305950725930202,-0.1223028398836792,-0.11581895700379752
loop_05_small_trip,mem2reg,simplifycfg,0.0,-0.0222539590237787,0.027602132087310553,0.011907129491463903,0.0070862084382446585,0.0130515142388921
loop_05_small_trip,mem2reg,early-cse,-0.048780487804878,-0.0222539590237787,-0.06690166091929994,-0.08257050642016363,-0.04765947096782411,-0.045421103254116864
loop_05_small_trip,mem2reg,gvn,-0.1341463414634146,-0.0222539590237787,-0.1624161925533663,-0.17805883368108325,-0.15236998732470056,-0.14657239765201902
loop_05_small_trip,mem2reg,dce,0.0,-0.0222539590237787,0.001811594202898548,-0.013876675895766754,0.0003316959968336107,-0.0033002040388420374
loop_05_small_trip,mem2reg,adce,0.0,-0.0222539590237787,0.001811594202898548,-0.013876675895766768,0.0004318424630924623,-0.0033002040388420374
loop_05_small_trip,mem2reg,reassociate,0.0,-0.0222539590237787,0.0064689308094708605,-0.009220778267280193,0.0008391740377418821,-0.0022654427198504808
loop_05_small_trip,mem2reg,licm,0.024390243902439,-0.0222539590237787,0.014275988581540704,-0.0014186551848699956,0.018332523529890645,0.015106471938483839
loop_05_small_trip,mem2reg,loop-rotate,0.1219512195121951,-0.0222539590237787,0.08058210962459951,0.06487300271634025,0.08953919279580862,0.07889088750673698
loop_05_small_trip,mem2reg,loop-unroll,-1.7560975609756098,-0.0222539590237787,-0.27341658738473873,-0.2890296489671224,-0.38749935787594275,-0.3861656465569014
loop_05_small_trip,sroa,mem2reg,-0.3902439024390244,-0.0222539590237787,-0.4258362482577789,-0.4413987808978213,-0.3967563137516,-0.4168273775405988
loop_05_small_trip,sroa,instcombine,-0.0853658536585365,-0.0222539590237787,-0.14773065183360798,-0.16337001208530222,-0.1197160363720501,-0.11460962711436704
loop_05_small_trip,sroa,simplifycfg,0.0,-0.0222539590237787,0.027602132087310553,0.011907082187626362,0.007863877218977773,0.013218417144668804
loop_05_small_trip,sroa,early-cse,-0.048780487804878,-0.0222539590237787,-0.06845445595035585,-0.08412284133481451,-0.05082083478214665,-0.04769331405386824
loop_05_small_trip,sroa,gvn,-0.1341463414634146,-0.0222539590237787,-0.16459010559684456,-0.18023208364005947,-0.15001588068034355,-0.14691770950030494
loop_05_small_trip,sroa,dce,0.0,-0.0222539590237787,0.0021221532091097264,-0.013566265677441593,0.0004964836051528797,-0.0015182638605256021
loop_05_small_trip,sroa,adce,0.0,-0.0222539590237787,0.0021221532091097264,-0.01356626567744158,0.00017514126200880397,-0.0015182638605256021
loop_05_small_trip,sroa,reassociate,0.0,-0.0222539590237787,0.0074006078281044,-0.00828945300462967,0.0012655472756145781,-0.0010875516887011597
loop_05_small_trip,sroa,licm,0.024390243902439,-0.0222539590237787,0.014275988581540704,-0.0014187024887075093,0.011904147319240116,0.007968230641922541
loop_05_small_trip,sroa,loop-rotate,0.1219512195121951,-0.0222539590237787,0.08058210962459951,0.06487295541250274,0.09058977836755779,0.07972251394463202
loop_05_small_trip,sroa,loop-unroll,-1.7560975609756098,-0.0222539590237787,-0.27341658738473873,-0.28902969627096003,-0.3815082974023898,-0.43426050574745517
loop_05_small_trip,instcombine,mem2reg,-0.0853658536585366,-0.0222539590237787,-0.14951554740829973,-0.1651579658447438,-0.12159230253120887,-0.13482117876375865
loop_05_small_trip,instcombine,sroa,-0.0853658536585366,-0.0222539590237787,-0.1535528144890451,-0.16919410288122347,-0.13816720885885456,-0.11207856807457435
loop_05_small_trip,instcombine,simplifycfg,0.0,-0.0222539590237787,0.01093070483268583,-0.004748487295370581,0.0015565102784854997,0.005027780999596277
loop_05_small_trip,instcombine,early-cse,-0.048780487804878,-0.0222539590237787,-0.05019566645569203,-0.06585960851711316,-0.06107435795997465,-0.059244506654099346
loop_05_small_trip,instcombine,gvn,-0.048780487804878,-0.0222539590237787,-0.07162277292469431,-0.08728472080072096,-0.07922929346027464,-0.06085022029697469
loop_05_small_trip,instcombine,dce,0.0,-0.0222539590237787,-0.0003988831272437174,-0.016076068287612735,-3.6697247706422e-05,2.2159373723392364e-05
loop_05_small_trip,instcombine,adce,0.0,-0.0222539590237787,-0.0003988831272437174,-0.01607606828761272,-3.8735983690112115e-05,2.2159373723392364e-05
loop_05_small_trip,instcombine,reassociate,0.0,-0.0222539590237787,-0.0022320734306653825,-0.01790857660358842,-0.0002588280316037936,2.2159373723392364e-05
loop_05_small_trip,instcombine,licm,-0.0121951219512195,-0.0222539590237787,-0.0009240678259735129,-0.01660338193715259,0.0017163594616648248,2.2159373723392364e-05
loop_05_small_trip,instcombine,loop-rotate,0.1463414634146341,-0.0222539590237787,0.10259976224853799,0.08689382304331189,0.11379828464829361,0.09782927704554854
loop_05_small_trip,instcombine,loop-unroll,0.0,-0.0222539590237787,0.0,-0.015692045680386273,-3.8735983690112115e-05,2.2159373723392364e-05
loop_05_small_trip,simplifycfg,mem2reg,0.0,-0.0222539590237787,0.002893391042394726,-0.012793908732190228,0.0005091715307910152,-0.005832812133692439
loop_05_small_trip,simplifycfg,sroa,0.0,-0.0222539590237787,0.002893391042394726,-0.012794097980555027,0.0005710943326836925,-0.0053509484123118204
loop_05_small_trip,simplifycfg,instcombine,0.0,-0.0222539590237787,0.008079611965430942,-0.00759533119949601,0.01573184964529312,0.0033957807105955804
loop_05_small_trip,simplifycfg,early-cse,0.0,-0.0222539590237787,0.0016641575631243261,-0.014011808533956182,0.0026635756798526833,0.0007024430847060095
loop_05_small_trip,simplifycfg,gvn,-0.0365853658536585,-0.0222539590237787,-0.02225933011220149,-0.037932486259841414,-0.027183283001257805,-0.015585195657693536
loop_05_small_trip,simplifycfg,dce,0.0,-0.0222539590237787,0.0,-0.01567239285994813,-3.269102188900945e-05,0.0009757329984269508
loop_05_small_trip,simplifycfg,adce,0.0,-0.0222539590237787,0.0,-0.015672392859948103,-2.2497341970558894e-05,0.0009757329984269508
loop_05_small_trip,simplifycfg,reassociate,0.0,-0.0222539590237787,0.0,-0.015672309919929347,-4.426035375761979e-05,0.0009757329984269508
loop_05_small_trip,simplifycfg,licm,0.0,-0.0222539590237787,0.005439081541109614,-0.010237389264436122,0.0006923835769111773,0.0009757329984269508
loop_05_small_trip,simplifycfg,loop-rotate,0.0,-0.0222539590237787,-0.0004221190375685913,-0.016089470246027648,-0.00011604975728155197,0.006801508093299649
loop_05_small_trip,simplifycfg,loop-unroll,0.0,-0.0222539590237787,0.000301228723030087,-0.01538599274556222,6.854757447627405e-05,0.0009757329984269508
loop_05_small_trip,early-cse,mem2reg,-0.048780487804878,-0.0222539590237787,-0.07874256813740475,-0.0944090588713525,-0.06401479432623775,-0.06112227202764546
loop_05_small_trip,early-cse,sroa,-0.048780487804878,-0.0222539590237787,-0.08246927621193892,-0.09813473838566945,-0.06907640714621992,-0.0674725648576167
loop_05_small_trip,early-cse,instcombine,-0.048780487804878,-0.0222539590237787,-0.04169957108161653,-0.05736411531976347,-0.051398240897532976,-0.04225149767315758
loop_05_small_trip,early-cse,simplifycfg,0.0,-0.0222539590237787,0.003854034259037235,-0.011823790564120886,0.0006624157148852385,-0.005657556598102077
loop_05_small_trip,early-cse,gvn,-0.0975609756097561,-0.0222539590237787,-0.10139733282733952,-0.11705049621314909,-0.09276183031022107,-0.07703317975654836
loop_05_small_trip,early-cse,dce,0.0,-0.0222539590237787,0.004503360884617844,-0.011176371424223851,-0.00018329348848733279,-0.004527812745619731
loop_05_small_trip,early-cse,adce,0.0,-0.0222539590237787,0.004503360884617844,-0.01117637142422388,-0.00017226247057558087,-0.004220384796817744
loop_05_small_trip,early-cse,reassociate,0.0,-0.0222539590237787,0.002636444716268265,-0.013042594584235356,-0.0001703888714838701,-0.006175444475336839
loop_05_small_trip,early-cse,licm,-0.048780487804878,-0.0222539590237787,-0.051444491240087466,-0.06710824155606514,-0.058313816562771355,-0.05002324470287624
loop_05_small_trip,early-cse,loop-rotate,-0.024390243902439,-0.0222539590237787,-0.02493726226762905,-0.04060247029778345,-0.034614718321861915,-0.026068094303614023
loop_05_small_trip,early-cse,loop-unroll,0.0,-0.0222539590237787,-0.0017864485566434303,-0.017478855663667133,-0.0007240385334571945,-0.009369781609367326
loop_05_small_trip,gvn,mem2reg,-0.1341463414634146,-0.0222539590237787,-0.16843898091985318,-0.18408211698132113,-0.15630789440484824,-0.15371740161055816
loop_05_small_trip,gvn,sroa,-0.1341463414634146,-0.0222539590237787,-0.1727868070068097,-0.18842871153996346,-0.15406267697644124,-0.14750834223125212
loop_05_small_trip,gvn,instcombine,0.1463414634146341,-0.0222539590237787,0.0989391648554271,0.08322270668400064,0.12668352638913932,0.08754722882599986
loop_05_small_trip,gvn,simplifycfg,-0.0365853658536585,-0.0222539590237787,-0.018715854859375432,-0.03439226052390693,-0.026882012049761372,-0.014402416040518118
loop_05_small_trip,gvn,early-cse,-0.0975609756097561,-0.0222539590237787,-0.10181810311700633,-0.11747207746779817,-0.09238640562989926,-0.07678467722660769
loop_05_small_trip,gvn,dce,0.0,-0.0222539590237787,0.002694965072336522,-0.012990132490345998,0.00012118397041595371,-0.00555925775535368
loop_05_small_trip,gvn,adce,0.0,-0.0222539590237787,0.002694965072336522,-0.012990132490345956,2.4875621890547168e-05,-0.003929333843119969
loop_05_small_trip,gvn,reassociate,0.0,-0.0222539590237787,0.0018847926717281563,-0.013799957203903503,0.00013555919869770976,-0.00748698896974894
loop_05_small_trip,gvn,licm,-0.1463414634146341,-0.0222539590237787,-0.14046176721482376,-0.15610238478572133,-0.16299920845239124,-0.1560072014956124
loop_05_small_trip,gvn,loop-rotate,0.1219512195121951,-0.0222539590237787,0.0773232322481078,0.06161865147406376,0.08299207507936801,0.07673923518540386
loop_05_small_trip,gvn,loop-unroll,-2.0121951219512195,-0.0222539590237787,-0.31872053742705486,-0.33431533344371994,-0.4196693590048004,-0.5861470098064395
loop_05_small_trip,dce,mem2reg,0.0,-0.0222539590237787,0.0,-0.015686437236267874,-2.8942769768457826e-05,-0.006100768645766897
loop_05_small_trip,dce,sroa,0.0,-0.0222539590237787,0.0,-0.015686626484632708,-2.8942769768457826e-05,-0.006105521315454525
loop_05_small_trip,dce,instcombine,0.0,-0.0222539590237787,-0.0003988831272437174,-0.016071138661169163,-7.208387942332894e-05,0.0009757329984269508
loop_05_small_trip,dce,simplifycfg,0.0,-0.0222539590237787,0.0,-0.015670780520395302,-2.272386429582108e-05,0.005511943543027268
loop_05_small_trip,dce,early-cse,0.0,-0.0222539590237787,-0.0003988831272437174,-0.016074258026762715,-6.716906946264742e-05,0.0007024430847060095
loop_05_small_trip,dce,gvn,0.0,-0.0222539590237787,0.0,-0.01568051298123767,-2.8942769768457826e-05,-0.0032359162508026037
loop_05_small_trip,dce,adce,0.0,-0.0222539590237787,-0.0003988831272437174,-0.016071228600769146,-2.8942769768457826e-05,0.0009757329984269508
loop_05_small_trip,dce,reassociate,0.0,-0.0222539590237787,-0.0003988831272437174,-0.01607114566075039,-5.95238095238095e-05,0.0009757329984269508
loop_05_small_trip,dce,licm,0.0,-0.0222539590237787,0.0,-0.015674776389959424,-2.8942769768457826e-05,0.0009757329984269508
loop_05_small_trip,dce,loop-rotate,0.0,-0.0222539590237787,0.0,-0.015667572108004065,0.0003998879116411071,0.006801508093299649
loop_05_small_trip,dce,loop-unroll,0.0,-0.0222539590237787,0.0,-0.015687205993542657,-2.8942769768457826e-05,0.0009757329984269508
loop_05_small_trip,adce,mem2reg,0.0,-0.0222539590237787,0.0,-0.015686437236267888,-6.116207951070333e-06,-0.006100768645766897
loop_05_small_trip,adce,sroa,0.0,-0.0222539590237787,0.0,-0.015686626484632673,-6.116207951070333e-06,-0.006105521315454525
loop_05_small_trip,adce,instcombine,0.0,-0.0222539590237787,-0.0003988831272437174,-0.016071138661169198,-6.072520751419831e-05,0.0009757329984269508
loop_05_small_trip,adce,simplifycfg,0.0,-0.0222539590237787,0.0,-0.015670780520395316,1.0269752156641691e-07,0.005511943543027268
loop_05_small_trip,adce,early-cse,0.0,-0.0222539590237787,-0.0003988831272437174,-0.016074258026762694,-5.581039755351679e-05,0.0007024430847060095
loop_05_small_trip,adce,gvn,0.0,-0.0222539590237787,0.0,-0.015680512981237692,-6.116207951070333e-06,-0.0032359162508026037
loop_05_small_trip,adce,dce,0.0,-0.0222539590237787,-0.0003988831272437174,-0.016071228600769174,-2.1406727828746163e-05,0.0009757329984269508
loop_05_small_trip,adce,reassociate,0.0,-0.0222539590237787,-0.0003988831272437174,-0.016071145660750404,-2.1406727828746167e-05,0.0009757329984269508
loop_05_small_trip,adce,licm,0.0,-0.0222539590237787,0.0,-0.015674776389959396,-6.116207951070333e-06,0.0009757329984269508
loop_05_small_trip,adce,loop-rotate,0.0,-0.0222539590237787,0.0,-0.015667572108004065,4.773694738873567e-05,0.006801508093299649
loop_05_small_trip,adce,loop-unroll,0.0,-0.0222539590237787,0.0,-0.01568720599354263,-6.116207951070333e-06,0.0009757329984269508
loop_05_small_trip,reassociate,mem2reg,0.0,-0.0222539590237787,0.0,-0.01568645486620795,-8.737439930100476e-06,-0.006100768645766897
loop_05_small_trip,reassociate,sroa,0.0,-0.0222539590237787,0.0,-0.01568664411457275,-8.737439930100476e-06,-0.006105521315454525
loop_05_small_trip,reassociate,instcombine,0.0,-0.0222539590237787,-0.0006975465764454348,-0.016369722143476383,-0.00015395343757302333,0.0009757329984269508
loop_05_small_trip,reassociate,simplifycfg,0.0,-0.0222539590237787,0.0,-0.015670798150335407,-2.5185344574637265e-06,0.005511943543027268
loop_05_small_trip,reassociate,early-cse,0.0,-0.0222539590237787,-0.001203107749347361,-0.016878237475381242,-0.0001679704696045262,0.0007024430847060095
loop_05_small_trip,reassociate,gvn,0.0,-0.0222539590237787,-0.0002927156706969913,-0.01597315062864708,-6.936030226043883e-05,-0.0032359162508026037
loop_05_small_trip,reassociate,dce,0.0,-0.0222539590237787,-0.0003988831272437174,-0.01607124623070925,-2.402795980777631e-05,0.0009757329984269508
loop_05_small_trip,reassociate,adce,0.0,-0.0222539590237787,-0.0003988831272437174,-0.016071246230709237,-8.737439930100476e-06,0.0009757329984269508
loop_05_small_trip,reassociate,licm,0.0,-0.0222539590237787,0.0,-0.015674794019899466,-8.737439930100476e-06,0.0009757329984269508
loop_05_small_trip,reassociate,loop-rotate,0.0,-0.0222539590237787,0.0,-0.015667589737944163,0.0004281838563661958,0.006801508093299649
loop_05_small_trip,reassociate,loop-unroll,0.0,-0.0222539590237787,0.0,-0.015687223623482693,-8.737439930100476e-06,0.0009757329984269508
loop_05_small_trip,licm,mem2reg,-0.0365853658536585,-0.0222539590237787,-0.037568159616117265,-0.05323982804513304,-0.023916855048305402,-0.023580859613018368
loop_05_small_trip,licm,sroa,-0.0365853658536585,-0.0222539590237787,-0.037568159616117265,-0.053240017293497824,-0.026695117869008928,-0.023671079810383886
loop_05_small_trip,licm,instcombine,0.3048780487804878,-0.0222539590237787,0.20504392497800417,0.1893070274587267,0.2210095049809697,0.24026846140832506
loop_05_small_trip,licm,simplifycfg,0.0,-0.0222539590237787,0.010879011852055864,-0.004792831361705854,0.0027729152864168936,0.005511943543027268
loop_05_small_trip,licm,early-cse,0.0609756097560975,-0.0222539590237787,0.06299053884621468,0.04729694197312534,0.08462178182001212,0.06640252797579099
loop_05_small_trip,licm,gvn,0.048780487804878,-0.0222539590237787,0.03851157971689081,0.02282097430944616,0.03497789880589759,0.02402194017848986
loop_05_small_trip,licm,dce,0.0,-0.0222539590237787,0.0,-0.01566998348472028,-1.5290519877675832e-05,0.0009757329984269508
loop_05_small_trip,licm,adce,0.0,-0.0222539590237787,0.0,-0.015669983484720294,0.0,0.0009757329984269508
loop_05_small_trip,licm,reassociate,0.0,-0.0222539590237787,0.0,-0.01566990054470153,-1.5290519877675832e-05,0.0009757329984269508
loop_05_small_trip,licm,loop-rotate,0.024390243902439,-0.0222539590237787,0.00035855052952073077,-0.015306646409846993,-0.00020828487436973247,0.003543911881778148
loop_05_small_trip,licm,loop-unroll,-0.3048780487804878,-0.0222539590237787,-0.0757880388471052,-0.0914479865933864,-0.05476136635564981,-0.03620630401220388
loop_05_small_trip,loop-rotate,mem2reg,0.0121951219512195,-0.0222539590237787,0.009462278175072779,-0.006223750769141664,0.02470386139261954,0.004314430726427315
loop_05_small_trip,loop-rotate,sroa,0.0121951219512195,-0.0222539590237787,0.009462278175072779,-0.006223940017506448,0.026066050114102405,0.003030218972375468
loop_05_small_trip,loop-rotate,instcombine,0.073170731707317,-0.0222539590237787,0.05685352763500563,0.04116606359878458,0.07380179953535115,0.060652603958299973
loop_05_small_trip,loop-rotate,simplifycfg,0.073170731707317,-0.0222539590237787,0.056601128248491166,0.04091535205101188,0.06529627764336662,0.05711895961285852
loop_05_small_trip,loop-rotate,early-cse,0.0853658536585365,-0.0222539590237787,0.05615526036338715,0.04046490514039927,0.06061140108636618,0.05183198957168959
loop_05_small_trip,loop-rotate,gvn,0.0121951219512195,-0.0222539590237787,0.009410047205484861,-0.006270040415734406,0.021054783911546297,0.0053958190984182515
loop_05_small_trip,loop-rotate,dce,0.0,-0.0222539590237787,0.0,-0.01566897545759929,0.0003701812545311858,0.00710008199010117
loop_05_small_trip,loop-rotate,adce,0.0,-0.0222539590237787,0.0,-0.01566897545759924,0.0006170024451994493,0.007645439042515207
loop_05_small_trip,loop-rotate,reassociate,0.0,-0.0222539590237787,0.0,-0.015668892517580506,0.000959005400815009,0.0077886673756310055
loop_05_small_trip,loop-rotate,licm,0.024390243902439,-0.0222539590237787,0.011429297542321179,-0.004245713335490935,0.012656275944976026,0.0096074683476478
loop_05_small_trip,loop-rotate,loop-unroll,0.0,-0.0222539590237787,0.0007233477605986784,-0.01496059424512813,0.0007344924524836097,0.008093870381430687
loop_05_small_trip,loop-unroll,mem2reg,0.0,-0.0222539590237787,0.0,-0.01568707510727479,0.0,-0.006100768645766897
loop_05_small_trip,loop-unroll,sroa,0.0,-0.0222539590237787,0.0,-0.015687264355639597,0.0,-0.006105521315454525
loop_05_small_trip,loop-unroll,instcombine,0.0,-0.0222539590237787,0.0,-0.015673023751416725,-3.9318479685452145e-05,0.0009757329984269508
loop_05_small_trip,loop-unroll,simplifycfg,0.0,-0.0222539590237787,0.0007233477605986784,-0.01494830700539838,0.00010599199285355613,0.005511943543027268
loop_05_small_trip,loop-unroll,early-cse,0.0,-0.0222539590237787,0.0,-0.01567614311701036,-4.969418960244646e-05,0.0007024430847060095
loop_05_small_trip,loop-unroll,gvn,0.0,-0.0222539590237787,0.0,-0.01568115085224454,0.0,-0.0032359162508026037
loop_05_small_trip,loop-unroll,dce,0.0,-0.0222539590237787,0.0,-0.015673113691016673,-1.5290519877675832e-05,0.0009757329984269508
loop_05_small_trip,loop-unroll,adce,0.0,-0.0222539590237787,0.0,-0.015673113691016666,0.0,0.0009757329984269508
loop_05_small_trip,loop-unroll,reassociate,0.0,-0.0222539590237787,0.0,-0.015673030750997876,-1.5290519877675832e-05,0.0009757329984269508
loop_05_small_trip,loop-unroll,licm,0.0,-0.0222539590237787,0.0007233477605986784,-0.014952302874962322,9.1066076346098e-05,0.0009757329984269508
loop_05_small_trip,loop-unroll,loop-rotate,0.0,-0.0222539590237787,0.0007233477605986784,-0.014945098593007137,0.00010487912778505783,0.006801508093299649
mem_01_array_copy,mem2reg,sroa,-0.3119266055045872,-0.023677283397719396,-0.4292413481244935,-0.4323216702452922,-0.3593051364497155,-0.3569864209345414
mem_01_array_copy,mem2reg,instcombine,-0.1009174311926605,-0.023677283397719396,-0.1467439372824349,-0.14990215405086443,-0.11291381045833937,-0.09763140519621497
mem_01_array_copy,mem2reg,simplifycfg,0.0642201834862385,-0.023677283397719396,0.024809950196604532,0.021597036000936484,0.02901710980229107,0.017003946393772156
mem_01_array_copy,mem2reg,early-cse,-0.0642201834862385,-0.023677283397719396,-0.06623036980271906,-0.06941807931342896,-0.050530073080963626,-0.05093151085719593
mem_01_array_copy,mem2reg,gvn,-0.128440366972477,-0.023677283397719396,-0.16266427840079836,-0.1658255597944247,-0.15542311718908575,-0.13970115704378694
mem_01_array_copy,mem2reg,dce,0.0,-0.023677283397719396,0.001811594202898548,-0.0013953761022327052,-0.00018951483670246898,-0.002089721243502861
mem_01_array_copy,mem2reg,adce,0.0,-0.023677283397719396,0.001811594202898548,-0.0013953761022326497,-0.00018951483670246898,-0.002089721243502861
mem_01_array_copy,mem2reg,reassociate,0.0,-0.023677283397719396,0.0064689308094708605,0.0032605215262539664,0.00010282341675728638,-0.002089721243502861
mem_01_array_copy,mem2reg,licm,-0.018348623853211,-0.023677283397719396,0.016134200223090703,0.01292035327716989,-0.025776371746292978,-0.009085007215180425
mem_01_array_copy,mem2reg,loop-rotate,0.128440366972477,-0.023677283397719396,0.0802999727785003,0.07707228205213493,0.12542504954748301,0.10689794960471209
mem_01_array_copy,mem2reg,loop-unroll,-0.4220183486238532,-0.023677283397719396,-0.33142003140003246,-0.33453592152257694,-0.2539523619988446,-0.22047057049454472
mem_01_array_copy,sroa,mem2reg,-0.3119266055045872,-0.023677283397719396,-0.4292413481244935,-0.4323215283007646,-0.3545599635738674,-0.35240126346696327
mem_01_array_copy,sroa,instcombine,-0.1009174311926605,-0.023677283397719396,-0.14705449628864606,-0.15021265887686444,-0.11761067802973431,-0.10200113870005859
mem_01_array_copy,sroa,simplifycfg,0.0642201834862385,-0.023677283397719396,0.024809950196604532,0.021596988697098998,0.02877099990354309,0.016624970099771794
mem_01_array_copy,sroa,early-cse,-0.0642201834862385,-0.023677283397719396,-0.06778316483377496,-0.07097041422808,-0.05179624644997855,-0.045017712613488886
mem_01_array_copy,sroa,gvn,-0.128440366972477,-0.023677283397719396,-0.16483819144427664,-0.16799880975340103,-0.15436647647679513,-0.1440097644351606
mem_01_array_copy,sroa,dce,0.0,-0.023677283397719396,0.0021221532091097264,-0.0010849658839074752,-4.787226320574131e-06,-0.0035872476998534417
mem_01_array_copy,sroa,adce,0.0,-0.023677283397719396,0.0021221532091097264,-0.0010849658839074752,-8.189723523201881e-07,-0.0035872476998534417
mem_01_array_copy,sroa,reassociate,0.0,-0.023677283397719396,0.0074006078281044,0.004191846788904545,0.0003315385246841491,-0.0021445266930450674
mem_01_array_copy,sroa,licm,-0.018348623853211,-0.023677283397719396,0.016134200223090703,0.012920305973332404,-0.028141247594326905,-0.013198277875136766
mem_01_array_copy,sroa,loop-rotate,0.128440366972477,-0.023677283397719396,0.0802999727785003,0.07707223474829733,0.1231431100409457,0.10407653554090568
mem_01_array_copy,sroa,loop-unroll,-0.4220183486238532,-0.023677283397719396,-0.33142003140003246,-0.3345359688264145,-0.2756703907129691,-0.23835141365832005
mem_01_array_copy,instcombine,mem2reg,-0.1009174311926605,-0.023677283397719396,-0.14883939186333783,-0.1519998307370097,-0.1149962181838296,-0.10576303552817505
mem_01_array_copy,instcombine,sroa,-0.1009174311926605,-0.023677283397719396,-0.15287665894408317,-0.15603596777348944,-0.11175240914024741,-0.1072022090168504
mem_01_array_copy,instcombine,simplifycfg,0.018348623853211,-0.023677283397719396,0.010132938578198396,0.006936143883976724,0.014222057258201429,0.0029229075637349235
mem_01_array_copy,instcombine,early-cse,-0.0458715596330275,-0.023677283397719396,-0.050322141593598574,-0.05350372620581954,-0.03833401895885094,-0.02913151506231717
mem_01_array_copy,instcombine,gvn,-0.0458715596330275,-0.023677283397719396,-0.07174924806260084,-0.0749289151782404,-0.04843414986539794,-0.051369904470433526
mem_01_array_copy,instcombine,dce,0.0,-0.023677283397719396,-0.0003988831272437174,-0.003593807728001004,1.5862559340820333e-05,-0.0008490024155974825
mem_01_array_copy,instcombine,adce,0.0,-0.023677283397719396,-0.0003988831272437174,-0.0035938077280009487,1.5862559340820333e-05,-0.0008490024155974825
mem_01_array_copy,instcombine,reassociate,0.0,-0.023677283397719396,-0.0022320734306653825,-0.00542631604397676,-0.0007091469644948085,-0.0008490024155974825
mem_01_array_copy,instcombine,licm,-0.0091743119266055,-0.023677283397719396,-0.0010554073922610784,-0.0042523137740421504,-0.018655092831021004,-0.0008490024155974825
mem_01_array_copy,instcombine,loop-rotate,0.146788990825688,-0.023677283397719396,0.10258030453501392,0.09935665643983045,0.14074036088642997,0.12906246105036145
mem_01_array_copy,instcombine,loop-unroll,0.0,-0.023677283397719396,0.0,-0.0032128677407966336,9.390067431435266e-06,-0.0007147337339034936
mem_01_array_copy,simplifycfg,mem2reg,0.0,-0.023677283397719396,0.002893391042394726,-0.00031172809354693826,7.253377127308456e-05,-0.006679128053662746
mem_01_array_copy,simplifycfg,sroa,0.0,-0.023677283397719396,0.002893391042394726,-0.00031191734191169523,0.00026796901353706704,-0.006413800296173434
mem_01_array_copy,simplifycfg,instcombine,0.0091743119266055,-0.023677283397719396,0.007680728838187227,0.004488275525169137,0.009167835400398155,0.0011357377373795879
mem_01_array_copy,simplifycfg,early-cse,0.0,-0.023677283397719396,0.0016641575631243261,-0.0015295122914454964,0.0016330337787323667,0.00018874185735685535
mem_01_array_copy,simplifycfg,gvn,-0.036697247706422,-0.023677283397719396,-0.022254465683820463,-0.025445403867354353,-0.0342667110169317,-0.020091664373114573
mem_01_array_copy,simplifycfg,dce,0.0,-0.023677283397719396,0.0,-0.003190152177652679,-6.74217907227611e-05,0.0006032144937093425
mem_01_array_copy,simplifycfg,adce,0.0,-0.023677283397719396,0.0,-0.003190152177652651,-7.2815533980582e-05,0.0006032144937093425
mem_01_array_copy,simplifycfg,reassociate,0.0,-0.023677283397719396,0.0,-0.0031900692376338816,-7.2815533980582e-05,0.0006032144937093425
mem_01_array_copy,simplifycfg,licm,0.0,-0.023677283397719396,0.005439081541109614,0.0022449556686812075,0.0020946965437499123,0.0006032144937093425
mem_01_array_copy,simplifycfg,loop-rotate,0.0,-0.023677283397719396,-0.0004221190375685913,-0.0036072053716660127,-0.0005930644055380141,5.7041975041935035e-05
mem_01_array_copy,simplifycfg,loop-unroll,0.0,-0.023677283397719396,0.000301228723030087,-0.002906834683288874,-0.0012530666449570532,0.0007374831754033308
mem_01_array_copy,early-cse,mem2reg,-0.0825688073394495,-0.023677283397719396,-0.07727351076633644,-0.0804582035877487,-0.08156153100479045,-0.07240030949834816
mem_01_array_copy,early-cse,sroa,-0.0825688073394495,-0.023677283397719396,-0.08100021884087058,-0.08418388310206582,-0.08113230533108602,-0.07223266384352413
mem_01_array_copy,early-cse,instcombine,-0.0458715596330275,-0.023677283397719396,-0.04182604621952307,-0.04500809229241606,-0.034168827281153336,-0.026148778341632314
mem_01_array_copy,early-cse,simplifycfg,0.0,-0.023677283397719396,0.003854034259037235,0.0006584236298853782,0.0007265327951385843,-0.0057619433838750865
mem_01_array_copy,early-cse,gvn,-0.110091743119266,-0.023677283397719396,-0.10085251684866517,-0.10402354138454341,-0.10516812216459394,-0.09730762920376675
mem_01_array_copy,early-cse,dce,0.0,-0.023677283397719396,0.004503360884617844,0.0013059665885280722,0.000526640537328523,-0.004813872922472898
mem_01_array_copy,early-cse,adce,0.0,-0.023677283397719396,0.004503360884617844,0.0013059665885281277,0.0004601862781973978,-0.00424530890840884
mem_01_array_copy,early-cse,reassociate,0.0,-0.023677283397719396,0.002636444716268265,-0.0005602565714834043,0.0005921436616551762,-0.006411340055431521
mem_01_array_copy,early-cse,licm,-0.0825688073394495,-0.023677283397719396,-0.049975433869019134,-0.05315722197798718,-0.07964154655656332,-0.059432665241277056
mem_01_array_copy,early-cse,loop-rotate,-0.036697247706422,-0.023677283397719396,-0.024402175145716742,-0.02758519582609307,-0.03379195838718931,-0.028252347661425176
mem_01_array_copy,early-cse,loop-unroll,0.0,-0.023677283397719396,-0.0017864485566434303,-0.004999600270937217,-0.0007799619988469023,-0.010261062608952277
mem_01_array_copy,gvn,mem2reg,-0.128440366972477,-0.023677283397719396,-0.16868706676728526,-0.17184895813469836,-0.16930501440486523,-0.15497070090086243
mem_01_array_copy,gvn,sroa,-0.128440366972477,-0.023677283397719396,-0.17303489285424178,-0.1761955526933407,-0.17285480792227428,-0.16194209039753651
mem_01_array_copy,gvn,instcombine,0.0825688073394495,-0.023677283397719396,0.10171188903260904,0.09847586728583864,0.06671584111793137,0.06897041342443609
mem_01_array_copy,gvn,simplifycfg,-0.036697247706422,-0.023677283397719396,-0.01871099043099441,-0.021906297835310506,-0.036044119154152676,-0.016364285823986555
mem_01_array_copy,gvn,early-cse,-0.110091743119266,-0.023677283397719396,-0.10127328713833197,-0.10444616029457869,-0.10598171640203008,-0.09735132986250723
mem_01_array_copy,gvn,dce,0.0,-0.023677283397719396,0.002694965072336522,-0.0005089088217933926,0.0005559325222626351,-0.005825406794908981
mem_01_array_copy,gvn,adce,0.0,-0.023677283397719396,0.002694965072336522,-0.0005089088217933649,0.0005066537062586218,-0.0064098154419613895
mem_01_array_copy,gvn,reassociate,0.0,-0.023677283397719396,0.0018847926717281563,-0.0013187335353508425,0.00014878659435543524,-0.007354201449369705
mem_01_array_copy,gvn,licm,-0.1651376146788991,-0.023677283397719396,-0.13964454324681225,-0.1428040999496695,-0.1754728450220158,-0.17401870854513413
mem_01_array_copy,gvn,loop-rotate,0.128440366972477,-0.023677283397719396,0.0770410954020086,0.07381785468487681,0.11762669416317136,0.10644076370571691
mem_01_array_copy,gvn,loop-unroll,-0.4036697247706422,-0.023677283397719396,-0.388656424260993,-0.39175022567541057,-0.2817069241177839,-0.19648004277947162
mem_01_array_copy,dce,mem2reg,0.0,-0.023677283397719396,0.0,-0.0032042446632031055,0.0,-0.007005009367030718
mem_01_array_copy,dce,sroa,0.0,-0.023677283397719396,0.0,-0.0032044339115678624,0.0,-0.008205896438797312
mem_01_array_copy,dce,instcombine,0.0,-0.023677283397719396,-0.0003988831272437174,-0.003588767221323154,-2.777777777777761e-05,0.0006032144937093425
mem_01_array_copy,dce,simplifycfg,0.0,-0.023677283397719396,0.0,-0.003188651722424031,0.0,0.0043751244730417475
mem_01_array_copy,dce,early-cse,0.0,-0.023677283397719396,-0.0003988831272437174,-0.0035919498498305294,0.0,0.00018874185735685535
mem_01_array_copy,dce,gvn,0.0,-0.023677283397719396,0.0,-0.0031982814931186057,-2.14285714285713e-05,-0.0042401558768523275
mem_01_array_copy,dce,adce,0.0,-0.023677283397719396,-0.0003988831272437174,-0.0035889759840521743,0.0,0.0006032144937093425
mem_01_array_copy,dce,reassociate,0.0,-0.023677283397719396,-0.0003988831272437174,-0.00358889304403346,0.0,0.0006032144937093425
mem_01_array_copy,dce,licm,0.0,-0.023677283397719396,0.0,-0.00319241952242056,-0.00029619565217391304,0.0006032144937093425
mem_01_array_copy,dce,loop-rotate,0.0,-0.023677283397719396,0.0,-0.0031852952992209096,0.001111414439374552,5.7041975041935035e-05
mem_01_array_copy,dce,loop-unroll,0.0,-0.023677283397719396,0.0,-0.0032080359968478037,-6.472491909385067e-06,0.0007374831754033308
mem_01_array_copy,adce,mem2reg,0.0,-0.023677283397719396,0.0,-0.0032042446632030777,0.0,-0.007005009367030718
mem_01_array_copy,adce,sroa,0.0,-0.023677283397719396,0.0,-0.0032044339115678624,0.0,-0.008205896438797312
mem_01_array_copy,adce,instcombine,0.0,-0.023677283397719396,-0.0003988831272437174,-0.003588767221323154,-1.1904761904761834e-05,0.0006032144937093425
mem_01_array_copy,adce,simplifycfg,0.0,-0.023677283397719396,0.0,-0.0031886517224240032,0.0,0.0043751244730417475
mem_01_array_copy,adce,early-cse,0.0,-0.023677283397719396,-0.0003988831272437174,-0.003591949849830557,0.0,0.00018874185735685535
mem_01_array_copy,adce,gvn,0.0,-0.023677283397719396,0.0,-0.0031982814931186612,-1.1904761904761834e-05,-0.0042401558768523275
mem_01_array_copy,adce,dce,0.0,-0.023677283397719396,-0.0003988831272437174,-0.003588975984052202,0.0,0.0006032144937093425
mem_01_array_copy,adce,reassociate,0.0,-0.023677283397719396,-0.0003988831272437174,-0.0035888930440334324,0.0,0.0006032144937093425
mem_01_array_copy,adce,licm,0.0,-0.023677283397719396,0.0,-0.003192419522420588,-0.00029619565217391304,0.0006032144937093425
mem_01_array_copy,adce,loop-rotate,0.0,-0.023677283397719396,0.0,-0.0031852952992209374,0.0006137292541893667,5.7041975041935035e-05
mem_01_array_copy,adce,loop-unroll,0.0,-0.023677283397719396,0.0,-0.003208035996847776,-6.472491909385067e-06,0.0007374831754033308
mem_01_array_copy,reassociate,mem2reg,0.0,-0.023677283397719396,0.0,-0.0032042622931431133,-2.2222222222222088e-05,-0.007005009367030718
mem_01_array_copy,reassociate,sroa,0.0,-0.023677283397719396,0.0,-0.0032044515415079536,-7.936507936507889e-06,-0.008205896438797312
mem_01_array_copy,reassociate,instcombine,0.0,-0.023677283397719396,-0.0006975465764454348,-0.0038873507036303392,-0.00032698792695372433,0.0006032144937093425
mem_01_array_copy,reassociate,simplifycfg,0.0,-0.023677283397719396,0.0,-0.003188669352364039,-2.2222222222222088e-05,0.0043751244730417475
mem_01_array_copy,reassociate,early-cse,0.0,-0.023677283397719396,-0.001203107749347361,-0.004395929298449071,-0.0005539913898375866,0.00018874185735685535
mem_01_array_copy,reassociate,gvn,0.0,-0.023677283397719396,-0.0002927156706969913,-0.0034909191405280773,-0.0004071893873828567,-0.0042401558768523275
mem_01_array_copy,reassociate,dce,0.0,-0.023677283397719396,-0.0003988831272437174,-0.003588993613992293,-2.2222222222222088e-05,0.0006032144937093425
mem_01_array_copy,reassociate,adce,0.0,-0.023677283397719396,-0.0003988831272437174,-0.0035889936139922377,-2.2222222222222088e-05,0.0006032144937093425
mem_01_array_copy,reassociate,licm,0.0,-0.023677283397719396,0.0,-0.0031924371523605957,-0.00030413216011042094,0.0006032144937093425
mem_01_array_copy,reassociate,loop-rotate,0.0,-0.023677283397719396,0.0,-0.0031853129291610563,0.0008480287710975796,5.7041975041935035e-05
mem_01_array_copy,reassociate,loop-unroll,0.0,-0.023677283397719396,0.0,-0.003208053626787867,-2.8694714131607154e-05,0.0007374831754033308
mem_01_array_copy,licm,mem2reg,-0.055045871559633,-0.023677283397719396,-0.03676552893324881,-0.03995532591385668,-0.0893315781970616,-0.08473852527643064
mem_01_array_copy,licm,sroa,-0.055045871559633,-0.023677283397719396,-0.03676552893324881,-0.03995551516222139,-0.09017268048412809,-0.08601143088754863
mem_01_array_copy,licm,instcombine,0.2110091743119266,-0.023677283397719396,0.20912518038968073,0.20586926180107457,0.17324674880942717,0.15554773220788995
mem_01_array_copy,licm,simplifycfg,0.036697247706422,-0.023677283397719396,0.009283479343080997,0.006094227471131079,0.011900520539652832,0.0034075014476164654
mem_01_array_copy,licm,early-cse,0.036697247706422,-0.023677283397719396,0.06404611980489623,0.06083442732533595,0.059553379854270304,0.046611072960116066
mem_01_array_copy,licm,gvn,0.0,-0.023677283397719396,0.04063247049101594,0.03742334466779859,-0.007494652084616996,0.001553048330124248
mem_01_array_copy,licm,dce,0.0,-0.023677283397719396,0.0,-0.0031877897101001765,0.00019323671497584535,-0.00036440853171594025
mem_01_array_copy,licm,adce,0.0,-0.023677283397719396,0.0,-0.0031877897101001487,0.00012851179588199425,-0.00036440853171594025
mem_01_array_copy,licm,reassociate,0.0,-0.023677283397719396,0.0,-0.003187706770081379,0.00012851179588199425,-0.00036440853171594025
mem_01_array_copy,licm,loop-rotate,-0.018348623853211,-0.023677283397719396,0.0022167621710707307,-0.0009668240254765495,0.008875839461980893,0.0005811303772335016
mem_01_array_copy,licm,loop-unroll,0.0,-0.023677283397719396,-0.08904360618538727,-0.09222011114085428,-0.08073257835967976,-0.0567109088343419
mem_01_array_copy,loop-rotate,mem2reg,0.018348623853211,-0.023677283397719396,0.009194734614116627,0.005990998530679102,0.028945943720686998,0.0024841149209980586
mem_01_array_copy,loop-rotate,sroa,0.018348623853211,-0.023677283397719396,0.009194734614116627,0.005990809282314373,0.028394193011629567,0.0012832278492314626
mem_01_array_copy,loop-rotate,instcombine,0.073394495412844,-0.023677283397719396,0.056843798778243596,0.05363872222124305,0.08196904556770235,0.06851724075969859
mem_01_array_copy,loop-rotate,simplifycfg,0.073394495412844,-0.023677283397719396,0.05659139939172913,0.05338776803159567,0.08037535359563419,0.06353628483006514
mem_01_array_copy,loop-rotate,early-cse,0.073394495412844,-0.023677283397719396,0.056675754200156386,0.05346754992802655,0.06831245207923024,0.056985872180996565
mem_01_array_copy,loop-rotate,gvn,0.018348623853211,-0.023677283397719396,0.00914250364452871,0.005944747799140664,0.03227499915457644,0.0052489684111764546
mem_01_array_copy,loop-rotate,dce,0.0,-0.023677283397719396,0.0,-0.003186709980690157,0.0004361843625247072,0.006869510342624033
mem_01_array_copy,loop-rotate,adce,0.0,-0.023677283397719396,0.0,-0.003186709980690157,0.0003614330848240724,0.007319173264375891
mem_01_array_copy,loop-rotate,reassociate,0.0,-0.023677283397719396,0.0,-0.003186627040671415,0.0004218298023316234,0.0072785524459010814
mem_01_array_copy,loop-rotate,licm,0.0,-0.023677283397719396,0.012489742929383743,0.009296755248405394,0.018082582319781153,0.010092338781738128
mem_01_array_copy,loop-rotate,loop-unroll,0.0,-0.023677283397719396,0.0007233477605986784,-0.002481411388241102,0.0007883252527674145,0.008581609535861652
mem_01_array_copy,loop-unroll,mem2reg,0.0,-0.023677283397719396,0.0,-0.0032050281907215553,0.0,-0.007005009367030718
mem_01_array_copy,loop-unroll,sroa,0.0,-0.023677283397719396,0.0,-0.0032052174390863122,0.0,-0.008205896438797312
mem_01_array_copy,loop-unroll,instcombine,0.0,-0.023677283397719396,0.0,-0.0031907979680822277,-1.1904761904761834e-05,0.0006032144937093425
mem_01_array_copy,loop-unroll,simplifycfg,0.0,-0.023677283397719396,0.0007233477605986784,-0.0024663238639385035,0.00024655827459469737,0.0043751244730417475
mem_01_array_copy,loop-unroll,early-cse,0.0,-0.023677283397719396,0.0,-0.003193980596589603,0.0,0.00018874185735685535
mem_01_array_copy,loop-unroll,gvn,0.0,-0.023677283397719396,0.0,-0.0031990650206371665,-2.14285714285713e-05,-0.0042401558768523275
mem_01_array_copy,loop-unroll,dce,0.0,-0.023677283397719396,0.0,-0.003191006730811359,0.0,0.0006032144937093425
mem_01_array_copy,loop-unroll,adce,0.0,-0.023677283397719396,0.0,-0.0031910067308113313,0.0,0.0006032144937093425
mem_01_array_copy,loop-unroll,reassociate,0.0,-0.023677283397719396,0.0,-0.003190923790792617,0.0,0.0006032144937093425
mem_01_array_copy,loop-unroll,licm,0.0,-0.023677283397719396,0.0007233477605986784,-0.0024700916639351436,-0.00011073153544867193,0.0006032144937093425
mem_01_array_copy,loop-unroll,loop-rotate,0.0,-0.023677283397719396,0.0007233477605986784,-0.0024629674407354654,0.0016382511034733918,5.7041975041935035e-05
mem_02_array_init,mem2reg,sroa,-0.3541666666666667,-0.02366922515272457,-0.4274048237261422,-0.42436476477296875,-0.350800664116977,-0.32817474401160684
mem_02_array_init,mem2reg,instcombine,-0.125,-0.02366922515272457,-0.14569686907342014,-0.14273445139462598,-0.09973200781805171,-0.08971536042396742
mem_02_array_init,mem2reg,simplifycfg,0.03125,-0.02366922515272457,0.02624343643513664,0.029150985543803493,0.03040918158323827,0.034681574337499216
mem_02_array_init,mem2reg,early-cse,-0.0104166666666666,-0.02366922515272457,-0.06856965314270044,-0.06563589007525011,-0.0563577880899158,-0.05372089078214135
mem_02_array_init,mem2reg,gvn,-0.1770833333333333,-0.02366922515272457,-0.16054936681989157,-0.15759037239422719,-0.14858039849596943,-0.14583012125380715
mem_02_array_init,mem2reg,dce,0.0,-0.02366922515272457,0.001811594202898548,0.004725491473823715,5.754851894737868e-05,-0.004555215872139793
mem_02_array_init,mem2reg,adce,0.0,-0.02366922515272457,0.001811594202898548,0.004725491473823645,3.499500212780689e-05,-0.004555215872139793
mem_02_array_init,mem2reg,reassociate,0.0,-0.02366922515272457,0.0064689308094708605,0.009381389102310358,5.90414300276679e-05,-0.003308209685231954
mem_02_array_init,mem2reg,licm,-0.0625,-0.02366922515272457,0.018053825272951095,0.020960297999454702,-0.0031233320244254343,-0.0018464759572839374
mem_02_array_init,mem2reg,loop-rotate,0.15625,-0.02366922515272457,0.07909085829904278,0.08198432054507318,0.11998081301770315,0.114809832091201
mem_02_array_init,mem2reg,loop-unroll,-0.2291666666666666,-0.02366922515272457,-0.33980488713730145,-0.3367974625127403,-0.4048608490423431,-0.4343670074501465
mem_02_array_init,sroa,mem2reg,-0.3541666666666667,-0.02366922515272457,-0.4274048237261422,-0.4243646228284412,-0.3453225630190674,-0.3371523949266197
mem_02_array_init,sroa,instcombine,-0.125,-0.02366922515272457,-0.14600742807963132,-0.143044956220626,-0.09810403907470118,-0.08950827742810323
mem_02_array_init,sroa,simplifycfg,0.03125,-0.02366922515272457,0.02624343643513664,0.029150938239966034,0.030650067842230372,0.0256633833665563
mem_02_array_init,sroa,early-cse,-0.0104166666666666,-0.02366922515272457,-0.07012244817375633,-0.06718822498990072,-0.05486359010147614,-0.050054041286884794
mem_02_array_init,sroa,gvn,-0.1770833333333333,-0.02366922515272457,-0.16272327986336982,-0.1597636223532033,-0.1482833140044595,-0.14436220576895104
mem_02_array_init,sroa,dce,0.0,-0.02366922515272457,0.0021221532091097264,0.0050359016921489586,1.991000147987914e-05,-0.0025176706867584215
mem_02_array_init,sroa,adce,0.0,-0.02366922515272457,0.0021221532091097264,0.005035901692148917,7.011661531478527e-05,-0.0025176706867584215
mem_02_array_init,sroa,reassociate,0.0,-0.02366922515272457,0.0074006078281044,0.01031271436496091,-4.960437425122054e-05,-0.001397304683862867
mem_02_array_init,sroa,licm,-0.0625,-0.02366922515272457,0.018053825272951095,0.02096025069561716,-0.006241006182725266,-0.00302260943803691
mem_02_array_init,sroa,loop-rotate,0.15625,-0.02366922515272457,0.07909085829904278,0.08198427324123558,0.11968922042420019,0.11081616915946935
mem_02_array_init,sroa,loop-unroll,-0.2291666666666666,-0.02366922515272457,-0.33980488713730145,-0.3367975098165778,-0.40422598197396337,-0.40117138861259916
mem_02_array_init,instcombine,mem2reg,-0.125,-0.02366922515272457,-0.14779232365432307,-0.14483203490210725,-0.10127863385280955,-0.08950228066303895
mem_02_array_init,instcombine,sroa,-0.125,-0.02366922515272457,-0.1518295907350684,-0.14886817193858692,-0.10046281801333173,-0.09418289620070973
mem_02_array_init,instcombine,simplifycfg,0.0208333333333333,-0.02366922515272457,0.010024907731236557,0.012949168650701073,0.0089524032101653,0.0037490468101599515
mem_02_array_init,instcombine,early-cse,-0.0208333333333333,-0.02366922515272457,-0.051410760128367886,-0.04847119227846758,-0.04497397802860888,-0.037085705382210434
mem_02_array_init,instcombine,gvn,-0.0729166666666666,-0.02366922515272457,-0.07057337384374697,-0.06763236970824725,-0.05247919356705661,-0.053247937824189004
mem_02_array_init,instcombine,dce,0.0,-0.02366922515272457,-0.0003988831272437174,0.002527148422555997,-2.293577981651375e-05,-0.0004284589310043716
mem_02_array_init,instcombine,adce,0.0,-0.02366922515272457,-0.0003988831272437174,0.0025271484225559693,-2.4464831804281332e-05,-0.0004284589310043716
mem_02_array_init,instcombine,reassociate,0.0,-0.02366922515272457,-0.0022320734306653825,0.0006946401065802826,-0.00015689134625473773,-0.0004284589310043716
mem_02_array_init,instcombine,licm,-0.03125,-0.02366922515272457,-9.559486733088256e-05,0.002828220644040272,-0.010634074247992044,-0.0004284589310043716
mem_02_array_init,instcombine,loop-rotate,0.1666666666666666,-0.02366922515272457,0.1017160577593192,0.10461353851563399,0.14578625774079282,0.11166858331461922
mem_02_array_init,instcombine,loop-unroll,0.0,-0.02366922515272457,0.0,0.0029077955890871865,0.0,-0.001187232267535601
mem_02_array_init,simplifycfg,mem2reg,0.0,-0.02366922515272457,0.002893391042394726,0.0058093085843280295,0.00016361952363728029,-0.006027776237657012
mem_02_array_init,simplifycfg,sroa,0.0,-0.02366922515272457,0.002893391042394726,0.005809119335963092,0.00010846306103889149,-0.005696740725270839
mem_02_array_init,simplifycfg,instcombine,0.0104166666666666,-0.02366922515272457,0.007626713414706308,0.01055530982648617,0.016424565561248237,0.001359830205120928
mem_02_array_init,simplifycfg,early-cse,0.0,-0.02366922515272457,0.0016641575631243261,0.004591251325862161,0.0008833810134490801,-0.00022530369589370718
mem_02_array_init,simplifycfg,gvn,-0.0416666666666666,-0.02366922515272457,-0.022038403989896788,-0.019108390383596782,-0.03565446823987942,-0.02075299832846947
mem_02_array_init,simplifycfg,dce,0.0,-0.02366922515272457,0.0,0.002930770865370705,2.09080047789725e-05,0.0007734898277870608
mem_02_array_init,simplifycfg,adce,0.0,-0.02366922515272457,0.0,0.0029307708653706632,2.09080047789725e-05,0.0007734898277870608
mem_02_array_init,simplifycfg,reassociate,0.0,-0.02366922515272457,0.0,0.0029308538053894606,2.09080047789725e-05,0.0007734898277870608
mem_02_array_init,simplifycfg,licm,0.0,-0.02366922515272457,0.005439081541109614,0.008365958100527746,2.4562839435439074e-05,0.0007734898277870608
mem_02_array_init,simplifycfg,loop-rotate,0.0,-0.02366922515272457,-0.0004221190375685913,0.0025136079549154255,-0.0007852869570380857,0.006104148850387783
mem_02_array_init,simplifycfg,loop-unroll,0.0,-0.02366922515272457,0.000301228723030087,0.003213795539061287,-0.0006646891923020413,1.4716491255828005e-05
mem_02_array_init,early-cse,mem2reg,-0.0833333333333333,-0.02366922515272457,-0.07724027050573279,-0.0743039525029154,-0.07996095748082752,-0.07224425815930471
mem_02_array_init,early-cse,sroa,-0.0833333333333333,-0.02366922515272457,-0.08096697858026694,-0.07802963201723237,-0.07755290479221208,-0.06864746992260322
mem_02_array_init,early-cse,instcombine,-0.0625,-0.02366922515272457,-0.04110307055139383,-0.03816433579501663,-0.03885469380000311,-0.029202437551857308
mem_02_array_init,early-cse,simplifycfg,0.0,-0.02366922515272457,0.003854034259037235,0.006779395842426525,0.0003563274624918457,-0.006088164814706268
mem_02_array_init,early-cse,gvn,-0.09375,-0.02366922515272457,-0.10156302741906806,-0.09861281237252972,-0.1114125716872832,-0.09572918436379867
mem_02_array_init,early-cse,dce,0.0,-0.02366922515272457,0.004503360884617844,0.007426874640112796,1.5873015873015777e-05,-0.0044264174522760545
mem_02_array_init,early-cse,adce,0.0,-0.02366922515272457,0.004503360884617844,0.007426874640112727,0.0,-0.004003185493037329
mem_02_array_init,early-cse,reassociate,0.0,-0.02366922515272457,0.002636444716268265,0.005560651480101306,2.7444522857366558e-05,-0.006815074203887095
mem_02_array_init,early-cse,licm,-0.0833333333333333,-0.02366922515272457,-0.049942193608415494,-0.04700300513918261,-0.07701805693700077,-0.061595955467495266
mem_02_array_init,early-cse,loop-rotate,-0.03125,-0.02366922515272457,-0.0246390120025177,-0.02170115695452606,-0.03688679806591515,-0.02209744168948409
mem_02_array_init,early-cse,loop-unroll,0.0,-0.02366922515272457,-0.0017864485566434303,0.0011210149599742564,-0.0006602476096335663,-0.010068845802421846
mem_02_array_init,gvn,mem2reg,-0.1770833333333333,-0.02366922515272457,-0.16657215518637847,-0.16361376546601614,-0.15134815298635826,-0.1601468457532217
mem_02_array_init,gvn,sroa,-0.1770833333333333,-0.02366922515272457,-0.170919981273335,-0.1679603600246586,-0.1512856320590744,-0.15480227091911514
mem_02_array_init,gvn,instcombine,0.0520833333333333,-0.02366922515272457,0.1030373444241793,0.10592185713843766,0.07784772262120282,0.06468543107405005
mem_02_array_init,gvn,simplifycfg,-0.0416666666666666,-0.02366922515272457,-0.01849492873707073,-0.015569384023930516,-0.035199371915805466,-0.01501235098761352
mem_02_array_init,gvn,early-cse,-0.0833333333333333,-0.02366922515272457,-0.10243669625945949,-0.09948849010332989,-0.11111567484442401,-0.10101819169300598
mem_02_array_init,gvn,dce,0.0,-0.02366922515272457,0.002694965072336522,0.005611949739051991,0.0002222222222222214,-0.006421525395910835
mem_02_array_init,gvn,adce,0.0,-0.02366922515272457,0.002694965072336522,0.00561194973905195,0.00036442405708460665,-0.005395616587529539
mem_02_array_init,gvn,reassociate,0.0,-0.02366922515272457,0.0018847926717281563,0.0048021250254945,0.00018245760643722963,-0.007220719565011826
mem_02_array_init,gvn,licm,-0.1770833333333333,-0.02366922515272457,-0.1391251641748803,-0.1361639526500531,-0.17791844353444008,-0.1702651669552912
mem_02_array_init,gvn,loop-rotate,0.15625,-0.02366922515272457,0.07583198092255107,0.07872988416260412,0.11457001455745723,0.11243471084092059
mem_02_array_init,gvn,loop-unroll,-0.21875,-0.02366922515272457,-0.3966964122944992,-0.3936670206724198,-0.5311565923294881,-0.6189116139782951
mem_02_array_init,dce,mem2reg,0.0,-0.02366922515272457,0.0,0.002916786480922015,0.0,-0.0068127451881901235
mem_02_array_init,dce,sroa,0.0,-0.02366922515272457,0.0,0.002916597232557064,0.0,-0.006451850068511157
mem_02_array_init,dce,instcombine,0.0,-0.02366922515272457,-0.0003988831272437174,0.002532259318638555,-1.8348623853211e-05,0.0007734898277870608
mem_02_array_init,dce,simplifycfg,0.0,-0.02366922515272457,0.0,0.0029323299478059006,4.077471967380222e-05,0.00495099556895138
mem_02_array_init,dce,early-cse,0.0,-0.02366922515272457,-0.0003988831272437174,0.0025288082337272255,0.0,-0.00022530369589370718
mem_02_array_init,dce,gvn,0.0,-0.02366922515272457,0.0,0.002922735367310844,-1.1904761904761834e-05,-0.0027801450334527223
mem_02_array_init,dce,adce,0.0,-0.02366922515272457,-0.0003988831272437174,0.0025319415252212513,-2.4464831804281332e-05,0.0007734898277870608
mem_02_array_init,dce,reassociate,0.0,-0.02366922515272457,-0.0003988831272437174,0.002532024465240007,-1.5290519877675832e-05,0.0007734898277870608
mem_02_array_init,dce,licm,0.0,-0.02366922515272457,0.0,0.0029285773756760475,-8.090614886731333e-06,0.0007734898277870608
mem_02_array_init,dce,loop-rotate,0.0,-0.02366922515272457,0.0,0.0029355124936106397,0.0003895289521594131,0.006104148850387783
mem_02_array_init,dce,loop-unroll,0.0,-0.02366922515272457,0.0,0.002912588691752524,0.0,1.4716491255828005e-05
mem_02_array_init,adce,mem2reg,0.0,-0.02366922515272457,0.0,0.0029167864809219873,-3.397893306150185e-06,-0.0068127451881901235
mem_02_array_init,adce,sroa,0.0,-0.02366922515272457,0.0,0.002916597232557036,-3.397893306150185e-06,-0.006451850068511157
mem_02_array_init,adce,instcombine,0.0,-0.02366922515272457,-0.0003988831272437174,0.0025322593186384995,-1.8348623853211e-05,0.0007734898277870608
mem_02_array_init,adce,simplifycfg,0.0,-0.02366922515272457,0.0,0.002932329947805859,3.737682636765203e-05,0.00495099556895138
mem_02_array_init,adce,early-cse,0.0,-0.02366922515272457,-0.0003988831272437174,0.0025288082337272255,-3.397893306150185e-06,-0.00022530369589370718
mem_02_array_init,adce,gvn,0.0,-0.02366922515272457,0.0,0.0029227353673108025,-1.530265521091202e-05,-0.0027801450334527223
mem_02_array_init,adce,dce,0.0,-0.02366922515272457,-0.0003988831272437174,0.002531941525221293,-3.397893306150185e-06,0.0007734898277870608
mem_02_array_init,adce,reassociate,0.0,-0.02366922515272457,-0.0003988831272437174,0.002532024465239993,-1.5290519877675832e-05,0.0007734898277870608
mem_02_array_init,adce,licm,0.0,-0.02366922515272457,0.0,0.0029285773756760475,-1.1488508192881518e-05,0.0007734898277870608
mem_02_array_init,adce,loop-rotate,0.0,-0.02366922515272457,0.0,0.002935512493610598,-0.00020145631067961016,0.006104148850387783
mem_02_array_init,adce,loop-unroll,0.0,-0.02366922515272457,0.0,0.0029125886917524546,-3.397893306150185e-06,1.4716491255828005e-05
mem_02_array_init,reassociate,mem2reg,0.0,-0.02366922515272457,0.0,0.002916768850981924,0.0,-0.0068127451881901235
mem_02_array_init,reassociate,sroa,0.0,-0.02366922515272457,0.0,0.0029165796026170004,0.0,-0.006451850068511157
mem_02_array_init,reassociate,instcombine,0.0,-0.02366922515272457,-0.0006975465764454348,0.002233675836331356,-0.00014680306017577973,0.0007734898277870608
mem_02_array_init,reassociate,simplifycfg,0.0,-0.02366922515272457,0.0,0.0029323123178657817,4.077471967380222e-05,0.00495099556895138
mem_02_array_init,reassociate,early-cse,0.0,-0.02366922515272457,-0.001203107749347361,0.001724828785108698,7.222820854392509e-05,-0.00022530369589370718
mem_02_array_init,reassociate,gvn,0.0,-0.02366922515272457,-0.0002927156706969913,0.002630097719901428,-5.437647927387939e-05,-0.0027801450334527223
mem_02_array_init,reassociate,dce,0.0,-0.02366922515272457,-0.0003988831272437174,0.0025319238952812018,0.0,0.0007734898277870608
mem_02_array_init,reassociate,adce,0.0,-0.02366922515272457,-0.0003988831272437174,0.00253192389528116,-2.4464831804281332e-05,0.0007734898277870608
mem_02_array_init,reassociate,licm,0.0,-0.02366922515272457,0.0,0.002928559745735998,-8.090614886731333e-06,0.0007734898277870608
mem_02_array_init,reassociate,loop-rotate,0.0,-0.02366922515272457,0.0,0.0029354948636705347,0.00011978316162425975,0.006104148850387783
mem_02_array_init,reassociate,loop-unroll,0.0,-0.02366922515272457,0.0,0.0029125710618123773,0.0,1.4716491255828005e-05
mem_02_array_init,licm,mem2reg,-0.125,-0.02366922515272457,-0.033724045088015464,-0.0307935774812187,-0.059906309806723394,-0.035808165457511316
mem_02_array_init,licm,sroa,-0.125,-0.02366922515272457,-0.033724045088015464,-0.030793766729583616,-0.06216772636328751,-0.0347030963799261
mem_02_array_init,licm,instcombine,0.1354166666666666,-0.02366922515272457,0.21241181115686597,0.21527607244272437,0.20607568449313465,0.1893794821695595
mem_02_array_init,licm,simplifycfg,0.0,-0.02366922515272457,0.010879011852055864,0.013810447599620801,0.023935592391621092,0.00495099556895138
mem_02_array_init,licm,early-cse,0.09375,-0.02366922515272457,0.06156556535734937,0.06447566888876907,0.049559519034764916,0.04521358362333968
mem_02_array_init,licm,gvn,-0.0520833333333333,-0.02366922515272457,0.042896963244639125,0.045808341629220595,0.011723199218714961,0.012629332885160695
mem_02_array_init,licm,dce,0.0,-0.02366922515272457,0.0,0.0029333551343955905,0.0,0.0007734898277870608
mem_02_array_init,licm,adce,0.0,-0.02366922515272457,0.0,0.0029333551343955766,-2.4464831804281332e-05,0.0007734898277870608
mem_02_array_init,licm,reassociate,0.0,-0.02366922515272457,0.0,0.0029334380744143046,-1.5290519877675832e-05,0.0007734898277870608
mem_02_array_init,licm,loop-rotate,0.03125,-0.02366922515272457,6.0300264409382825e-05,0.002998453881596738,-0.005444197381342375,0.005050873564018249
mem_02_array_init,licm,loop-unroll,-0.1354166666666666,-0.02366922515272457,-0.08315592502596698,-0.08021350192603041,-0.09084276538586758,-0.10989430096852906
mem_02_array_init,loop-rotate,mem2reg,0.03125,-0.02366922515272457,0.008633805216430148,0.011551211413687687,0.02608191168355793,0.00198834544989901
mem_02_array_init,loop-rotate,sroa,0.03125,-0.02366922515272457,0.008633805216430148,0.011551022165322777,0.026561978308153652,0.0011950331192446424
mem_02_array_init,loop-rotate,instcombine,0.0833333333333333,-0.02366922515272457,0.056411675390396224,0.059327694418875754,0.08193852666295409,0.06728265765661058
mem_02_array_init,loop-rotate,simplifycfg,0.0833333333333333,-0.02366922515272457,0.056159276003881764,0.0590766953594965,0.07671748525424538,0.06187475601212623
mem_02_array_init,loop-rotate,early-cse,0.09375,-0.02366922515272457,0.05579073226158439,0.058703503116101396,0.07015327053996974,0.06291861595498881
mem_02_array_init,loop-rotate,gvn,0.03125,-0.02366922515272457,0.00858157424684223,0.011504946398453578,0.025218536700058206,0.004866738154303091
mem_02_array_init,loop-rotate,dce,0.0,-0.02366922515272457,0.0,0.0029341353654097763,6.881281992261566e-05,0.007076451233346035
mem_02_array_init,loop-rotate,adce,0.0,-0.02366922515272457,0.0,0.0029341353654097485,-1.0127914241557332e-05,0.007521046871414307
mem_02_array_init,loop-rotate,reassociate,0.0,-0.02366922515272457,0.0,0.002934218305428518,8.960179449242638e-05,0.00753133542407527
mem_02_array_init,loop-rotate,licm,0.0208333333333333,-0.02366922515272457,0.01158394582793447,0.014512178877020637,0.007889448960582855,0.008420373015542864
mem_02_array_init,loop-rotate,loop-unroll,0.0,-0.02366922515272457,0.0007233477605986784,0.0036391411371856364,0.00029634623099138033,0.007661599679011626
mem_02_array_init,loop-unroll,mem2reg,0.0,-0.02366922515272457,0.0,0.0029159891173688585,0.0,-0.0068127451881901235
mem_02_array_init,loop-unroll,sroa,0.0,-0.02366922515272457,0.0,0.002915799869003907,0.0,-0.006451850068511157
mem_02_array_init,loop-unroll,instcombine,0.0,-0.02366922515272457,0.0,0.002930214735844733,-1.8348623853211e-05,0.0007734898277870608
mem_02_array_init,loop-unroll,simplifycfg,0.0,-0.02366922515272457,0.0007233477605986784,0.0036546439702566103,0.000165688690922075,0.00495099556895138
mem_02_array_init,loop-unroll,early-cse,0.0,-0.02366922515272457,0.0,0.0029267636509333755,0.0,-0.00022530369589370718
mem_02_array_init,loop-unroll,gvn,0.0,-0.02366922515272457,0.0,0.0029219380037576598,0.0,-0.0027801450334527223
mem_02_array_init,loop-unroll,dce,0.0,-0.02366922515272457,0.0,0.002929896942427457,0.0,0.0007734898277870608
mem_02_array_init,loop-unroll,adce,0.0,-0.02366922515272457,0.0,0.002929896942427415,-2.4464831804281332e-05,0.0007734898277870608
mem_02_array_init,loop-unroll,reassociate,0.0,-0.02366922515272457,0.0,0.0029299798824462403,-1.5290519877675832e-05,0.0007734898277870608
mem_02_array_init,loop-unroll,licm,0.0,-0.02366922515272457,0.0007233477605986784,0.0036508913981268543,7.587064676616834e-05,0.0007734898277870608
mem_02_array_init,loop-unroll,loop-rotate,0.0,-0.02366922515272457,0.0007233477605986784,0.003657826516061294,0.0001726989366578235,0.006104148850387783
mem_03_traversal,mem2reg,sroa,-0.3870967741935484,-0.023591307122492376,-0.4259730799206256,-0.38656027197320575,-0.3782136515530409,-0.38153086723120083
mem_03_traversal,mem2reg,instcombine,-0.1075268817204301,-0.023591307122492376,-0.14645656986818406,-0.10712074473287916,-0.09755985619419769,-0.09567278450441412
mem_03_traversal,mem2reg,simplifycfg,0.010752688172043,-0.023591307122492376,0.02713462390591738,0.06641519700681878,0.021427013817871203,0.023165962390954725
mem_03_traversal,mem2reg,early-cse,-0.043010752688172,-0.023591307122492376,-0.06715251896785238,-0.027845749047889334,-0.043053408583394896,-0.04541147866849157
mem_03_traversal,mem2reg,gvn,-0.1612903225806451,-0.023591307122492376,-0.1612360194613128,-0.12190352148005751,-0.14580233561705272,-0.13562735039897442
mem_03_traversal,mem2reg,dce,0.0,-0.023591307122492376,0.001811594202898548,0.04109876009221486,0.00023648928855521964,-0.0019256178926534688
mem_03_traversal,mem2reg,adce,0.0,-0.023591307122492376,0.001811594202898548,0.04109876009221483,8.50010423181152e-05,-0.0019256178926534688
mem_03_traversal,mem2reg,reassociate,0.0,-0.023591307122492376,0.0064689308094708605,0.04575465772070153,0.00031330213620139907,-0.0019256178926534688
mem_03_traversal,mem2reg,licm,-0.021505376344086,-0.023591307122492376,0.016271450331389617,0.05555169305351673,0.013894229366499049,0.010666730278251919
mem_03_traversal,mem2reg,loop-rotate,0.1075268817204301,-0.023591307122492376,0.0812092547459806,0.12047547070984606,0.07784322130793643,0.05930082930449682
mem_03_traversal,mem2reg,loop-unroll,-0.2473118279569892,-0.023591307122492376,-0.33901596708120046,-0.2996355067710169,-0.22321305173330017,-0.25042348426883265
mem_03_traversal,sroa,mem2reg,-0.3870967741935484,-0.023591307122492376,-0.4259730799206256,-0.38656013002867806,-0.37812864880190433,-0.37391775711340164
mem_03_traversal,sroa,instcombine,-0.1075268817204301,-0.023591307122492376,-0.14676712887439522,-0.1074312495588792,-0.09342599619884245,-0.09540258761857595
mem_03_traversal,sroa,simplifycfg,0.010752688172043,-0.023591307122492376,0.02713462390591738,0.06641514970298132,0.022220667336784492,0.02560926911926785
mem_03_traversal,sroa,early-cse,-0.043010752688172,-0.023591307122492376,-0.06870531399890828,-0.029398083962540303,-0.049890933422061474,-0.05566329797161021
mem_03_traversal,sroa,gvn,-0.1612903225806451,-0.023591307122492376,-0.16340993250479108,-0.12407677143903373,-0.14678090410045333,-0.14435818135905695
mem_03_traversal,sroa,dce,0.0,-0.023591307122492376,0.0021221532091097264,0.04140917031054009,0.0004197459027341613,-0.001516111389724233
mem_03_traversal,sroa,adce,0.0,-0.023591307122492376,0.0021221532091097264,0.04140917031054012,0.0006303517536016399,-0.001516111389724233
mem_03_traversal,sroa,reassociate,0.0,-0.023591307122492376,0.0074006078281044,0.046685982983352164,0.0012161456716458987,-0.001036347199659497
mem_03_traversal,sroa,licm,-0.021505376344086,-0.023591307122492376,0.016271450331389617,0.0555516457496793,0.01294897480667001,0.005039622692047629
mem_03_traversal,sroa,loop-rotate,0.1075268817204301,-0.023591307122492376,0.0812092547459806,0.12047542340600843,0.07529072562746517,0.058884715293372865
mem_03_traversal,sroa,loop-unroll,-0.2473118279569892,-0.023591307122492376,-0.33901596708120046,-0.2996355540748543,-0.23633861560304795,-0.20107813647698494
mem_03_traversal,instcombine,mem2reg,-0.1290322580645161,-0.023591307122492376,-0.14761700808630063,-0.1082834957181612,-0.09514964263885065,-0.09452820758672596
mem_03_traversal,instcombine,sroa,-0.1290322580645161,-0.023591307122492376,-0.15165427516704597,-0.1123196327546411,-0.10059693157317497,-0.09226749085156996
mem_03_traversal,instcombine,simplifycfg,0.0,-0.023591307122492376,0.01093070483268583,0.05022804901803926,0.004764253070060625,0.005191387858059085
mem_03_traversal,instcombine,early-cse,-0.0967741935483871,-0.023591307122492376,-0.048108983597278596,-0.008796960707955118,-0.02914430604321478,-0.027638676479971248
mem_03_traversal,instcombine,gvn,-0.10752688172043,-0.023591307122492376,-0.0690685818848877,-0.029754726263304845,-0.05098126936769609,-0.04565390581714594
mem_03_traversal,instcombine,dce,0.0,-0.023591307122492376,-0.0003988831272437174,0.03890048108871655,0.0,-0.0003378013065953762
mem_03_traversal,instcombine,adce,0.0,-0.023591307122492376,-0.0003988831272437174,0.03890048108871652,0.0,-0.0003378013065953762
mem_03_traversal,instcombine,reassociate,0.0,-0.023591307122492376,-0.0022320734306653825,0.03706797277274079,-0.0001147357243160399,-0.0003378013065953762
mem_03_traversal,instcombine,licm,-0.010752688172043,-0.023591307122492376,-0.0009867823381116217,0.03831057599562679,-0.002600149243998753,-0.0003378013065953762
mem_03_traversal,instcombine,loop-rotate,0.1075268817204301,-0.023591307122492376,0.10428735275698166,0.1435575032813304,0.11101879480216671,0.0929344291920044
mem_03_traversal,instcombine,loop-unroll,0.0,-0.023591307122492376,0.0,0.03928115312469882,0.0,-0.00021020928553589267
mem_03_traversal,simplifycfg,mem2reg,0.0,-0.023591307122492376,0.002893391042394726,0.042182449105626824,0.0004284388455277128,-0.006020165337479845
mem_03_traversal,simplifycfg,sroa,0.0,-0.023591307122492376,0.002893391042394726,0.04218225985726198,0.0003468894061801084,-0.0056323147539268995
mem_03_traversal,simplifycfg,instcombine,0.032258064516129,-0.023591307122492376,0.006677087421251422,0.04597907701680182,0.009535298419367356,0.000574951308577425
mem_03_traversal,simplifycfg,early-cse,0.010752688172043,-0.023591307122492376,0.0011966493817311523,0.04049728952160281,7.645259938837917e-05,-0.00021926064303634378
mem_03_traversal,simplifycfg,gvn,-0.032258064516129,-0.023591307122492376,-0.022447473648615813,0.016855876468848913,-0.027267983630742863,-0.015908066173489895
mem_03_traversal,simplifycfg,dce,0.0,-0.023591307122492376,0.0,0.03930396314752402,0.0,0.000574951308577425
mem_03_traversal,simplifycfg,adce,0.0,-0.023591307122492376,0.0,0.0393039631475241,0.0,0.000574951308577425
mem_03_traversal,simplifycfg,reassociate,0.0,-0.023591307122492376,0.0,0.039304046087542815,0.0,0.000574951308577425
mem_03_traversal,simplifycfg,licm,0.0,-0.023591307122492376,0.005439081541109614,0.04473906931786151,0.0009705810632545475,0.000574951308577425
mem_03_traversal,simplifycfg,loop-rotate,0.0,-0.023591307122492376,-0.0004221190375685913,0.03888697758321508,1.0918883898086383e-05,0.005271649061690124
mem_03_traversal,simplifycfg,loop-unroll,0.0,-0.023591307122492376,0.000301228723030087,0.03958701269066578,1.110617749411792e-06,0.0007025433296369087
mem_03_traversal,early-cse,mem2reg,-0.064516129032258,-0.023591307122492376,-0.07805840982317085,-0.03874864618409529,-0.07835555230517949,-0.07007860521801047
mem_03_traversal,early-cse,sroa,-0.064516129032258,-0.023591307122492376,-0.08178511789770501,-0.04247432569841242,-0.07692907595352448,-0.07085637466438438
mem_03_traversal,early-cse,instcombine,-0.043010752688172,-0.023591307122492376,-0.04195042913016896,-0.0026382968443182664,-0.047632040380356525,-0.035403915929393535
mem_03_traversal,early-cse,simplifycfg,0.0,-0.023591307122492376,0.003854034259037235,0.04315267248395896,0.004247471946625732,-0.004940216479007931
mem_03_traversal,early-cse,gvn,-0.1290322580645161,-0.023591307122492376,-0.10002901619887168,-0.06070606183397931,-0.09652443329310822,-0.09067807575670984
mem_03_traversal,early-cse,dce,0.0,-0.023591307122492376,0.004503360884617844,0.04380010468677553,-0.00022315581169420553,-0.004560663172064657
mem_03_traversal,early-cse,adce,0.0,-0.023591307122492376,0.004503360884617844,0.04380010468677553,-0.00022315581169420553,-0.0050196393843350545
mem_03_traversal,early-cse,reassociate,0.0,-0.023591307122492376,0.002636444716268265,0.04193388152676403,-0.0002048407933791874,-0.0063076528129755805
mem_03_traversal,early-cse,licm,-0.075268817204301,-0.023591307122492376,-0.050292824744460375,-0.010980372714620018,-0.0561777586758188,-0.05048508838086859
mem_03_traversal,early-cse,loop-rotate,-0.053763440860215,-0.023591307122492376,-0.023660166747725742,0.01565077582735754,-0.02562258262059811,-0.020376593841665125
mem_03_traversal,early-cse,loop-unroll,-0.010752688172043,-0.023591307122492376,-0.0013189403752502566,0.0379616252857953,-0.0016283415474974948,-0.00970860641796324
mem_03_traversal,gvn,mem2reg,-0.1612903225806451,-0.023591307122492376,-0.1672588078277997,-0.12792691842910336,-0.1474887443420937,-0.14894209094041885
mem_03_traversal,gvn,sroa,-0.1612903225806451,-0.023591307122492376,-0.17160663391475622,-0.1322735129877458,-0.14787629963859394,-0.14318868073791224
mem_03_traversal,gvn,instcombine,0.064516129032258,-0.023591307122492376,0.10249678808944346,0.14175469508586877,0.10935234780638108,0.1296009133928739
mem_03_traversal,gvn,simplifycfg,-0.032258064516129,-0.023591307122492376,-0.018903998395789757,0.020395053643220463,-0.019546718579286616,-0.015152681234821443
mem_03_traversal,gvn,early-cse,-0.1290322580645161,-0.023591307122492376,-0.10044978648853849,-0.06112870123300493,-0.09819056757196369,-0.0904746202263801
mem_03_traversal,gvn,dce,0.0,-0.023591307122492376,0.002694965072336522,0.04198527679482711,7.84313725490195e-05,-0.006309840354685269
mem_03_traversal,gvn,adce,0.0,-0.023591307122492376,0.002694965072336522,0.04198527679482705,7.84313725490195e-05,-0.006527353083116791
mem_03_traversal,gvn,reassociate,0.0,-0.023591307122492376,0.0018847926717281563,0.041175452081269576,-6.871924981956193e-05,-0.007536577447779814
mem_03_traversal,gvn,licm,-0.1612903225806451,-0.023591307122492376,-0.13981181681630153,-0.10047713491710558,-0.15352352910342618,-0.13852371522145465
mem_03_traversal,gvn,loop-rotate,0.0967741935483871,-0.023591307122492376,0.07841788555088205,0.11768844817446818,0.07529025450075601,0.06858308884420761
mem_03_traversal,gvn,loop-unroll,-0.3440860215053763,-0.023591307122492376,-0.39124702005513506,-0.35184605725279333,-0.2827045109808009,-0.09580073762660767
mem_03_traversal,dce,mem2reg,0.0,-0.023591307122492376,0.0,0.03928995299821553,0.0,-0.006863146432624422
mem_03_traversal,dce,sroa,0.0,-0.023591307122492376,0.0,0.03928976374985074,0.0,-0.006382916165344464
mem_03_traversal,dce,instcombine,0.0,-0.023591307122492376,-0.0003988831272437174,0.03890536818091675,0.0,0.000574951308577425
mem_03_traversal,dce,simplifycfg,0.0,-0.023591307122492376,0.0,0.03930559482082374,0.0,0.0061041404732318895
mem_03_traversal,dce,early-cse,0.0,-0.023591307122492376,-0.0003988831272437174,0.03890222783516992,0.0,-0.00021926064303634378
mem_03_traversal,dce,gvn,0.0,-0.023591307122492376,0.0,0.03929596419924533,0.0,-0.0032508211466994326
mem_03_traversal,dce,adce,0.0,-0.023591307122492376,-0.0003988831272437174,0.03890515980336945,0.0,0.000574951308577425
mem_03_traversal,dce,reassociate,0.0,-0.023591307122492376,-0.0003988831272437174,0.03890524274338819,0.0,0.000574951308577425
mem_03_traversal,dce,licm,0.0,-0.023591307122492376,0.0,0.03930171458900458,-7.102993404363267e-05,0.000574951308577425
mem_03_traversal,dce,loop-rotate,0.0,-0.023591307122492376,0.0,0.039308908117905106,0.00015686568317190374,0.005271649061690124
mem_03_traversal,dce,loop-unroll,0.0,-0.023591307122492376,0.0,0.039285831839351804,0.0,0.0007025433296369087
mem_03_traversal,adce,mem2reg,0.0,-0.023591307122492376,0.0,0.03928995299821558,0.0,-0.006863146432624422
mem_03_traversal,adce,sroa,0.0,-0.023591307122492376,0.0,0.03928976374985074,0.0,-0.006382916165344464
mem_03_traversal,adce,instcombine,0.0,-0.023591307122492376,-0.0003988831272437174,0.03890536818091678,0.0,0.000574951308577425
mem_03_traversal,adce,simplifycfg,0.0,-0.023591307122492376,0.0,0.0393055948208238,9.8039215686274e-06,0.0061041404732318895
mem_03_traversal,adce,early-cse,0.0,-0.023591307122492376,-0.0003988831272437174,0.038902227835169945,0.0,-0.00021926064303634378
mem_03_traversal,adce,gvn,0.0,-0.023591307122492376,0.0,0.039295964199245303,0.0,-0.0032508211466994326
mem_03_traversal,adce,dce,0.0,-0.023591307122492376,-0.0003988831272437174,0.03890515980336948,0.0,0.000574951308577425
mem_03_traversal,adce,reassociate,0.0,-0.023591307122492376,-0.0003988831272437174,0.03890524274338816,0.0,0.000574951308577425
mem_03_traversal,adce,licm,0.0,-0.023591307122492376,0.0,0.03930171458900464,-7.102993404363267e-05,0.000574951308577425
mem_03_traversal,adce,loop-rotate,0.0,-0.023591307122492376,0.0,0.03930890811790505,0.00015686568317190374,0.005271649061690124
mem_03_traversal,adce,loop-unroll,0.0,-0.023591307122492376,0.0,0.039285831839351776,0.0,0.0007025433296369087
mem_03_traversal,reassociate,mem2reg,0.0,-0.023591307122492376,0.0,0.03928993536827555,0.0,-0.006863146432624422
mem_03_traversal,reassociate,sroa,0.0,-0.023591307122492376,0.0,0.039289746119910623,0.0,-0.006382916165344464
mem_03_traversal,reassociate,instcombine,0.0,-0.023591307122492376,-0.0006975465764454348,0.038606784698609564,-4.568106312292339e-05,0.000574951308577425
mem_03_traversal,reassociate,simplifycfg,0.0,-0.023591307122492376,0.0,0.039305577190883734,9.8039215686274e-06,0.0061041404732318895
mem_03_traversal,reassociate,early-cse,0.0,-0.023591307122492376,-0.001203107749347361,0.0380982483865514,-0.00035650446225001566,-0.00021926064303634378
mem_03_traversal,reassociate,gvn,0.0,-0.023591307122492376,-0.0002927156706969913,0.03900332655183589,-0.00016016980435585053,-0.0032508211466994326
mem_03_traversal,reassociate,dce,0.0,-0.023591307122492376,-0.0003988831272437174,0.03890514217342933,0.0,0.000574951308577425
mem_03_traversal,reassociate,adce,0.0,-0.023591307122492376,-0.0003988831272437174,0.038905142173429386,0.0,0.000574951308577425
mem_03_traversal,reassociate,licm,0.0,-0.023591307122492376,0.0,0.039301696959064575,-7.102993404363267e-05,0.000574951308577425
mem_03_traversal,reassociate,loop-rotate,0.0,-0.023591307122492376,0.0,0.03930889048796496,9.182503276539972e-05,0.005271649061690124
mem_03_traversal,reassociate,loop-unroll,0.0,-0.023591307122492376,0.0,0.039285814209411685,0.0,0.0007025433296369087
mem_03_traversal,licm,mem2reg,-0.053763440860215,-0.023591307122492376,-0.03682128678974525,0.0024831428933575483,-0.033589112349861144,-0.02992790592653614
mem_03_traversal,licm,sroa,-0.053763440860215,-0.023591307122492376,-0.03682128678974525,0.0024829536449926942,-0.03266025988429396,-0.027752185494188886
mem_03_traversal,licm,instcombine,0.2150537634408602,-0.023591307122492376,0.20894932868842275,0.2481876137484514,0.2242815311977186,0.26800297358043473
mem_03_traversal,licm,simplifycfg,0.0,-0.023591307122492376,0.010879011852055864,0.05018349591923202,0.0014179617199698913,0.0061041404732318895
mem_03_traversal,licm,early-cse,0.043010752688172,-0.023591307122492376,0.06377161958829841,0.10305420527636079,0.07020810194905167,0.05503519477611131
mem_03_traversal,licm,gvn,-0.021505376344086,-0.023591307122492376,0.041567486853802287,0.08085231196139288,0.03494972569528872,0.025863107675001964
mem_03_traversal,licm,dce,0.0,-0.023591307122492376,0.0,0.03930635685913708,0.0,0.000574951308577425
mem_03_traversal,licm,adce,0.0,-0.023591307122492376,0.0,0.03930635685913708,0.0,0.000574951308577425
mem_03_traversal,licm,reassociate,0.0,-0.023591307122492376,0.0,0.03930643979915585,0.0,0.000574951308577425
mem_03_traversal,licm,loop-rotate,0.010752688172043,-0.023591307122492376,0.0009514877351901222,0.04026252920223897,0.00017934170090649025,0.0023313752810086934
mem_03_traversal,licm,loop-unroll,0.0,-0.023591307122492376,-0.08904360618538727,-0.04972623252283903,-0.10561499094305107,-0.14479831449286157
mem_03_traversal,loop-rotate,mem2reg,0.043010752688172,-0.023591307122492376,0.008122468143031365,0.04741328039642159,0.018372713078556976,0.002533123791911907
mem_03_traversal,loop-rotate,sroa,0.043010752688172,-0.023591307122492376,0.008122468143031365,0.04741309114805678,0.01956069991829701,0.0030133540591918743
mem_03_traversal,loop-rotate,instcombine,0.086021505376344,-0.023591307122492376,0.05629479834504794,0.09558403687353441,0.06632154794963273,0.05233035699226239
mem_03_traversal,loop-rotate,simplifycfg,0.064516129032258,-0.023591307122492376,0.056977415321319815,0.0962679046443093,0.07011740311914,0.05874688453808056
mem_03_traversal,loop-rotate,early-cse,0.021505376344086,-0.023591307122492376,0.05893180285531978,0.09821703932132204,0.0670874656247228,0.04874697397092764
mem_03_traversal,loop-rotate,gvn,0.021505376344086,-0.023591307122492376,0.009005253536229796,0.04830178851524296,0.019843622016895247,0.006145449077836891
mem_03_traversal,loop-rotate,dce,0.0,-0.023591307122492376,0.0,0.039307426088365516,0.0004168520519555446,0.007546079937490445
mem_03_traversal,loop-rotate,adce,0.0,-0.023591307122492376,0.0,0.039307426088365516,0.00035270524867830644,0.007971425067112249
mem_03_traversal,loop-rotate,reassociate,0.0,-0.023591307122492376,0.0,0.03930750902838423,0.000454108708925784,0.007740758516448404
mem_03_traversal,loop-rotate,licm,0.0,-0.023591307122492376,0.012489742929383743,0.051790889641464624,0.021154575061076337,0.009971221533113753
mem_03_traversal,loop-rotate,loop-unroll,0.0,-0.023591307122492376,0.0007233477605986784,0.04001245672959247,0.0006619322433188783,0.00873197618126777
mem_03_traversal,loop-unroll,mem2reg,0.0,-0.023591307122492376,0.0,0.039289156809765774,8.291873963515667e-06,-0.006863146432624422
mem_03_traversal,loop-unroll,sroa,0.0,-0.023591307122492376,0.0,0.039288967561400906,8.291873963515667e-06,-0.006382916165344464
mem_03_traversal,loop-unroll,instcombine,0.0,-0.023591307122492376,0.0,0.039303324773226345,8.291873963515667e-06,0.000574951308577425
mem_03_traversal,loop-unroll,simplifycfg,0.0,-0.023591307122492376,0.0007233477605986784,0.040027910018377855,0.00015061363447200032,0.0061041404732318895
mem_03_traversal,loop-unroll,early-cse,0.0,-0.023591307122492376,0.0,0.039300184427479526,8.291873963515667e-06,-0.00021926064303634378
mem_03_traversal,loop-unroll,gvn,0.0,-0.023591307122492376,0.0,0.03929516801079547,8.291873963515667e-06,-0.0032508211466994326
mem_03_traversal,loop-unroll,dce,0.0,-0.023591307122492376,0.0,0.039303116395679016,8.291873963515667e-06,0.000574951308577425
mem_03_traversal,loop-unroll,adce,0.0,-0.023591307122492376,0.0,0.039303116395679016,8.291873963515667e-06,0.000574951308577425
mem_03_traversal,loop-unroll,reassociate,0.0,-0.023591307122492376,0.0,0.0393031993356977,8.291873963515667e-06,0.000574951308577425
mem_03_traversal,loop-unroll,licm,0.0,-0.023591307122492376,0.0007233477605986784,0.040024029786558724,3.6041741219196524e-05,0.000574951308577425
mem_03_traversal,loop-unroll,loop-rotate,0.0,-0.023591307122492376,0.0007233477605986784,0.040031223315459274,0.0002412004796897987,0.005271649061690124
mem_04_struct_fields,mem2reg,sroa,-0.0714285714285714,-0.02408644078733151,-0.4396977843886681,-0.45877406659401493,-0.49047618184531944,-0.5049639628170981
mem_04_struct_fields,mem2reg,instcombine,-0.0214285714285714,-0.02408644078733151,-0.15019997466348226,-0.16935596703728606,-0.3171004834809063,-0.351355333296166
mem_04_struct_fields,mem2reg,simplifycfg,0.0,-0.02408644078733151,0.027602132087310553,0.008389283669294735,0.00487016523382057,0.0016296693720719202
mem_04_struct_fields,mem2reg,early-cse,0.0,-0.02408644078733151,-0.06902255169342507,-0.0882083846874612,-0.09730665656082307,-0.0895973643404105
mem_04_struct_fields,mem2reg,gvn,-0.0142857142857142,-0.02408644078733151,-0.16762752416978807,-0.18678635983605452,-0.20937937995628642,-0.19623189126418472
mem_04_struct_fields,mem2reg,dce,0.0,-0.02408644078733151,0.001811594202898548,-0.017394545397696526,0.009815371948154622,-0.006092723810734244
mem_04_struct_fields,mem2reg,adce,0.0,-0.02408644078733151,0.001811594202898548,-0.017394545397696554,0.009615927880247638,-0.006092723810734244
mem_04_struct_fields,mem2reg,reassociate,0.0,-0.02408644078733151,0.0064689308094708605,-0.012738657381091256,0.023363655288380934,0.00335090804676595
mem_04_struct_fields,mem2reg,licm,0.0142857142857142,-0.02408644078733151,0.014715315956180914,-0.004497433281868461,0.014022273542458403,0.014106480702108537
mem_04_struct_fields,mem2reg,loop-rotate,0.0214285714285714,-0.02408644078733151,0.0849526595412788,0.0657245543998608,0.0885806181602899,0.08008250810339748
mem_04_struct_fields,mem2reg,loop-unroll,-0.0071428571428571,-0.02408644078733151,-0.34945809624703233,-0.36856808148347103,-0.5813428601936743,-0.5621492616883048
mem_04_struct_fields,sroa,mem2reg,-0.0714285714285714,-0.02408644078733151,-0.4396977843886681,-0.45877406659401426,-0.48708998809896553,-0.4767026995105747
mem_04_struct_fields,sroa,instcombine,-0.0285714285714285,-0.02408644078733151,-0.15019997466348226,-0.16935596703728606,-0.3240147321053602,-0.32712072640231715
mem_04_struct_fields,sroa,simplifycfg,0.0,-0.02408644078733151,0.027602132087310553,0.008389283669294707,0.006344726455470071,0.006297876442224225
mem_04_struct_fields,sroa,early-cse,-0.0357142857142857,-0.02408644078733151,-0.06902255169342507,-0.08820838468746123,-0.09850079292246565,-0.07947939235437379
mem_04_struct_fields,sroa,gvn,-0.0642857142857142,-0.02408644078733151,-0.16762752416978807,-0.18678635983605463,-0.20993471266302302,-0.17576999472455107
mem_04_struct_fields,sroa,dce,0.0071428571428571,-0.02408644078733151,0.001811594202898548,-0.01739454539769658,0.008790905080962455,-0.004985098709168133
mem_04_struct_fields,sroa,adce,0.0071428571428571,-0.02408644078733151,0.001811594202898548,-0.017394545397696554,0.008543385522499926,-0.004985098709168133
mem_04_struct_fields,sroa,reassociate,0.0214285714285714,-0.02408644078733151,0.0064689308094708605,-0.012738657381091228,0.022106789519029738,0.0014733449248531324
mem_04_struct_fields,sroa,licm,0.0142857142857142,-0.02408644078733151,0.014715315956180914,-0.004497433281868572,0.009498458575980084,0.012980386409757952
mem_04_struct_fields,sroa,loop-rotate,0.0214285714285714,-0.02408644078733151,0.0849526595412788,0.06572455439986083,0.08950895648315374,0.07349076229570774
mem_04_struct_fields,sroa,loop-unroll,-0.0071428571428571,-0.02408644078733151,-0.34945809624703233,-0.3685680814834711,-0.5807687262848837,-0.7653425002005773
mem_04_struct_fields,instcombine,mem2reg,-0.0214285714285714,-0.02408644078733151,-0.1522954292443852,-0.1714535488276966,-0.3054672821200313,-0.3251065728590089
mem_04_struct_fields,instcombine,sroa,-0.1142857142857142,-0.02408644078733151,-0.1522954292443852,-0.17145354882769653,-0.3088402731411652,-0.3769629118103472
mem_04_struct_fields,instcombine,simplifycfg,0.0,-0.02408644078733151,0.01093070483268583,-0.008264616147391456,0.006763671210411483,0.0005712134177143769
mem_04_struct_fields,instcombine,early-cse,-0.1785714285714285,-0.02408644078733151,-0.04455258207453766,-0.06373433176019536,-0.09789490751614562,-0.09765944399927802
mem_04_struct_fields,instcombine,gvn,-0.1642857142857142,-0.02408644078733151,-0.06660080655596229,-0.08578057602354941,-0.15569143507354935,-0.20526982156688256
mem_04_struct_fields,instcombine,dce,0.0,-0.02408644078733151,-0.0003988831272437174,-0.019592220819394185,-0.00018750920608499616,-0.0037957689718055303
mem_04_struct_fields,instcombine,adce,0.0,-0.02408644078733151,-0.0003988831272437174,-0.019592220819394213,5.9430892414790786e-05,-0.0037957689718055303
mem_04_struct_fields,instcombine,reassociate,0.0,-0.02408644078733151,-0.0022320734306653825,-0.021424738747251204,-0.003021983999327611,-0.003552042382343251
mem_04_struct_fields,instcombine,licm,0.0071428571428571,-0.02408644078733151,-0.0017648495257159738,-0.020960133826088023,-0.003907256313330924,-0.0037957689718055303
mem_04_struct_fields,instcombine,loop-rotate,0.0285714285714285,-0.02408644078733151,0.1077201985460687,0.0884967330309834,0.10068609888915106,0.08221528665497178
mem_04_struct_fields,instcombine,loop-unroll,0.0,-0.02408644078733151,0.0,-0.019212101104849444,-0.0001966051803561438,-0.003924483341142095
mem_04_struct_fields,simplifycfg,mem2reg,0.0,-0.02408644078733151,0.002893391042394726,-0.0163107622828204,0.0013251815614273286,-0.0069644762528378356
mem_04_struct_fields,simplifycfg,sroa,0.0,-0.02408644078733151,0.002893391042394726,-0.016310762282820357,0.0014114509709433356,-0.005481155546950401
mem_04_struct_fields,simplifycfg,instcombine,0.0,-0.02408644078733151,0.008079611965430942,-0.011111344575009001,0.006379044273636769,-3.264666125088876e-05
mem_04_struct_fields,simplifycfg,early-cse,0.0,-0.02408644078733151,0.0016641575631243261,-0.017528016116542533,0.0017886244164834915,-0.0019483837165955977
mem_04_struct_fields,simplifycfg,gvn,-0.0071428571428571,-0.02408644078733151,-0.023539439186584153,-0.042728601539934,-0.027922347719268423,-0.019720589264768204
mem_04_struct_fields,simplifycfg,dce,0.0,-0.02408644078733151,0.0,-0.01918878938949714,0.0005461979721774111,-0.0006118770520316452
mem_04_struct_fields,simplifycfg,adce,0.0,-0.02408644078733151,0.0,-0.01918878938949714,0.0008005134429214894,-0.0006118770520316452
mem_04_struct_fields,simplifycfg,reassociate,0.0,-0.02408644078733151,0.0,-0.019188716061359662,-0.00044840863479632295,-0.0003681504625693682
mem_04_struct_fields,simplifycfg,licm,0.0,-0.02408644078733151,0.005439081541109614,-0.013753878200893827,0.003158671612159274,-0.0006118770520316452
mem_04_struct_fields,simplifycfg,loop-rotate,0.0,-0.02408644078733151,-0.0004221190375685913,-0.019605567304464666,0.0012110166736692262,0.004483178533957793
mem_04_struct_fields,simplifycfg,loop-unroll,0.0,-0.02408644078733151,0.000301228723030087,-0.01890629216779305,0.0002834012480067546,-0.000740591421368209
mem_04_struct_fields,early-cse,mem2reg,0.0,-0.02408644078733151,-0.08086345891152989,-0.10004598373154502,-0.11010495124890073,-0.10455193727704877
mem_04_struct_fields,early-cse,sroa,-0.0857142857142856,-0.02408644078733151,-0.08086345891152989,-0.10004598373154494,-0.10884104012215277,-0.1055501893307704
mem_04_struct_fields,early-cse,instcombine,-0.1785714285714285,-0.02408644078733151,-0.03605648670046216,-0.05523876195077183,-0.06839234238812417,-0.05513885189751768
mem_04_struct_fields,early-cse,simplifycfg,0.0,-0.02408644078733151,0.003854034259037235,-0.01534003701114113,0.004767472749707072,-0.008084007096953437
mem_04_struct_fields,early-cse,gvn,-0.2,-0.02408644078733151,-0.09694346220167674,-0.11611437913249398,-0.13016487750105268,-0.1432711776035184
mem_04_struct_fields,early-cse,dce,0.0,-0.02408644078733151,0.004503360884617844,-0.014692641551004706,0.005922886668739063,-0.0032012008640193226
mem_04_struct_fields,early-cse,adce,0.0,-0.02408644078733151,0.004503360884617844,-0.014692641551004706,0.005684018120436906,-0.004790214642577027
mem_04_struct_fields,early-cse,reassociate,0.0,-0.02408644078733151,0.002636444716268265,-0.0165588743228975,0.00531787558511702,-0.0046361251205445575
mem_04_struct_fields,early-cse,licm,0.0,-0.02408644078733151,-0.05356538201421259,-0.0727448018020852,-0.04179122853581856,-0.037162742417123015
mem_04_struct_fields,early-cse,loop-rotate,0.0,-0.02408644078733151,-0.025997707654691612,-0.04517853980961773,-0.023329387029097683,-0.01938943809813238
mem_04_struct_fields,early-cse,loop-unroll,0.0,-0.02408644078733151,-0.0017864485566434303,-0.02099902868312975,0.0031574948133383613,-0.01157618216188105
mem_04_struct_fields,gvn,mem2reg,-0.0142857142857142,-0.02408644078733151,-0.17365031253627494,-0.19280981891968046,-0.21229185261808414,-0.20028887241567014
mem_04_struct_fields,gvn,sroa,-0.1142857142857142,-0.02408644078733151,-0.17365031253627494,-0.1928098189196804,-0.21044909314160207,-0.1890179970288798
mem_04_struct_fields,gvn,instcombine,-0.0999999999999999,-0.02408644078733151,0.10964966326475901,0.09041247203261088,0.0047778614208010385,-0.04384154958103249
mem_04_struct_fields,gvn,simplifycfg,-0.0071428571428571,-0.02408644078733151,-0.0199959639337581,-0.039189543858926514,-0.02863323718942208,-0.01822266977874758
mem_04_struct_fields,gvn,early-cse,-0.2,-0.02408644078733151,-0.09736423249134354,-0.11653708957763606,-0.12895473922659087,-0.127894455429901
mem_04_struct_fields,gvn,dce,0.0,-0.02408644078733151,0.002694965072336522,-0.01650774874304088,0.0014287592811675959,-0.007377993877814027
mem_04_struct_fields,gvn,adce,0.0,-0.02408644078733151,0.002694965072336522,-0.016507748743040826,0.0025650560483140667,-0.007261550074480409
mem_04_struct_fields,gvn,reassociate,0.0,-0.02408644078733151,0.0018847926717281563,-0.01731758306847961,-0.00036726685897327325,-0.0029597151142037557
mem_04_struct_fields,gvn,licm,-0.0285714285714285,-0.02408644078733151,-0.14558220351235443,-0.1647388564936655,-0.08985271629487776,-0.09450393965229788
mem_04_struct_fields,gvn,loop-rotate,0.0214285714285714,-0.02408644078733151,0.0816937821647871,0.062470456406819246,0.08223557829923576,0.0823327244937486
mem_04_struct_fields,gvn,loop-unroll,-0.0071428571428571,-0.02408644078733151,-0.40589672285350537,-0.4249845507005691,-0.6705805023689712,-0.7655605419547529
mem_04_struct_fields,dce,mem2reg,0.0,-0.02408644078733151,0.0,-0.019203272140163097,-4.368719965050238e-06,-0.009210210785237425
mem_04_struct_fields,dce,sroa,0.0,-0.02408644078733151,0.0,-0.019203272140163014,-4.368719965050238e-06,-0.008493369110939836
mem_04_struct_fields,dce,instcombine,0.0,-0.02408644078733151,-0.0003988831272437174,-0.01958713338994722,-0.00025326514074411815,-0.0006118770520316452
mem_04_struct_fields,dce,simplifycfg,0.0,-0.02408644078733151,0.0,-0.01918713472344874,4.0549237353025425e-05,0.002448762487936086
mem_04_struct_fields,dce,early-cse,0.0,-0.02408644078733151,-0.0003988831272437174,-0.019590446962614028,-0.0005213545840781366,-0.0019483837165955977
mem_04_struct_fields,dce,gvn,0.0,-0.02408644078733151,0.0,-0.01919691885250993,-0.0004799620580754872,-0.008495619440232588
mem_04_struct_fields,dce,adce,0.0,-0.02408644078733151,-0.0003988831272437174,-0.01958760648358318,0.0005172000437026737,-0.0006118770520316452
mem_04_struct_fields,dce,reassociate,0.0,-0.02408644078733151,-0.0003988831272437174,-0.019587533155445702,-0.0009920726005272136,-0.0003681504625693682
mem_04_struct_fields,dce,licm,0.0,-0.02408644078733151,0.0,-0.019191246679682084,6.328553199190376e-05,-0.0006118770520316452
mem_04_struct_fields,dce,loop-rotate,0.0,-0.02408644078733151,0.0,-0.019183650519706108,0.0012445037885002264,0.004483178533957793
mem_04_struct_fields,dce,loop-unroll,0.0,-0.02408644078733151,0.0,-0.019207486769038468,3.97721962489864e-05,-0.000740591421368209
mem_04_struct_fields,adce,mem2reg,0.0,-0.02408644078733151,0.0,-0.019203272140163097,-8.340283569641365e-06,-0.009210210785237425
mem_04_struct_fields,adce,sroa,0.0,-0.02408644078733151,0.0,-0.019203272140162986,-8.340283569641365e-06,-0.008493369110939836
mem_04_struct_fields,adce,instcombine,0.0,-0.02408644078733151,-0.0003988831272437174,-0.019587133389947192,-0.0002463149044360836,-0.0006118770520316452
mem_04_struct_fields,adce,simplifycfg,0.0,-0.02408644078733151,0.0,-0.019187134723448768,3.657767374843431e-05,0.002448762487936086
mem_04_struct_fields,adce,early-cse,0.0,-0.02408644078733151,-0.0003988831272437174,-0.019590446962614055,-0.0005457135075196288,-0.0019483837165955977
mem_04_struct_fields,adce,gvn,0.0,-0.02408644078733151,0.0,-0.01919691885250993,-0.000542757151091843,-0.008495619440232588
mem_04_struct_fields,adce,dce,0.0,-0.02408644078733151,-0.0003988831272437174,-0.019587606483583153,9.415123308386327e-05,-0.0006118770520316452
mem_04_struct_fields,adce,reassociate,0.0,-0.02408644078733151,-0.0003988831272437174,-0.019587533155445758,-0.000983811748229664,-0.0003681504625693682
mem_04_struct_fields,adce,licm,0.0,-0.02408644078733151,0.0,-0.019191246679682084,7.175177933258615e-05,-0.0006118770520316452
mem_04_struct_fields,adce,loop-rotate,0.0,-0.02408644078733151,0.0,-0.019183650519706164,0.0012445037885002264,0.004483178533957793
mem_04_struct_fields,adce,loop-unroll,0.0,-0.02408644078733151,0.0,-0.019207486769038468,3.5800632644395275e-05,-0.000740591421368209
mem_04_struct_fields,reassociate,mem2reg,0.0,-0.02408644078733151,0.0,-0.01920329022427303,-0.0017459149639645966,-0.009210210785237425
mem_04_struct_fields,reassociate,sroa,0.0,-0.02408644078733151,0.0,-0.019203290224272918,-0.0017459149639645966,-0.008493369110939836
mem_04_struct_fields,reassociate,instcombine,0.0,-0.02408644078733151,-0.0006975465764454348,-0.01988571732642419,-0.0025981814929509897,-0.0006118770520316452
mem_04_struct_fields,reassociate,simplifycfg,0.0,-0.02408644078733151,0.0,-0.019187152807558616,-0.0016622373167240407,0.002448762487936086
mem_04_struct_fields,reassociate,early-cse,0.0,-0.02408644078733151,-0.001203107749347361,-0.020394426865402465,-0.003683164406411879,-0.0019483837165955977
mem_04_struct_fields,reassociate,gvn,0.0,-0.02408644078733151,-0.0002927156706969913,-0.019489556954089216,-0.0029319906252937723,-0.008495619440232588
mem_04_struct_fields,reassociate,dce,0.0,-0.02408644078733151,-0.0003988831272437174,-0.019587624567693085,-0.0016102939875761275,-0.0006118770520316452
mem_04_struct_fields,reassociate,adce,0.0,-0.02408644078733151,-0.0003988831272437174,-0.019587624567693113,-0.0012182299923458022,-0.0006118770520316452
mem_04_struct_fields,reassociate,licm,0.0,-0.02408644078733151,0.0,-0.019191264763792015,-0.0016782607120076427,-0.0006118770520316452
mem_04_struct_fields,reassociate,loop-rotate,0.0,-0.02408644078733151,0.0,-0.019183668603816068,0.00041567829384109924,0.004483178533957793
mem_04_struct_fields,reassociate,loop-unroll,0.0,-0.02408644078733151,0.0,-0.01920750485314837,-0.00170177404775056,-0.000740591421368209
mem_04_struct_fields,licm,mem2reg,0.0071428571428571,-0.02408644078733151,-0.0394693867029223,-0.05865731850081372,-0.03843444094844492,-0.02747006604320647
mem_04_struct_fields,licm,sroa,0.0071428571428571,-0.02408644078733151,-0.0394693867029223,-0.058657318500813606,-0.04016377857529223,-0.034034267560312734
mem_04_struct_fields,licm,instcombine,0.0714285714285714,-0.02408644078733151,0.21519390225417445,0.19593764346501197,0.1892835035591366,0.1576408656828942
mem_04_struct_fields,licm,simplifycfg,0.0,-0.02408644078733151,0.010879011852055864,-0.008309235310134007,0.003629950710513623,0.0030490230627882855
mem_04_struct_fields,licm,early-cse,0.0285714285714285,-0.02408644078733151,0.06439941628902639,0.04518912034366176,0.0570564619831356,0.04108703565444735
mem_04_struct_fields,licm,gvn,0.0214285714285714,-0.02408644078733151,0.0397007934723824,0.020493343838641605,0.01857886762604898,0.018580092796220606
mem_04_struct_fields,licm,dce,0.0,-0.02408644078733151,0.0,-0.019186411112909085,0.0004048373011086852,-1.1616477179445282e-05
mem_04_struct_fields,licm,adce,0.0,-0.02408644078733151,0.0,-0.019186411112909085,0.0007892560364001727,-1.1616477179445282e-05
mem_04_struct_fields,licm,reassociate,0.0,-0.02408644078733151,0.0,-0.019186337784771634,-0.0006907868233193668,0.0002321101122828319
mem_04_struct_fields,licm,loop-rotate,-0.0071428571428571,-0.02408644078733151,0.001729554922794474,-0.017452218188595908,0.004768345470818292,0.001145712884024798
mem_04_struct_fields,licm,loop-unroll,0.0,-0.02408644078733151,-0.08904360618538727,-0.10821955281632265,-0.14419478560315918,-0.19961875003354276
mem_04_struct_fields,loop-rotate,mem2reg,0.0,-0.02408644078733151,0.009992500868604062,-0.009210359174473291,0.021483412387803213,0.0036710002150487564
mem_04_struct_fields,loop-rotate,sroa,0.0,-0.02408644078733151,0.009992500868604062,-0.009210359174473236,0.022446122611594472,0.0024989302508567424
mem_04_struct_fields,loop-rotate,instcombine,0.0142857142857142,-0.02408644078733151,0.059413745783770976,0.040209627464657914,0.042117067800215346,0.03447366006556777
mem_04_struct_fields,loop-rotate,simplifycfg,0.0142857142857142,-0.02408644078733151,0.05916134639725651,0.03995855644260985,0.03830719634451258,0.03676671500937173
mem_04_struct_fields,loop-rotate,early-cse,0.0214285714285714,-0.02408644078733151,0.05893514219947258,0.03972786670511925,0.052862584897150844,0.0421566835834966
mem_04_struct_fields,loop-rotate,gvn,0.0,-0.02408644078733151,0.009940269899016143,-0.009256219788443078,0.018373001036484198,0.0009616076794439686
mem_04_struct_fields,loop-rotate,dce,0.0,-0.02408644078733151,0.0,-0.01918517626993238,0.001254640579474811,0.006135750260555471
mem_04_struct_fields,loop-rotate,adce,0.0,-0.02408644078733151,0.0,-0.019185176269932352,0.0015445380362908987,0.005935089410766687
mem_04_struct_fields,loop-rotate,reassociate,0.0,-0.02408644078733151,0.0,-0.0191851029417949,0.0007312522186013944,0.006326225551280501
mem_04_struct_fields,loop-rotate,licm,0.0,-0.02408644078733151,0.012489742929383743,-0.00670190769856744,0.022737551519927887,0.008845350067644886
mem_04_struct_fields,loop-rotate,loop-unroll,0.0,-0.02408644078733151,0.0007233477605986784,-0.018480697950143038,0.0013179268276154931,0.007736192405053765
mem_04_struct_fields,loop-unroll,mem2reg,0.0,-0.02408644078733151,0.0,-0.019204094426287316,0.0,-0.009210210785237425
mem_04_struct_fields,loop-unroll,sroa,0.0,-0.02408644078733151,0.0,-0.019204094426287177,0.0,-0.008493369110939836
mem_04_struct_fields,loop-unroll,instcombine,0.0,-0.02408644078733151,0.0,-0.01918920289531212,-0.00025326514074411815,-0.0006118770520316452
mem_04_struct_fields,loop-unroll,simplifycfg,0.0,-0.02408644078733151,0.0007233477605986784,-0.018464845623568982,0.000162864159031222,0.002448762487936086
mem_04_struct_fields,loop-unroll,early-cse,0.0,-0.02408644078733151,0.0,-0.019192516467978843,-0.0005169858641130864,-0.0019483837165955977
mem_04_struct_fields,loop-unroll,gvn,0.0,-0.02408644078733151,0.0,-0.01919774113863415,-0.0005932403969339663,-0.008495619440232588
mem_04_struct_fields,loop-unroll,dce,0.0,-0.02408644078733151,0.0,-0.01918967598894805,0.00014326623632730687,-0.0006118770520316452
mem_04_struct_fields,loop-unroll,adce,0.0,-0.02408644078733151,0.0,-0.01918967598894808,0.0005276849716187943,-0.0006118770520316452
mem_04_struct_fields,loop-unroll,reassociate,0.0,-0.02408644078733151,0.0,-0.019189602660810656,-0.000965277784741572,-0.0003681504625693682
mem_04_struct_fields,loop-unroll,licm,0.0,-0.02408644078733151,0.0007233477605986784,-0.01846895757980238,0.00020724680904916814,-0.0006118770520316452
mem_04_struct_fields,loop-unroll,loop-rotate,0.0,-0.02408644078733151,0.0007233477605986784,-0.018461361419826405,0.0013378744105244534,0.004483178533957793
mix_01_matrix_mul,mem2reg,sroa,-0.3478260869565217,-0.023389967548325192,-0.4276805011048442,-0.42749858901972054,-0.29427465833259997,-0.30131867178906097
mix_01_matrix_mul,mem2reg,instcombine,-0.1014492753623188,-0.023389967548325192,-0.14672081362288453,-0.14661634561886158,-0.11836427019866354,-0.13096849726381746
mix_01_matrix_mul,mem2reg,simplifycfg,0.0289855072463768,-0.023389967548325192,0.026341892641815908,0.026391174124941536,0.0411475330099977,0.029728727737402608
mix_01_matrix_mul,mem2reg,early-cse,-0.0434782608695652,-0.023389967548325192,-0.06713219252518311,-0.06705704065186531,-0.0529925728414995,-0.04816525836359307
mix_01_matrix_mul,mem2reg,gvn,-0.1376811594202898,-0.023389967548325192,-0.16226250481611085,-0.1621612786737238,-0.15147240770087408,-0.14085369692204502
mix_01_matrix_mul,mem2reg,dce,0.0,-0.023389967548325192,0.001811594202898548,0.0018672544140098842,1.4116960914589347e-05,-0.0023768162666771325
mix_01_matrix_mul,mem2reg,adce,0.0,-0.023389967548325192,0.001811594202898548,0.0018672544140099397,0.0002713500179970233,-0.0023768162666771325
mix_01_matrix_mul,mem2reg,reassociate,0.0,-0.023389967548325192,0.0064689308094708605,0.006523152042496611,0.000754366205311669,-0.0007555228139094291
mix_01_matrix_mul,mem2reg,licm,-0.0579710144927536,-0.023389967548325192,0.017856912859592556,0.017905240130449435,0.010552730815955706,0.016052081608261513
mix_01_matrix_mul,mem2reg,loop-rotate,0.1666666666666666,-0.023389967548325192,0.07863795974831814,0.07867327656749704,0.10319585874007058,0.09412195565031191
mix_01_matrix_mul,mem2reg,loop-unroll,-0.4347826086956521,-0.023389967548325192,-0.3308650635708238,-0.33071813000277867,-0.3792082655731665,-0.603607633717949
mix_01_matrix_mul,sroa,mem2reg,-0.3478260869565217,-0.023389967548325192,-0.4276805011048442,-0.42749844707519274,-0.2864117628228773,-0.3060275277688637
mix_01_matrix_mul,sroa,instcombine,-0.1014492753623188,-0.023389967548325192,-0.1470313726290957,-0.14692685044486173,-0.12442320079183365,-0.11670891678677912
mix_01_matrix_mul,sroa,simplifycfg,0.0289855072463768,-0.023389967548325192,0.026341892641815908,0.026391126821103967,0.040002848239367075,0.0288175634028774
mix_01_matrix_mul,sroa,early-cse,-0.0434782608695652,-0.023389967548325192,-0.06868498755623902,-0.06860937556651621,-0.057718060663599274,-0.04954105648695149
mix_01_matrix_mul,sroa,gvn,-0.1376811594202898,-0.023389967548325192,-0.16443641785958912,-0.16433452863270012,-0.15381657809129895,-0.1491209341703799
mix_01_matrix_mul,sroa,dce,0.0,-0.023389967548325192,0.0021221532091097264,0.0021776646323350864,0.001250322229938356,-0.0010698851816589336
mix_01_matrix_mul,sroa,adce,0.0,-0.023389967548325192,0.0021221532091097264,0.0021776646323350864,0.0009700081771284415,-0.0010698851816589336
mix_01_matrix_mul,sroa,reassociate,0.0,-0.023389967548325192,0.0074006078281044,0.0074544773051471065,0.0013173915067136775,-0.00036645430467142177
mix_01_matrix_mul,sroa,licm,-0.0579710144927536,-0.023389967548325192,0.017856912859592556,0.017905192826611894,0.0060069076158195105,-0.003650740250923589
mix_01_matrix_mul,sroa,loop-rotate,0.1666666666666666,-0.023389967548325192,0.07863795974831814,0.0786732292636595,0.10437051470400704,0.09346987072928147
mix_01_matrix_mul,sroa,loop-unroll,-0.4347826086956521,-0.023389967548325192,-0.3308650635708238,-0.3307181773066163,-0.37419585871547295,-0.41043291790013
mix_01_matrix_mul,instcombine,mem2reg,-0.1014492753623188,-0.023389967548325192,-0.14881626820378746,-0.14871402754685595,-0.1261884297854891,-0.13171529205659407
mix_01_matrix_mul,instcombine,sroa,-0.1014492753623188,-0.023389967548325192,-0.15285353528453283,-0.15275016458333565,-0.12516401002094624,-0.14988778396031707
mix_01_matrix_mul,instcombine,simplifycfg,0.0217391304347826,-0.023389967548325192,0.009985525248564848,0.010051417840262995,0.019793538012670545,0.0059324654252315675
mix_01_matrix_mul,instcombine,early-cse,-0.0434782608695652,-0.023389967548325192,-0.050426198061575195,-0.050345239153201035,-0.04429419071486021,-0.03558729875252062
mix_01_matrix_mul,instcombine,gvn,-0.0434782608695652,-0.023389967548325192,-0.07185330453057746,-0.07177035598621319,-0.06400125002478149,-0.05489260552642432
mix_01_matrix_mul,instcombine,dce,0.0,-0.023389967548325192,-0.0003988831272437174,-0.00033123438222195864,-0.0003523590001065008,0.0004719052877740585
mix_01_matrix_mul,instcombine,adce,0.0,-0.023389967548325192,-0.0003988831272437174,-0.0003312343822219309,-0.00040739617769605397,0.0004719052877740585
mix_01_matrix_mul,instcombine,reassociate,0.0,-0.023389967548325192,-0.0022320734306653825,-0.002163742698197659,-0.0010197469548901658,0.0004719052877740585
mix_01_matrix_mul,instcombine,licm,-0.036231884057971,-0.023389967548325192,0.00012100878736350868,0.00018639796990735716,-0.010774086706662953,0.0004719052877740585
mix_01_matrix_mul,instcombine,loop-rotate,0.1739130434782608,-0.023389967548325192,0.10140099789794554,0.10144014243970612,0.12708353814807125,0.12445217829992103
mix_01_matrix_mul,instcombine,loop-unroll,0.0,-0.023389967548325192,0.0,5.0080130959809926e-05,-0.00012078580990180293,0.0005175297481100734
mix_01_matrix_mul,simplifycfg,mem2reg,0.0,-0.023389967548325192,0.002893391042394726,0.0029509747116586334,0.0010077949187908975,-0.004984119982894898
mix_01_matrix_mul,simplifycfg,sroa,0.0,-0.023389967548325192,0.002893391042394726,0.002950785463293821,0.0015047612490213204,-0.005422248075463508
mix_01_matrix_mul,simplifycfg,instcombine,0.0,-0.023389967548325192,0.008079611965430942,0.008149679182519732,0.008067953623681921,0.0017189688030523672
mix_01_matrix_mul,simplifycfg,early-cse,0.0,-0.023389967548325192,0.0016641575631243261,0.0017330129440045507,0.0019125652603637056,0.00046549889945935645
mix_01_matrix_mul,simplifycfg,gvn,-0.0434782608695652,-0.023389967548325192,-0.02195963902455337,-0.021888076176282415,-0.03118855461890396,-0.017034757073810903
mix_01_matrix_mul,simplifycfg,dce,0.0,-0.023389967548325192,0.0,7.243688641165105e-05,0.0006512805685105193,0.0014662956205186706
mix_01_matrix_mul,simplifycfg,adce,0.0,-0.023389967548325192,0.0,7.243688641176207e-05,0.0006747631786465728,0.0014662956205186706
mix_01_matrix_mul,simplifycfg,reassociate,0.0,-0.023389967548325192,0.0,7.251982643047619e-05,0.0005784579994271187,0.0014662956205186706
mix_01_matrix_mul,simplifycfg,licm,0.0,-0.023389967548325192,0.005439081541109614,0.005507651378966211,0.00867894607262129,0.0014662956205186706
mix_01_matrix_mul,simplifycfg,loop-rotate,0.0,-0.023389967548325192,-0.0004221190375685913,-0.00034478238865178965,0.001039326562522916,0.009165187404849846
mix_01_matrix_mul,simplifycfg,loop-unroll,0.0,-0.023389967548325192,0.000301228723030087,0.00035612890675290956,0.0002558563744818173,0.0015119200808546857
mix_01_matrix_mul,early-cse,mem2reg,-0.0869565217391304,-0.023389967548325192,-0.07708274057504597,-0.07700481351468709,-0.07824873913722075,-0.06877641816158833
mix_01_matrix_mul,early-cse,sroa,-0.0869565217391304,-0.023389967548325192,-0.0808094486495801,-0.08073049302900405,-0.07784445706585029,-0.06966679891663058
mix_01_matrix_mul,early-cse,instcombine,-0.036231884057971,-0.023389967548325192,-0.04224516254887336,-0.04216444137072439,-0.04335097527051546,-0.035983314323804964
mix_01_matrix_mul,early-cse,simplifycfg,0.0,-0.023389967548325192,0.003854034259037235,0.003921057878751872,0.0031417685431212304,-0.0035120197845697173
mix_01_matrix_mul,early-cse,gvn,-0.108695652173913,-0.023389967548325192,-0.10091321645498487,-0.10082164436448152,-0.10290007231788739,-0.09198914323819408
mix_01_matrix_mul,early-cse,dce,0.0,-0.023389967548325192,0.004503360884617844,0.00456853506878065,0.0024418069416323436,-0.005005082844212933
mix_01_matrix_mul,early-cse,adce,0.0,-0.023389967548325192,0.004503360884617844,0.004568535068780678,0.002113071184594884,-0.004108040069501241
mix_01_matrix_mul,early-cse,reassociate,0.0,-0.023389967548325192,0.002636444716268265,0.0027023119087691456,0.0020555227799158114,-0.0066145104215816885
mix_01_matrix_mul,early-cse,licm,-0.0869565217391304,-0.023389967548325192,-0.04978466367772866,-0.04970383899984644,-0.0799872754971271,-0.05802500622581855
mix_01_matrix_mul,early-cse,loop-rotate,-0.0289855072463768,-0.023389967548325192,-0.024737468209196967,-0.02465797692376071,-0.035147580680018164,-0.020046193142825436
mix_01_matrix_mul,early-cse,loop-unroll,0.0,-0.023389967548325192,-0.0017864485566434303,-0.001736657264707394,0.0005290034595256222,-0.010030145732056205
mix_01_matrix_mul,gvn,mem2reg,-0.181159420289855,-0.023389967548325192,-0.1663949340143558,-0.16629455462442186,-0.1364177418340635,-0.14424364028561465
mix_01_matrix_mul,gvn,sroa,-0.181159420289855,-0.023389967548325192,-0.1707427601013123,-0.17064114918306414,-0.15335584066360541,-0.14795026842016937
mix_01_matrix_mul,gvn,instcombine,0.0797101449275362,-0.023389967548325192,0.10183617870269224,0.10186308418946029,0.07154131290512977,0.06925364525554592
mix_01_matrix_mul,gvn,simplifycfg,-0.0434782608695652,-0.023389967548325192,-0.018416163771727313,-0.018348595714263134,-0.029956258241632245,-0.013407041461277898
mix_01_matrix_mul,gvn,early-cse,-0.1159420289855072,-0.023389967548325192,-0.10101892688327802,-0.10092904095141594,-0.10224909908898193,-0.08613195393907348
mix_01_matrix_mul,gvn,dce,0.0,-0.023389967548325192,0.002694965072336522,0.002753997214426391,0.005356814231466459,-0.005468233252097941
mix_01_matrix_mul,gvn,adce,0.0,-0.023389967548325192,0.002694965072336522,0.002753997214426391,0.005852582294499787,-0.0017371918423560106
mix_01_matrix_mul,gvn,reassociate,0.0,-0.023389967548325192,0.0018847926717281563,0.0019441725008688578,0.0048339659917024155,-0.004912748078160197
mix_01_matrix_mul,gvn,licm,-0.2101449275362318,-0.023389967548325192,-0.13768770355736298,-0.13758488703118402,-0.16259534196568715,-0.15421379947138664
mix_01_matrix_mul,gvn,loop-rotate,0.1521739130434782,-0.023389967548325192,0.07600920209457375,0.07604903853329986,0.1017122116435376,0.09026791698726949
mix_01_matrix_mul,gvn,loop-unroll,-0.7536231884057971,-0.023389967548325192,-0.37344105627685587,-0.37327654918627456,-0.43732429967386055,-0.5645188573498348
mix_01_matrix_mul,dce,mem2reg,0.0,-0.023389967548325192,0.0,5.844432309712669e-05,-1.5412778831921685e-05,-0.005337823439639085
mix_01_matrix_mul,dce,sroa,0.0,-0.023389967548325192,0.0,5.825507473236971e-05,4.097957134380513e-05,-0.005761604847918028
mix_01_matrix_mul,dce,instcombine,0.0,-0.023389967548325192,-0.0003988831272437174,-0.00032613016363733024,-0.00031618610747051045,0.0014662956205186706
mix_01_matrix_mul,dce,simplifycfg,0.0,-0.023389967548325192,0.0,7.398929134894497e-05,0.0005682777353946708,0.006926855757976175
mix_01_matrix_mul,dce,early-cse,0.0,-0.023389967548325192,-0.0003988831272437174,-0.00032943843328583564,-0.00022817096257463207,0.00046549889945935645
mix_01_matrix_mul,dce,gvn,0.0,-0.023389967548325192,0.0,6.430206283434062e-05,-4.769185961846499e-05,-0.0021376818513649636
mix_01_matrix_mul,dce,adce,0.0,-0.023389967548325192,-0.0003988831272437174,-0.0003264007388931421,-7.991931995766161e-06,0.0014662956205186706
mix_01_matrix_mul,dce,reassociate,0.0,-0.023389967548325192,-0.0003988831272437174,-0.00032631779887440024,-4.4591865103005264e-05,0.0014662956205186706
mix_01_matrix_mul,dce,licm,0.0,-0.023389967548325192,0.0,7.026236895904883e-05,0.0013766549032421462,0.0014662956205186706
mix_01_matrix_mul,dce,loop-rotate,0.0,-0.023389967548325192,0.0,7.71138648879878e-05,0.001266380293705819,0.009165187404849846
mix_01_matrix_mul,dce,loop-unroll,0.0,-0.023389967548325192,0.0,5.49137742885987e-05,0.0003267531445178842,0.0015119200808546857
mix_01_matrix_mul,adce,mem2reg,0.0,-0.023389967548325192,0.0,5.84443230971822e-05,-1.338617818146782e-05,-0.005337823439639085
mix_01_matrix_mul,adce,sroa,0.0,-0.023389967548325192,0.0,5.8255074732397466e-05,4.3006171994259e-05,-0.005761604847918028
mix_01_matrix_mul,adce,instcombine,0.0,-0.023389967548325192,-0.0003988831272437174,-0.000326130163637247,-0.00028178243774573984,0.0014662956205186706
mix_01_matrix_mul,adce,simplifycfg,0.0,-0.023389967548325192,0.0,7.398929134900048e-05,0.00046713264535049834,0.006926855757976175
mix_01_matrix_mul,adce,early-cse,0.0,-0.023389967548325192,-0.0003988831272437174,-0.0003294384332858079,-0.0002243483326052131,0.00046549889945935645
mix_01_matrix_mul,adce,gvn,0.0,-0.023389967548325192,0.0,6.430206283431286e-05,-4.566525896801113e-05,-0.0021376818513649636
mix_01_matrix_mul,adce,dce,0.0,-0.023389967548325192,-0.0003988831272437174,-0.0003264007388931421,1.2678887490608457e-05,0.0014662956205186706
mix_01_matrix_mul,adce,reassociate,0.0,-0.023389967548325192,-0.0003988831272437174,-0.00032631779887440024,-4.365744444381398e-05,0.0014662956205186706
mix_01_matrix_mul,adce,licm,0.0,-0.023389967548325192,0.0,7.026236895907659e-05,0.001337385689387146,0.0014662956205186706
mix_01_matrix_mul,adce,loop-rotate,0.0,-0.023389967548325192,0.0,7.711386488793229e-05,0.0010825385016917635,0.009165187404849846
mix_01_matrix_mul,adce,loop-unroll,0.0,-0.023389967548325192,0.0,5.491377428865421e-05,0.0003498082852986172,0.0015119200808546857
mix_01_matrix_mul,reassociate,mem2reg,0.0,-0.023389967548325192,0.0,5.842669315717433e-05,-9.893168214112597e-05,-0.005337823439639085
mix_01_matrix_mul,reassociate,sroa,0.0,-0.023389967548325192,0.0,5.823744479230633e-05,-4.2539331965399174e-05,-0.005761604847918028
mix_01_matrix_mul,reassociate,instcombine,0.0,-0.023389967548325192,-0.0006975465764454348,-0.0006247136459444601,-0.0010876507558614335,0.0014662956205186706
mix_01_matrix_mul,reassociate,simplifycfg,0.0,-0.023389967548325192,0.0,7.39716614089371e-05,0.0005175697269735896,0.006926855757976175
mix_01_matrix_mul,reassociate,early-cse,0.0,-0.023389967548325192,-0.001203107749347361,-0.0011334178819043493,-0.0008644161256179,0.00046549889945935645
mix_01_matrix_mul,reassociate,gvn,0.0,-0.023389967548325192,-0.0002927156706969913,-0.0002283355845750755,-0.000869228528173299,-0.0021376818513649636
mix_01_matrix_mul,reassociate,dce,0.0,-0.023389967548325192,-0.0003988831272437174,-0.000326418368833261,-8.306029638750024e-05,0.0014662956205186706
mix_01_matrix_mul,reassociate,adce,0.0,-0.023389967548325192,-0.0003988831272437174,-0.00032641836883317774,-9.151083530497045e-05,0.0014662956205186706
mix_01_matrix_mul,reassociate,licm,0.0,-0.023389967548325192,0.0,7.024473901904096e-05,0.0012839138711708982,0.0014662956205186706
mix_01_matrix_mul,reassociate,loop-rotate,0.0,-0.023389967548325192,0.0,7.709623494789666e-05,0.0015298745606136682,0.009165187404849846
mix_01_matrix_mul,reassociate,loop-unroll,0.0,-0.023389967548325192,0.0,5.489614434853532e-05,0.00026426278133895894,0.0015119200808546857
mix_01_matrix_mul,licm,mem2reg,-0.144927536231884,-0.023389967548325192,-0.0328576304692379,-0.032785764662894054,-0.0651945029192668,-0.04072488900619106
mix_01_matrix_mul,licm,sroa,-0.144927536231884,-0.023389967548325192,-0.0328576304692379,-0.03278595391125885,-0.06861758599695054,-0.043680012440248155
mix_01_matrix_mul,licm,instcombine,0.108695652173913,-0.023389967548325192,0.21357359439568133,0.21357911003648075,0.19912004647456272,0.19132536024816454
mix_01_matrix_mul,licm,simplifycfg,0.0,-0.023389967548325192,0.010879011852055864,0.01095213042632322,0.027064596504392437,0.006926855757976175
mix_01_matrix_mul,licm,early-cse,0.0652173913043478,-0.023389967548325192,0.06280611356150816,0.06285758852442375,0.05361310546174562,0.056116331190355404
mix_01_matrix_mul,licm,gvn,0.0,-0.023389967548325192,0.04063247049101594,0.040686179042133674,0.02867718005511779,0.020159598589281458
mix_01_matrix_mul,licm,dce,0.0,-0.023389967548325192,0.0,7.503635344041984e-05,-0.000264716717852416,0.0014662956205186706
mix_01_matrix_mul,licm,adce,0.0,-0.023389967548325192,0.0,7.503635344047535e-05,-0.00029355461660678724,0.0014662956205186706
mix_01_matrix_mul,licm,reassociate,0.0,-0.023389967548325192,0.0,7.511929345927273e-05,-0.00030449255822977004,0.0014662956205186706
mix_01_matrix_mul,licm,loop-rotate,0.0869565217391304,-0.023389967548325192,-0.0023617224199006344,-0.002281152483007056,0.018473667180407372,0.020628635938819383
mix_01_matrix_mul,licm,loop-unroll,-0.181159420289855,-0.023389967548325192,-0.08116710965104575,-0.08108298788778956,-0.15680124480007585,-0.21453419559903816
mix_01_matrix_mul,loop-rotate,mem2reg,0.036231884057971,-0.023389967548325192,0.008417201561735756,0.008476308179628706,0.019570056915535577,0.0028581785946296136
mix_01_matrix_mul,loop-rotate,sroa,0.036231884057971,-0.023389967548325192,0.008417201561735756,0.00847611893126395,0.01961580763584013,0.0024343971863506745
mix_01_matrix_mul,loop-rotate,instcombine,0.0869565217391304,-0.023389967548325192,0.056254145459709394,0.05631179828034227,0.06812330847375367,0.05679013376804294
mix_01_matrix_mul,loop-rotate,simplifycfg,0.0869565217391304,-0.023389967548325192,0.05600174607319493,0.056060848046781964,0.07211050999440034,0.05853167205703279
mix_01_matrix_mul,loop-rotate,early-cse,0.1014492753623188,-0.023389967548325192,0.05545598115887487,0.05551058653290086,0.06972952203460384,0.06081616464192273
mix_01_matrix_mul,loop-rotate,gvn,0.0507246376811594,-0.023389967548325192,0.0077348508694005174,0.0078000382046592605,0.0222671244191701,0.0060583201829037476
mix_01_matrix_mul,loop-rotate,dce,0.0,-0.023389967548325192,0.0,7.576489830874236e-05,0.0005009772384618297,0.008308113138877533
mix_01_matrix_mul,loop-rotate,adce,0.0,-0.023389967548325192,0.0,7.576489830877012e-05,0.0005335013805299947,0.00774006767014153
mix_01_matrix_mul,loop-rotate,reassociate,0.0,-0.023389967548325192,0.0,7.584783832751199e-05,0.000486315250280153,0.008856873234523452
mix_01_matrix_mul,loop-rotate,licm,0.0144927536231884,-0.023389967548325192,0.011859623206636421,0.011929422960541215,0.017167921891644282,0.009662297654787372
mix_01_matrix_mul,loop-rotate,loop-unroll,0.0,-0.023389967548325192,0.0007233477605986784,0.0007814380167351677,0.0012367138215100837,0.009298267314117842
mix_01_matrix_mul,loop-unroll,mem2reg,0.0,-0.023389967548325192,0.0,5.767849226107416e-05,0.000328467207198547,-0.005337823439639085
mix_01_matrix_mul,loop-unroll,sroa,0.0,-0.023389967548325192,0.0,5.748924389631718e-05,0.0004006025208784312,-0.005761604847918028
mix_01_matrix_mul,loop-unroll,instcombine,0.0,-0.023389967548325192,0.0,7.185678628599326e-05,3.564737925616744e-05,0.0014662956205186706
mix_01_matrix_mul,loop-unroll,simplifycfg,0.0,-0.023389967548325192,0.0007233477605986784,0.0007963348465166754,0.0013073346723668415,0.006926855757976175
mix_01_matrix_mul,loop-unroll,early-cse,0.0,-0.023389967548325192,0.0,6.854851663737685e-05,0.00013610033509731941,0.00046549889945935645
mix_01_matrix_mul,loop-unroll,gvn,0.0,-0.023389967548325192,0.0,6.353623199820482e-05,0.0003253168779835868,-0.0021376818513649636
mix_01_matrix_mul,loop-unroll,dce,0.0,-0.023389967548325192,0.0,7.158621103009813e-05,0.0003527355139877355,0.0014662956205186706
mix_01_matrix_mul,loop-unroll,adce,0.0,-0.023389967548325192,0.0,7.158621103015364e-05,0.0003243547313621222,0.0014662956205186706
mix_01_matrix_mul,loop-unroll,reassociate,0.0,-0.023389967548325192,0.0,7.166915104881225e-05,0.00027531790686413703,0.0014662956205186706
mix_01_matrix_mul,loop-unroll,licm,0.0,-0.023389967548325192,0.0007233477605986784,0.0007926079241269181,0.002108867621830321,0.0014662956205186706
mix_01_matrix_mul,loop-unroll,loop-rotate,0.0,-0.023389967548325192,0.0007233477605986784,0.0007994594200557738,0.00201678680289844,0.009165187404849846
mix_02_func_calls,mem2reg,sroa,-0.494949494949495,-0.023323208996431734,-0.4212838311921063,-0.4595209508369737,-0.439598920496933,-0.4075192162644978
mix_02_func_calls,mem2reg,instcombine,-0.2626262626262626,-0.023323208996431734,-0.1397131185244522,-0.1780277843938302,-0.10215108042163738,-0.07819648549765056
mix_02_func_calls,mem2reg,simplifycfg,0.0404040404040404,-0.023323208996431734,0.02584543467843923,-0.01252231443150523,0.027194454299526574,0.021432437829651516
mix_02_func_calls,mem2reg,early-cse,-0.1313131313131313,-0.023323208996431734,-0.06331328511459328,-0.10165630881359565,-0.07749684757703684,-0.07123249674623523
mix_02_func_calls,mem2reg,gvn,-0.2323232323232323,-0.023323208996431734,-0.1581476320812003,-0.19646471566205487,-0.15626859489421008,-0.13413104114313437
mix_02_func_calls,mem2reg,dce,0.0,-0.023323208996431734,0.001811594202898548,-0.03654990373470826,0.00023969542923269315,0.0013116475302315225
mix_02_func_calls,mem2reg,adce,0.0,-0.023323208996431734,0.001811594202898548,-0.036549903734708206,9.141977590589735e-05,0.0013116475302315225
mix_02_func_calls,mem2reg,reassociate,0.0,-0.023323208996431734,0.0064689308094708605,-0.031894006106221534,0.0015863397591743746,0.0029514894600357043
mix_02_func_calls,mem2reg,licm,-0.0101010101010101,-0.023323208996431734,0.0157756083208211,-0.022592761697898704,0.010267135229406959,0.0012857223178129502
mix_02_func_calls,mem2reg,loop-rotate,0.0303030303030303,-0.023323208996431734,0.08456681350325886,0.046183453880154615,0.0479368594354592,0.04592027596900596
mix_02_func_calls,mem2reg,loop-unroll,-0.0101010101010101,-0.023323208996431734,-0.3493294809010256,-0.38759486533814586,-0.19412851005398032,-0.11553984584824153
mix_02_func_calls,sroa,mem2reg,-0.494949494949495,-0.023323208996431734,-0.4212838311921063,-0.459520808892446,-0.44008846221668696,-0.41085988071711244
mix_02_func_calls,sroa,instcombine,-0.2626262626262626,-0.023323208996431734,-0.1400236775306634,-0.17833828921983025,-0.1047753224993983,-0.10354143154000478
mix_02_func_calls,sroa,simplifycfg,0.0404040404040404,-0.023323208996431734,0.02584543467843923,-0.012522361735342828,0.02558252884695601,0.020032721570467187
mix_02_func_calls,sroa,early-cse,-0.1313131313131313,-0.023323208996431734,-0.06486608014564918,-0.10320864372824672,-0.0774525931786405,-0.07386542646178132
mix_02_func_calls,sroa,gvn,-0.2323232323232323,-0.023323208996431734,-0.16032154512467858,-0.19863796562103103,-0.15443531915441505,-0.16465495985158607
mix_02_func_calls,sroa,dce,0.0,-0.023323208996431734,0.0021221532091097264,-0.03623949351638309,0.0012203597568329824,-0.00032147660547287107
mix_02_func_calls,sroa,adce,0.0,-0.023323208996431734,0.0021221532091097264,-0.03623949351638306,0.0008801678362247619,-0.00032147660547287107
mix_02_func_calls,sroa,reassociate,0.0,-0.023323208996431734,0.0074006078281044,-0.030962680843570987,0.0023547072012133543,-0.000277605158320371
mix_02_func_calls,sroa,licm,-0.0101010101010101,-0.023323208996431734,0.0157756083208211,-0.0225928090017363,0.007455281421704644,-0.0026120868009580325
mix_02_func_calls,sroa,loop-rotate,0.0303030303030303,-0.023323208996431734,0.08456681350325886,0.0461834065763171,0.04733616150756108,0.03330596615765255
mix_02_func_calls,sroa,loop-unroll,-0.0101010101010101,-0.023323208996431734,-0.3493294809010256,-0.3875949126419835,-0.18937783202291014,-0.10671175717104041
mix_02_func_calls,instcombine,mem2reg,-0.2626262626262626,-0.023323208996431734,-0.14180857310535513,-0.18012527502338566,-0.10722233735226656,-0.09874541048789058
mix_02_func_calls,instcombine,sroa,-0.2626262626262626,-0.023323208996431734,-0.14584584018610047,-0.18416141205986541,-0.11489737859721862,-0.10861645616496075
mix_02_func_calls,instcombine,simplifycfg,0.0,-0.023323208996431734,0.01093070483268583,-0.02742061544002958,0.010128643216676841,0.007485543060143312
mix_02_func_calls,instcombine,early-cse,-0.0707070707070707,-0.023323208996431734,-0.04924233676429234,-0.087578403526455,-0.032695743817858995,-0.02717388700760162
mix_02_func_calls,instcombine,gvn,-0.1313131313131313,-0.023323208996431734,-0.06803439711998763,-0.1063693727587121,-0.030433760769800346,-0.035483666782467144
mix_02_func_calls,instcombine,dce,0.0,-0.023323208996431734,-0.0003988831272437174,-0.038748103705931944,-0.000153042605820416,0.0013653674758432367
mix_02_func_calls,instcombine,adce,0.0,-0.023323208996431734,-0.0003988831272437174,-0.038748103705932,-0.0001574714803872677,0.0013653674758432367
mix_02_func_calls,instcombine,reassociate,0.0,-0.023323208996431734,-0.0022320734306653825,-0.0405806120219077,-0.000682457544493725,0.0013653674758432367
mix_02_func_calls,instcombine,licm,-0.0101010101010101,-0.023323208996431734,-0.0010151161672869652,-0.0393664443138068,-0.007634422119586747,0.0013653674758432367
mix_02_func_calls,instcombine,loop-rotate,0.0404040404040404,-0.023323208996431734,0.10720573716204208,0.06882653464449216,0.07508186159616421,0.0657032009783979
mix_02_func_calls,instcombine,loop-unroll,0.0,-0.023323208996431734,0.0,-0.03836798282631074,1.7274156771075818e-05,0.0013653674758432367
mix_02_func_calls,simplifycfg,mem2reg,0.0,-0.023323208996431734,0.002893391042394726,-0.03546611746692202,0.0023223555190805575,-0.003378650679380883
mix_02_func_calls,simplifycfg,sroa,0.0,-0.023323208996431734,0.002893391042394726,-0.03546630671528686,0.0020168222418233306,-0.004098047409015704
mix_02_func_calls,simplifycfg,instcombine,0.0303030303030302,-0.023323208996431734,0.006762088908777456,-0.03158440798775736,0.0016938092508433664,0.0023216102804485953
mix_02_func_calls,simplifycfg,early-cse,0.0,-0.023323208996431734,0.0016641575631243261,-0.036684065434617386,0.001697884985329675,0.0014926708448804711
mix_02_func_calls,simplifycfg,gvn,-0.0101010101010101,-0.023323208996431734,-0.023410823840577504,-0.06175590259051027,-0.015166865301173803,-0.012484337779077447
mix_02_func_calls,simplifycfg,dce,0.0,-0.023323208996431734,0.0,-0.038344872005963565,0.00031909093331563025,0.0023216102804485953
mix_02_func_calls,simplifycfg,adce,0.0,-0.023323208996431734,0.0,-0.03834487200596348,0.0003156506802762288,0.0023216102804485953
mix_02_func_calls,simplifycfg,reassociate,0.0,-0.023323208996431734,0.0,-0.03834478906594474,0.0002627985637958199,0.0023216102804485953
mix_02_func_calls,simplifycfg,licm,0.0,-0.023323208996431734,0.005439081541109614,-0.032909876780125885,0.011777929019018793,0.0023216102804485953
mix_02_func_calls,simplifycfg,loop-rotate,0.0,-0.023323208996431734,-0.0004221190375685913,-0.03876167215184749,0.00022025592542618974,0.0038002469353262004
mix_02_func_calls,simplifycfg,loop-unroll,0.0,-0.023323208996431734,0.000301228723030087,-0.03806237361918288,0.0013245183800951429,0.0023216102804485953
mix_02_func_calls,early-cse,mem2reg,-0.1313131313131313,-0.023323208996431734,-0.0751541923326981,-0.11349395979762893,-0.07252194432003715,-0.07163937800818249
mix_02_func_calls,early-cse,sroa,-0.1313131313131313,-0.023323208996431734,-0.07888090040723225,-0.11721963931194611,-0.09289351340059508,-0.08186369560408266
mix_02_func_calls,early-cse,instcombine,-0.0101010101010101,-0.023323208996431734,-0.04338128750352383,-0.08171716185436738,-0.024697424186660443,-0.031533010879826975
mix_02_func_calls,early-cse,simplifycfg,0.0404040404040404,-0.023323208996431734,0.0020973368501659134,-0.0362523811858638,0.0003196051279654136,-0.002903350606962503
mix_02_func_calls,early-cse,gvn,-0.1313131313131313,-0.023323208996431734,-0.09992984779675798,-0.1382556850028671,-0.0927979284883115,-0.08679349681189796
mix_02_func_calls,early-cse,dce,0.0,-0.023323208996431734,0.004503360884617844,-0.033848745961938986,-0.0002915488350658804,-0.0036260772386179966
mix_02_func_calls,early-cse,adce,0.0,-0.023323208996431734,0.004503360884617844,-0.033848745961938986,-0.000207470157394424,-0.004344177535358965
mix_02_func_calls,early-cse,reassociate,0.0,-0.023323208996431734,0.002636444716268265,-0.03571496912195049,-0.00027116989369934107,-0.005159125341574026
mix_02_func_calls,early-cse,licm,-0.0202020202020202,-0.023323208996431734,-0.052687033309776934,-0.09102276049694134,-0.03789103618457896,-0.04182969584608397
mix_02_func_calls,early-cse,loop-rotate,-0.0101010101010101,-0.023323208996431734,-0.025558533302473783,-0.0638956356120464,-0.02167900993390209,-0.02261808142328321
mix_02_func_calls,early-cse,loop-unroll,0.0,-0.023323208996431734,-0.0017864485566434303,-0.04015513192898766,-0.005705992546787479,-0.009994644204265558
mix_02_func_calls,gvn,mem2reg,-0.2323232323232323,-0.023323208996431734,-0.1641704204476872,-0.2024882345945625,-0.15644177234064813,-0.13507868385875926
mix_02_func_calls,gvn,sroa,-0.2323232323232323,-0.023323208996431734,-0.16851824653464373,-0.2068348291532049,-0.15827111535235439,-0.16089191961333213
mix_02_func_calls,gvn,instcombine,0.0,-0.023323208996431734,0.1053018371778025,0.06691024107469005,0.10965529107236151,0.08699935322663849
mix_02_func_calls,gvn,simplifycfg,0.0303030303030302,-0.023323208996431734,-0.021624045996622765,-0.05997314767508315,-0.0027520983408300483,-0.007563551065518758
mix_02_func_calls,gvn,early-cse,-0.1313131313131313,-0.023323208996431734,-0.10035061808642479,-0.13867840335694182,-0.10363420204686559,-0.09669707604462893
mix_02_func_calls,gvn,dce,0.0,-0.023323208996431734,0.002694965072336522,-0.035663686112668375,0.0029640484647919067,-0.005257371898745135
mix_02_func_calls,gvn,adce,0.0,-0.023323208996431734,0.002694965072336522,-0.03566368611266843,0.0031819560997980744,-0.003496677288926025
mix_02_func_calls,gvn,reassociate,0.0,-0.023323208996431734,0.0018847926717281563,-0.03647351082622602,0.0029579503185127084,-0.006442670030750747
mix_02_func_calls,gvn,licm,-0.0707070707070707,-0.023323208996431734,-0.14375021907167432,-0.1820633240387557,-0.10994467869093381,-0.11638745964625206
mix_02_func_calls,gvn,loop-rotate,0.0303030303030303,-0.023323208996431734,0.08130793612676715,0.04292877685449707,0.04585728238784114,0.043112345687372766
mix_02_func_calls,gvn,loop-unroll,-0.0101010101010101,-0.023323208996431734,-0.40576810750749875,-0.44401191358785924,-0.30881244480005443,-0.10841118475912619
mix_02_func_calls,dce,mem2reg,0.0,-0.023323208996431734,0.0,-0.03835860346655118,-5.074436267096815e-05,-0.004523583528553976
mix_02_func_calls,dce,sroa,0.0,-0.023323208996431734,0.0,-0.03835879271491596,-1.9222367846221043e-05,-0.004515140493939858
mix_02_func_calls,dce,instcombine,0.0,-0.023323208996431734,-0.0003988831272437174,-0.038743080426716245,-5.5950224322458474e-05,0.0023216102804485953
mix_02_func_calls,dce,simplifycfg,0.0,-0.023323208996431734,0.0,-0.03834330988830212,9.596974783177504e-05,0.008441785864748667
mix_02_func_calls,dce,early-cse,0.0,-0.023323208996431734,-0.0003988831272437174,-0.03874647242297545,-7.191123920751554e-05,0.0014926708448804711
mix_02_func_calls,dce,gvn,0.0,-0.023323208996431734,0.0,-0.03835276936263196,2.673588315870694e-05,-0.0014907522772440497
mix_02_func_calls,dce,adce,0.0,-0.023323208996431734,-0.0003988831272437174,-0.038743665242336064,-8.213937537503196e-05,0.0023216102804485953
mix_02_func_calls,dce,reassociate,0.0,-0.023323208996431734,-0.0003988831272437174,-0.03874358230231732,-0.00011446046308431621,0.0023216102804485953
mix_02_func_calls,dce,licm,0.0,-0.023323208996431734,0.0,-0.038347221401200726,0.0002178572560516169,0.0023216102804485953
mix_02_func_calls,dce,loop-rotate,0.0,-0.023323208996431734,0.0,-0.03833973150937539,0.00021748706666451453,0.0038002469353262004
mix_02_func_calls,dce,loop-unroll,0.0,-0.023323208996431734,0.0,-0.03836354436271483,0.0001544491878258815,0.0023216102804485953
mix_02_func_calls,adce,mem2reg,0.0,-0.023323208996431734,0.0,-0.038358603466551205,1.5757820769459814e-06,-0.004523583528553976
mix_02_func_calls,adce,sroa,0.0,-0.023323208996431734,0.0,-0.03835879271491602,1.4271151885830776e-05,-0.004515140493939858
mix_02_func_calls,adce,instcombine,0.0,-0.023323208996431734,-0.0003988831272437174,-0.038743080426716245,-4.416028133985495e-05,0.0023216102804485953
mix_02_func_calls,adce,simplifycfg,0.0,-0.023323208996431734,0.0,-0.03834330988830209,0.00013870479056681779,0.008441785864748667
mix_02_func_calls,adce,early-cse,0.0,-0.023323208996431734,-0.0003988831272437174,-0.038746472422975506,-4.70151363297613e-05,0.0014926708448804711
mix_02_func_calls,adce,gvn,0.0,-0.023323208996431734,0.0,-0.038352769362632044,5.418040601607382e-05,-0.0014907522772440497
mix_02_func_calls,adce,dce,0.0,-0.023323208996431734,-0.0003988831272437174,-0.038743665242336064,-5.606523955147805e-05,0.0023216102804485953
mix_02_func_calls,adce,reassociate,0.0,-0.023323208996431734,-0.0003988831272437174,-0.03874358230231732,-9.407310324741513e-05,0.0023216102804485953
mix_02_func_calls,adce,licm,0.0,-0.023323208996431734,0.0,-0.03834722140120067,0.00015240996884614814,0.0023216102804485953
mix_02_func_calls,adce,loop-rotate,0.0,-0.023323208996431734,0.0,-0.03833973150937539,0.00025221278946363176,0.0038002469353262004
mix_02_func_calls,adce,loop-unroll,0.0,-0.023323208996431734,0.0,-0.03836354436271475,0.00017400338946278903,0.0023216102804485953
mix_02_func_calls,reassociate,mem2reg,0.0,-0.023323208996431734,0.0,-0.038358621096491186,-2.5166079527300936e-05,-0.004523583528553976
mix_02_func_calls,reassociate,sroa,0.0,-0.023323208996431734,0.0,-0.038358810344856054,-2.3028449633954215e-05,-0.004515140493939858
mix_02_func_calls,reassociate,instcombine,0.0,-0.023323208996431734,-0.0006975465764454348,-0.0390416639090234,0.0004537518008466293,0.0023216102804485953
mix_02_func_calls,reassociate,simplifycfg,0.0,-0.023323208996431734,0.0,-0.038343327518242126,7.62850492479939e-05,0.008441785864748667
mix_02_func_calls,reassociate,early-cse,0.0,-0.023323208996431734,-0.001203107749347361,-0.03955045187159399,0.00019568585281414132,0.0014926708448804711
mix_02_func_calls,reassociate,gvn,0.0,-0.023323208996431734,-0.0002927156706969913,-0.03864540701004136,0.0006262942306305571,-0.0014907522772440497
mix_02_func_calls,reassociate,dce,0.0,-0.023323208996431734,-0.0003988831272437174,-0.03874368287227613,-9.80976210334008e-05,0.0023216102804485953
mix_02_func_calls,reassociate,adce,0.0,-0.023323208996431734,-0.0003988831272437174,-0.03874368287227607,-8.90819740607499e-05,0.0023216102804485953
mix_02_func_calls,reassociate,licm,0.0,-0.023323208996431734,0.0,-0.038347239031140706,0.0001106275390040172,0.0023216102804485953
mix_02_func_calls,reassociate,loop-rotate,0.0,-0.023323208996431734,0.0,-0.038339749139315454,0.00024238316954226875,0.0038002469353262004
mix_02_func_calls,reassociate,loop-unroll,0.0,-0.023323208996431734,0.0,-0.03836356199265492,0.00012694263303601863,0.0023216102804485953
mix_02_func_calls,licm,mem2reg,-0.0202020202020202,-0.023323208996431734,-0.038280478992275456,-0.07662407424709948,-0.03551485593666578,-0.022771050685596643
mix_02_func_calls,licm,sroa,-0.0202020202020202,-0.023323208996431734,-0.038280478992275456,-0.07662426349546435,-0.037124934140511164,-0.038885976609414015
mix_02_func_calls,licm,instcombine,0.0808080808080807,-0.023323208996431734,0.2147860974985436,0.17637408131359,0.2268185930969835,0.21838299929425095
mix_02_func_calls,licm,simplifycfg,0.0,-0.023323208996431734,0.010879011852055864,-0.027465354095891795,0.01566677230376469,0.008441785864748667
mix_02_func_calls,licm,early-cse,0.0202020202020201,-0.023323208996431734,0.06476330360943545,0.02639691967220267,0.051528031014003856,0.03533721530684263
mix_02_func_calls,licm,gvn,0.0,-0.023323208996431734,0.04063247049101594,0.0022689222741030766,0.034889823950580046,0.02631810480795949
mix_02_func_calls,licm,dce,0.0,-0.023323208996431734,0.0,-0.038342413492566424,0.0001769806446711113,0.0023216102804485953
mix_02_func_calls,licm,adce,0.0,-0.023323208996431734,0.0,-0.038342413492566424,0.0003360206678348715,0.0023216102804485953
mix_02_func_calls,licm,reassociate,0.0,-0.023323208996431734,0.0,-0.03834233055254768,0.0002707941573119075,0.0023216102804485953
mix_02_func_calls,licm,loop-rotate,-0.0101010101010101,-0.023323208996431734,0.0018581702688011265,-0.036479669481910254,-0.006688946937661864,-0.004109856194092323
mix_02_func_calls,licm,loop-unroll,0.0,-0.023323208996431734,-0.08904360618538727,-0.12737555403090356,-0.054908801424665865,-0.0474662514295352
mix_02_func_calls,loop-rotate,mem2reg,0.0,-0.023323208996431734,0.009992500868604062,-0.028365698671453197,-0.0011846798106876367,0.002420491796995308
mix_02_func_calls,loop-rotate,sroa,0.0,-0.023323208996431734,0.009992500868604062,-0.028365887919817954,-0.0015548059135357798,0.0035973100319842293
mix_02_func_calls,loop-rotate,instcombine,0.0202020202020201,-0.023323208996431734,0.05915651509175768,0.020796525622778474,0.03371409208409173,0.038896984852301496
mix_02_func_calls,loop-rotate,simplifycfg,0.0202020202020202,-0.023323208996431734,0.058904115705243204,0.02054522647264603,0.03673855200922123,0.035525136998758575
mix_02_func_calls,loop-rotate,early-cse,0.0202020202020201,-0.023323208996431734,0.05898847051367047,0.020625143961810113,0.03572291845003606,0.03337376529055482
mix_02_func_calls,loop-rotate,gvn,0.0,-0.023323208996431734,0.009940269899016143,-0.02841207846915692,-0.00012881404180288943,0.006819819920489716
mix_02_func_calls,loop-rotate,dce,0.0,-0.023323208996431734,0.0,-0.038341243199277036,-0.0021480488593260596,0.007983912310083168
mix_02_func_calls,loop-rotate,adce,0.0,-0.023323208996431734,0.0,-0.038341243199277036,-0.0021179394674475326,0.0080115352543384
mix_02_func_calls,loop-rotate,reassociate,0.0,-0.023323208996431734,0.0,-0.03834116025925832,-0.0021403870122074647,0.008402258504664977
mix_02_func_calls,loop-rotate,licm,0.0,-0.023323208996431734,0.012489742929383743,-0.025857890590677727,0.01046205852749032,0.009902959213176053
mix_02_func_calls,loop-rotate,loop-unroll,0.0,-0.023323208996431734,0.0007233477605986784,-0.0376367637144111,-0.0016170903338375315,0.008681592161206682
mix_02_func_calls,loop-unroll,mem2reg,0.0,-0.023323208996431734,0.0,-0.03835942569762449,0.00011787366140029375,-0.004523583528553976
mix_02_func_calls,loop-unroll,sroa,0.0,-0.023323208996431734,0.0,-0.03835961494598933,0.00010217235143635201,-0.004515140493939858
mix_02_func_calls,loop-unroll,instcombine,0.0,-0.023323208996431734,0.0,-0.038345149877030194,5.907219107309073e-05,0.0023216102804485953
mix_02_func_calls,loop-unroll,simplifycfg,0.0,-0.023323208996431734,0.0007233477605986784,-0.037621020733371535,0.0012538909284662187,0.008441785864748667
mix_02_func_calls,loop-unroll,early-cse,0.0,-0.023323208996431734,0.0,-0.0383485418732894,4.252433320765375e-05,0.0014926708448804711
mix_02_func_calls,loop-unroll,gvn,0.0,-0.023323208996431734,0.0,-0.038353591593705355,7.356158265031283e-05,-0.0014907522772440497
mix_02_func_calls,loop-unroll,dce,0.0,-0.023323208996431734,0.0,-0.03834573469265001,5.6086702790111864e-05,0.0023216102804485953
mix_02_func_calls,loop-unroll,adce,0.0,-0.023323208996431734,0.0,-0.03834573469265001,5.243088837159734e-05,0.0023216102804485953
mix_02_func_calls,loop-unroll,reassociate,0.0,-0.023323208996431734,0.0,-0.0383456517526313,6.825038199130542e-06,0.0023216102804485953
mix_02_func_calls,loop-unroll,licm,0.0,-0.023323208996431734,0.0007233477605986784,-0.03762493224627009,0.0012030803282766012,0.0023216102804485953
mix_02_func_calls,loop-unroll,loop-rotate,0.0,-0.023323208996431734,0.0007233477605986784,-0.03761744235444475,0.001091649561479477,0.0038002469353262004
mix_03_combined,mem2reg,sroa,-0.3,-0.02331474871129161,-0.42975989618991034,-0.41856059100444915,-0.3198506213155833,-0.3313992267487911
mix_03_combined,mem2reg,instcombine,-0.0785714285714285,-0.02331474871129161,-0.1477155026137928,-0.1365939133004277,-0.1313919223948272,-0.1225870442635807
mix_03_combined,mem2reg,simplifycfg,0.0571428571428571,-0.02331474871129161,0.02511766003762111,0.036184154041508765,0.029837914424917608,0.023682671574860988
mix_03_combined,mem2reg,early-cse,-0.0642857142857143,-0.02331474871129161,-0.06622752063752445,-0.05513574120726497,-0.0494907963870644,-0.03524118625912185
mix_03_combined,mem2reg,gvn,-0.1071428571428571,-0.02331474871129161,-0.1635902570890427,-0.1524717754993461,-0.1334562681105368,-0.10323221910423526
mix_03_combined,mem2reg,dce,0.0,-0.02331474871129161,0.001811594202898548,0.012884124069928185,0.0002621654171471394,0.0025947750968644693
mix_03_combined,mem2reg,adce,0.0,-0.02331474871129161,0.001811594202898548,0.012884124069928185,0.0005699850163143977,0.0025947750968644693
mix_03_combined,mem2reg,reassociate,0.0,-0.02331474871129161,0.0064689308094708605,0.017540036797491443,0.0014561731299698052,0.0025947750968644693
mix_03_combined,mem2reg,licm,0.0,-0.02331474871129161,0.015336433968603269,0.026402279855054722,0.004860350414240444,0.018694818714819303
mix_03_combined,mem2reg,loop-rotate,0.1285714285714285,-0.02331474871129161,0.0802942744481111,0.09134608921450701,0.08348880826548019,0.09752011284421164
mix_03_combined,mem2reg,loop-unroll,-0.8928571428571429,-0.02331474871129161,-0.31094877947684596,-0.299790838592403,-0.2787990867468495,-0.18816676409708508
mix_03_combined,sroa,mem2reg,-0.3,-0.02331474871129161,-0.42975989618991034,-0.41856044905992157,-0.320003158467615,-0.32126796393199475
mix_03_combined,sroa,instcombine,-0.0785714285714285,-0.02331474871129161,-0.14802606162000398,-0.13690441812642773,-0.13160146592070812,-0.1290757253070511
mix_03_combined,sroa,simplifycfg,0.0571428571428571,-0.02331474871129161,0.02511766003762111,0.03618410673767128,0.02870361983745605,0.02087948162105733
mix_03_combined,sroa,early-cse,-0.0642857142857143,-0.02331474871129161,-0.06778031566858035,-0.05668807612191572,-0.05412885749178566,-0.0445470219468225
mix_03_combined,sroa,gvn,-0.1071428571428571,-0.02331474871129161,-0.16576417013252098,-0.15464502545832226,-0.13506761165395653,-0.11844073228247916
mix_03_combined,sroa,dce,0.0,-0.02331474871129161,0.0021221532091097264,0.013194534288253318,0.0002581385352883185,0.0009220779350348632
mix_03_combined,sroa,adce,0.0,-0.02331474871129161,0.0021221532091097264,0.013194534288253387,0.00010279673923460958,0.0009220779350348632
mix_03_combined,sroa,reassociate,0.0,-0.02331474871129161,0.0074006078281044,0.018471362060141952,0.0006164525704077488,0.0010257846974747846
mix_03_combined,sroa,licm,0.0,-0.02331474871129161,0.015336433968603269,0.02640223255121721,0.010063010152141692,0.018104058205107222
mix_03_combined,sroa,loop-rotate,0.1285714285714285,-0.02331474871129161,0.0802942744481111,0.09134604191066945,0.08907645500857854,0.08834688177178897
mix_03_combined,sroa,loop-unroll,-0.8928571428571429,-0.02331474871129161,-0.31094877947684596,-0.29979088589624053,-0.28508991691753105,-0.23684091799494664
mix_03_combined,instcombine,mem2reg,-0.0785714285714285,-0.02331474871129161,-0.14981095719469573,-0.13869193008213193,-0.13300844286502794,-0.11211343479552438
mix_03_combined,instcombine,sroa,-0.0785714285714285,-0.02331474871129161,-0.1538482242754411,-0.1427280671186116,-0.13059795016704623,-0.12389943122173697
mix_03_combined,instcombine,simplifycfg,0.0214285714285714,-0.02331474871129161,0.009999027814052291,0.021081476275178604,0.013818031263626643,0.005973114697469825
mix_03_combined,instcombine,early-cse,-0.0428571428571428,-0.02331474871129161,-0.05045320319255008,-0.0393555644610114,-0.03853946134028538,-0.02658918052189484
mix_03_combined,instcombine,gvn,-0.0428571428571428,-0.02331474871129161,-0.07188030966155236,-0.06078078291217848,-0.049852010281872194,-0.04811193654832934
mix_03_combined,instcombine,dce,0.0,-0.02331474871129161,-0.0003988831272437174,0.010685383087773129,-2.008078299724844e-06,0.0013971958425006428
mix_03_combined,instcombine,adce,0.0,-0.02331474871129161,-0.0003988831272437174,0.010685383087773156,2.381844656828974e-05,0.0013971958425006428
mix_03_combined,instcombine,reassociate,-0.0071428571428571,-0.02331474871129161,-0.0019215144244542042,0.00916334739303687,-0.0005021530227789461,0.0013971958425006428
mix_03_combined,instcombine,licm,0.0071428571428571,-0.02331474871129161,-0.0017648495257159738,0.009317598706052269,-0.009429657369063402,0.0013971958425006428
mix_03_combined,instcombine,loop-rotate,0.1428571428571428,-0.02331474871129161,0.1027512544466898,0.11380674476300905,0.11469157230461569,0.1074736044310135
mix_03_combined,instcombine,loop-unroll,0.0,-0.02331474871129161,0.0,0.011067343477587852,0.00030869802059273427,0.0007912766965077792
mix_03_combined,simplifycfg,mem2reg,0.0,-0.02331474871129161,0.002893391042394726,0.013967456904505973,0.0012434447596686418,-0.0025496350202497864
mix_03_combined,simplifycfg,sroa,0.0,-0.02331474871129161,0.002893391042394726,0.013967267656141064,0.0014934837896472338,-0.003430482178171421
mix_03_combined,simplifycfg,instcombine,0.0142857142857142,-0.02331474871129161,0.007458493953008587,0.018545328998828242,0.004425035145433314,0.004213503373478908
mix_03_combined,simplifycfg,early-cse,0.0,-0.02331474871129161,0.0016641575631243261,0.012749704722794783,0.001235074845490731,0.0019155340263338348
mix_03_combined,simplifycfg,gvn,-0.0357142857142857,-0.02331474871129161,-0.022297203161739432,-0.011208939844083901,-0.02648073267124036,-0.013691343988900704
mix_03_combined,simplifycfg,dce,0.0,-0.02331474871129161,0.0,0.011089075136732796,8.231791394881815e-05,0.0026697663371615258
mix_03_combined,simplifycfg,adce,0.0,-0.02331474871129161,0.0,0.011089075136732754,2.7272042389185243e-05,0.0026697663371615258
mix_03_combined,simplifycfg,reassociate,0.0,-0.02331474871129161,0.0,0.011089173175828276,8.231791394881815e-05,0.0026697663371615258
mix_03_combined,simplifycfg,licm,0.0,-0.02331474871129161,0.005439081541109614,0.016524114950309005,0.015509328753789076,0.0033732573795633575
mix_03_combined,simplifycfg,loop-rotate,0.0,-0.02331474871129161,-0.0004221190375685913,0.01067202540122679,-2.924290273435567e-05,0.0069557804469616595
mix_03_combined,simplifycfg,loop-unroll,0.0,-0.02331474871129161,0.000301228723030087,0.011373413033706814,0.0009905293403774196,0.0020638471911686614
mix_03_combined,early-cse,mem2reg,-0.0642857142857142,-0.02331474871129161,-0.07806842785562927,-0.06697374776950821,-0.06150129864552922,-0.04800835261641468
mix_03_combined,early-cse,sroa,-0.0642857142857142,-0.02331474871129161,-0.08179513593016342,-0.07069942728382507,-0.07145596167402529,-0.06036049542900703
mix_03_combined,early-cse,instcombine,-0.0428571428571428,-0.02331474871129161,-0.04195710781847458,-0.03085996717845379,-0.03525619620921982,-0.026072668784382972
mix_03_combined,early-cse,simplifycfg,0.0071428571428571,-0.02331474871129161,0.0035434752528260565,0.014627130150063228,-0.00012590945493074203,-0.003470977218132156
mix_03_combined,early-cse,gvn,-0.0857142857142857,-0.02331474871129161,-0.10191240630105562,-0.09080396880465111,-0.10431927393050201,-0.09206717126738097
mix_03_combined,early-cse,dce,0.0071428571428571,-0.02331474871129161,0.0041928018784066655,0.01527466452830871,-0.0005648425748016471,-0.0035205085695084962
mix_03_combined,early-cse,adce,0.0071428571428571,-0.02331474871129161,0.0041928018784066655,0.015274664528308696,-0.0007237928628323701,-0.0030021999136340747
mix_03_combined,early-cse,reassociate,0.0,-0.02331474871129161,0.002636444716268265,0.013718913989536674,-0.0006390837202078669,-0.004472274949627932
mix_03_combined,early-cse,licm,-0.0642857142857142,-0.02331474871129161,-0.05077035095831198,-0.03967279187617186,-0.07883459214612952,-0.059887393621134315
mix_03_combined,early-cse,loop-rotate,-0.0285714285714285,-0.02331474871129161,-0.024755471629846898,-0.013659217940029243,-0.03758946136094528,-0.022188174627145316
mix_03_combined,early-cse,loop-unroll,0.0,-0.02331474871129161,-0.0017864485566434303,0.009280575593616433,-0.002288930588635025,-0.008434639885069152
mix_03_combined,gvn,mem2reg,-0.1071428571428571,-0.02331474871129161,-0.1696130454555296,-0.1584951338481459,-0.13380108545331298,-0.13375244945148013
mix_03_combined,gvn,sroa,-0.1071428571428571,-0.02331474871129161,-0.17396087154248613,-0.1628417284067883,-0.14530211675107355,-0.13478157183588127
mix_03_combined,gvn,instcombine,0.0928571428571428,-0.02331474871129161,0.10126457009705715,0.11230822564847463,0.07111039813674891,0.07420697693133171
mix_03_combined,gvn,simplifycfg,-0.0357142857142857,-0.02331474871129161,-0.018753727908913376,-0.007669470066061161,-0.02723788844542325,-0.012635545853480977
mix_03_combined,gvn,early-cse,-0.0928571428571428,-0.02331474871129161,-0.10202261758451125,-0.09091571347464503,-0.11077479812059818,-0.09251586087720336
mix_03_combined,gvn,dce,0.0,-0.02331474871129161,0.002694965072336522,0.013770633879282887,0.004618090221163081,-0.003905535598953149
mix_03_combined,gvn,adce,0.0,-0.02331474871129161,0.002694965072336522,0.013770633879282915,0.005123491784773598,-0.0036984161897769857
mix_03_combined,gvn,reassociate,-0.0071428571428571,-0.02331474871129161,0.0021953516779393343,0.01327128178696492,0.004793233850291235,-0.004090472495947826
mix_03_combined,gvn,licm,-0.1285714285714285,-0.02331474871129161,-0.1412343774253979,-0.1301139399360914,-0.17790485098368017,-0.16294269327991043
mix_03_combined,gvn,loop-rotate,0.1285714285714285,-0.02331474871129161,0.0770353970716194,0.08809170437616451,0.09270058781003505,0.08109958641340179
mix_03_combined,gvn,loop-unroll,-0.9714285714285714,-0.02331474871129161,-0.3639712570149961,-0.3527925619110129,-0.3577467954704783,-0.2247435538545899
mix_03_combined,dce,mem2reg,0.0,-0.02331474871129161,0.0,0.011074944020745034,-1.8819101387908716e-05,-0.00354893225553114
mix_03_combined,dce,sroa,0.0,-0.02331474871129161,0.0,0.011074754772380055,-3.911336825751805e-05,-0.0042379169372738935
mix_03_combined,dce,instcombine,0.0,-0.02331474871129161,-0.0003988831272437174,0.010690452201797165,-1.8819101387908716e-05,0.004213503373478908
mix_03_combined,dce,simplifycfg,0.0,-0.02331474871129161,0.0,0.011090587858253745,0.00017073961537076665,0.007245685192130707
mix_03_combined,dce,early-cse,0.0,-0.02331474871129161,-0.0003988831272437174,0.010687270850304964,-1.8819101387908716e-05,0.0019155340263338348
mix_03_combined,dce,gvn,0.0,-0.02331474871129161,0.0,0.011080909728271124,-1.8819101387908716e-05,-0.0015871060589171806
mix_03_combined,dce,adce,0.0,-0.02331474871129161,-0.0003988831272437174,0.01069025501622839,1.9105835208805898e-06,0.0026697663371615258
mix_03_combined,dce,reassociate,0.0,-0.02331474871129161,-0.0003988831272437174,0.010690353055323912,-1.8819101387908716e-05,0.0026697663371615258
mix_03_combined,dce,licm,0.0,-0.02331474871129161,0.0,0.011086743445102479,0.00045500660416460847,0.0026697663371615258
mix_03_combined,dce,loop-rotate,0.0,-0.02331474871129161,0.0,0.01109393915956694,0.0005951213701145757,0.0069557804469616595
mix_03_combined,dce,loop-unroll,0.0,-0.02331474871129161,0.0,0.011072215406043126,0.00028318052984285894,0.0020638471911686614
mix_03_combined,adce,mem2reg,0.0,-0.02331474871129161,0.0,0.011074944020745034,0.0,-0.00354893225553114
mix_03_combined,adce,sroa,0.0,-0.02331474871129161,0.0,0.011074754772380138,-2.0294266869609333e-05,-0.0042379169372738935
mix_03_combined,adce,instcombine,0.0,-0.02331474871129161,-0.0003988831272437174,0.010690452201797165,-3.363914373088683e-05,0.004213503373478908
mix_03_combined,adce,simplifycfg,0.0,-0.02331474871129161,0.0,0.011090587858253717,0.00020087446219053736,0.007245685192130707
mix_03_combined,adce,early-cse,0.0,-0.02331474871129161,-0.0003988831272437174,0.010687270850304936,0.0,0.0019155340263338348
mix_03_combined,adce,gvn,0.0,-0.02331474871129161,0.0,0.011080909728271138,0.0,-0.0015871060589171806
mix_03_combined,adce,dce,0.0,-0.02331474871129161,-0.0003988831272437174,0.010690255016228334,0.0,0.0026697663371615258
mix_03_combined,adce,reassociate,0.0,-0.02331474871129161,-0.0003988831272437174,0.010690353055323912,0.0,0.0026697663371615258
mix_03_combined,adce,licm,0.0,-0.02331474871129161,0.0,0.011086743445102479,0.00044749710391239994,0.0026697663371615258
mix_03_combined,adce,loop-rotate,0.0,-0.02331474871129161,0.0,0.011093939159566954,0.0006160435365342036,0.0069557804469616595
mix_03_combined,adce,loop-unroll,0.0,-0.02331474871129161,0.0,0.011072215406043098,0.0003115521308558402,0.0020638471911686614
mix_03_combined,reassociate,mem2reg,0.0,-0.02331474871129161,0.0,0.01107494148988171,-1.5290519877675832e-05,-0.00354893225553114
mix_03_combined,reassociate,sroa,0.0,-0.02331474871129161,0.0,0.01107475224151687,-3.558478674728516e-05,-0.0042379169372738935
mix_03_combined,reassociate,instcombine,-0.0071428571428571,-0.02331474871129161,-0.0003869875702342565,0.010702341340729477,-2.9506649398966586e-05,0.004213503373478908
mix_03_combined,reassociate,simplifycfg,0.0,-0.02331474871129161,0.0,0.01109058532739042,0.0001525761981590131,0.007245685192130707
mix_03_combined,reassociate,early-cse,-0.0071428571428571,-0.02331474871129161,-0.0008925487431361826,0.010193764022925877,-0.00034317525459796335,0.0019155340263338348
mix_03_combined,reassociate,gvn,-0.0071428571428571,-0.02331474871129161,1.784333551418696e-05,0.01109874470210119,0.00014804737341917793,-0.0015871060589171806
mix_03_combined,reassociate,dce,0.0,-0.02331474871129161,-0.0003988831272437174,0.010690252485365093,-1.5290519877675832e-05,0.0026697663371615258
mix_03_combined,reassociate,adce,0.0,-0.02331474871129161,-0.0003988831272437174,0.010690252485365037,5.439165031113473e-06,0.0026697663371615258
mix_03_combined,reassociate,licm,0.0,-0.02331474871129161,0.0,0.011086740914239154,0.00041002218439549346,0.0026697663371615258
mix_03_combined,reassociate,loop-rotate,0.0,-0.02331474871129161,0.0,0.011093936628703657,0.000621482701565317,0.0069557804469616595
mix_03_combined,reassociate,loop-unroll,0.0,-0.02331474871129161,0.0,0.011072212875179843,0.00029923657886481235,0.0020638471911686614
mix_03_combined,licm,mem2reg,-0.0428571428571428,-0.02331474871129161,-0.03729547365944404,-0.02620591758317694,-0.0754936603612347,-0.06983486380869892
mix_03_combined,licm,sroa,-0.0428571428571428,-0.02331474871129161,-0.03729547365944404,-0.026206106831541807,-0.07605482813824802,-0.06004511713447297
mix_03_combined,licm,instcombine,0.1785714285714285,-0.02331474871129161,0.21053551716100677,0.22155834832590626,0.20395867399027276,0.1857672316926401
mix_03_combined,licm,simplifycfg,0.0357142857142857,-0.02331474871129161,0.009326216820999966,0.020416181762344873,0.012073060796203785,0.007245685192130707
mix_03_combined,licm,early-cse,0.0357142857142857,-0.02331474871129161,0.0640888572828152,0.07515636273600794,0.06122622791313116,0.057884025722074135
mix_03_combined,licm,gvn,0.0214285714285714,-0.02331474871129161,0.0397007934723824,0.05077115452101269,0.03247445613005189,0.036561481539527575
mix_03_combined,licm,dce,0.0,-0.02331474871129161,0.0,0.01109143248849237,-0.0002781410046856271,0.0026697663371615258
mix_03_combined,licm,adce,0.0,-0.02331474871129161,0.0,0.011091432488492384,-0.0002574113197768378,0.0026697663371615258
mix_03_combined,licm,reassociate,0.0,-0.02331474871129161,0.0,0.011091530527587892,-0.0002781410046856271,0.0026697663371615258
mix_03_combined,licm,loop-rotate,-0.0214285714285714,-0.02331474871129161,0.0023506729352168352,0.013446268636592498,-0.0006500943186294435,0.008505692222412311
mix_03_combined,licm,loop-unroll,0.0,-0.02331474871129161,-0.08904360618538727,-0.07793986853965108,-0.029949634060736995,0.014618460401423297
mix_03_combined,loop-rotate,mem2reg,0.0214285714285714,-0.02331474871129161,0.009060823849970522,0.020136313334234116,0.023099030725835135,0.007013297422076279
mix_03_combined,loop-rotate,sroa,0.0214285714285714,-0.02331474871129161,0.009060823849970522,0.020136124085869192,0.02413969144015917,0.00548205944994925
mix_03_combined,loop-rotate,instcombine,0.0714285714285714,-0.02331474871129161,0.056929273734081534,0.06800338179338823,0.07212974170450706,0.06653198243602992
mix_03_combined,loop-rotate,simplifycfg,0.0714285714285714,-0.02331474871129161,0.05667687434756707,0.06775244776129823,0.0738957074095198,0.0633360350489349
mix_03_combined,loop-rotate,early-cse,0.0785714285714285,-0.02331474871129161,0.05645067014978315,0.06752175325502423,0.05805707890710988,0.056729778260997184
mix_03_combined,loop-rotate,gvn,0.0214285714285714,-0.02331474871129161,0.009008592880382605,0.020090065140137295,0.02413443388619954,0.008132870328305968
mix_03_combined,loop-rotate,dce,0.0,-0.02331474871129161,0.0,0.01109251414416651,0.0008943472979955973,0.009315374579288254
mix_03_combined,loop-rotate,adce,0.0,-0.02331474871129161,0.0,0.011092514144166524,0.0008116777500653463,0.009398700737640753
mix_03_combined,loop-rotate,reassociate,0.0,-0.02331474871129161,0.0,0.011092612183262032,0.0009449197327142829,0.00981596649514869
mix_03_combined,loop-rotate,licm,0.0,-0.02331474871129161,0.012489742929383743,0.023575911340504394,0.018504361549314303,0.012389742724384674
mix_03_combined,loop-rotate,loop-unroll,0.0,-0.02331474871129161,0.0007233477605986784,0.011798833139225903,0.0025633823838806585,0.010585602823529758
mix_03_combined,loop-unroll,mem2reg,0.0,-0.02331474871129161,0.0,0.011074208708148792,0.00017119629481591843,-0.00354893225553114
mix_03_combined,loop-unroll,sroa,0.0,-0.02331474871129161,0.0,0.01107401945978391,0.0001509020279463091,-0.0042379169372738935
mix_03_combined,loop-unroll,instcombine,0.0,-0.02331474871129161,0.0,0.011088469669960285,0.00013103015304769558,0.004213503373478908
mix_03_combined,loop-unroll,simplifycfg,0.0,-0.02331474871129161,0.0007233477605986784,0.011812963931661508,0.0017526982008271,0.007245685192130707
mix_03_combined,loop-unroll,early-cse,0.0,-0.02331474871129161,0.0,0.011085288318468112,0.00015875848387064491,0.0019155340263338348
mix_03_combined,loop-unroll,gvn,0.0,-0.02331474871129161,0.0,0.011080174415674923,0.00015875848387064491,-0.0010864276274766835
mix_03_combined,loop-unroll,dce,0.0,-0.02331474871129161,0.0,0.011088272484391495,0.00014632067292537143,0.0026697663371615258
mix_03_combined,loop-unroll,adce,0.0,-0.02331474871129161,0.0,0.011088272484391481,0.00017948816877943422,0.0026697663371615258
mix_03_combined,loop-unroll,reassociate,0.0,-0.02331474871129161,0.0,0.011088370523487032,0.00017119629481591843,0.0026697663371615258
mix_03_combined,loop-unroll,licm,0.0,-0.02331474871129161,0.0007233477605986784,0.011809119518510214,0.002104451517061721,0.0026697663371615258
mix_03_combined,loop-unroll,loop-rotate,0.0,-0.02331474871129161,0.0007233477605986784,0.011816315232974661,0.0020076511794504853,0.0069557804469616595
mix_04_bubble_sort,mem2reg,sroa,-0.3656716417910448,-0.023613509003562606,-0.42690460741638664,-0.4310064426434493,-0.3201097362614018,-0.3502078143835209
mix_04_bubble_sort,mem2reg,instcombine,-0.1641791044776119,-0.023613509003562606,-0.1439934297483066,-0.14817325611100557,-0.09484951862171817,-0.0914331562080978
mix_04_bubble_sort,mem2reg,simplifycfg,0.0149253731343283,-0.023613509003562606,0.026953202820600628,0.022718850021033448,0.04179595784691508,0.030150558083134046
mix_04_bubble_sort,mem2reg,early-cse,-0.0671641791044776,-0.023613509003562606,-0.0661023699932304,-0.07031095198045326,-0.05301671402051666,-0.04845593456979657
mix_04_bubble_sort,mem2reg,gvn,-0.1492537313432835,-0.023613509003562606,-0.16175934951511114,-0.16594174575473564,-0.1454326772017622,-0.136164096397369
mix_04_bubble_sort,mem2reg,dce,0.0,-0.023613509003562606,0.001811594202898548,-0.0024162204903160206,1.9530175094565535e-07,-0.001875984139533567
mix_04_bubble_sort,mem2reg,adce,0.0,-0.023613509003562606,0.001811594202898548,-0.002416220490315979,0.0002279426698113197,-0.001875984139533567
mix_04_bubble_sort,mem2reg,reassociate,0.0,-0.023613509003562606,0.0064689308094708605,0.002239677138170748,0.0017070823484188612,-0.001691139007391039
mix_04_bubble_sort,mem2reg,licm,0.044776119402985,-0.023613509003562606,0.013389646168473485,0.009155712499148722,-0.0048896333200608676,-0.0003090995588544594
mix_04_bubble_sort,mem2reg,loop-rotate,0.0820895522388059,-0.023613509003562606,0.08231522559300773,0.07806615204734223,0.08193924779804536,0.032899300752000926
mix_04_bubble_sort,mem2reg,loop-unroll,-0.3134328358208955,-0.023613509003562606,-0.33614114065233497,-0.3402765248874711,-0.3804141698154164,-0.3348934983061063
mix_04_bubble_sort,sroa,mem2reg,-0.3656716417910448,-0.023613509003562606,-0.42690460741638664,-0.4310063006989218,-0.3094315338707069,-0.3462057291005635
mix_04_bubble_sort,sroa,instcombine,-0.1641791044776119,-0.023613509003562606,-0.14430398875451775,-0.14848376093700566,-0.09577796476788006,-0.08855100139046558
mix_04_bubble_sort,sroa,simplifycfg,0.0149253731343283,-0.023613509003562606,0.026953202820600628,0.022718802717195907,0.04077775225733018,0.026766770281639478
mix_04_bubble_sort,sroa,early-cse,-0.0671641791044776,-0.023613509003562606,-0.0676551650242863,-0.07186328689510409,-0.055536550384041705,-0.048528394818395715
mix_04_bubble_sort,sroa,gvn,-0.1492537313432835,-0.023613509003562606,-0.1639332625585894,-0.1681149957137118,-0.15062430729282097,-0.13776646428390854
mix_04_bubble_sort,sroa,dce,0.0,-0.023613509003562606,0.0021221532091097264,-0.002105810271990749,0.00034799556706075553,-0.00462190715627037
mix_04_bubble_sort,sroa,adce,0.0,-0.023613509003562606,0.0021221532091097264,-0.0021058102719908045,0.00036585270991789835,-0.00462190715627037
mix_04_bubble_sort,sroa,reassociate,0.0,-0.023613509003562606,0.0074006078281044,0.003171002400821313,0.0012098217631861384,-0.0014278107730947608
mix_04_bubble_sort,sroa,licm,0.044776119402985,-0.023613509003562606,0.013389646168473485,0.009155665195311236,-0.0017846373570649294,0.0016092750558346317
mix_04_bubble_sort,sroa,loop-rotate,0.0820895522388059,-0.023613509003562606,0.08231522559300773,0.0780661047435046,0.07844958011709896,0.04231324912423138
mix_04_bubble_sort,sroa,loop-unroll,-0.3134328358208955,-0.023613509003562606,-0.33614114065233497,-0.3402765721913084,-0.42544261303569747,-0.3684538415393778
mix_04_bubble_sort,instcombine,mem2reg,-0.1641791044776119,-0.023613509003562606,-0.14608888432920952,-0.15027086503284492,-0.09561230132738162,-0.09248558439078675
mix_04_bubble_sort,instcombine,sroa,-0.1641791044776119,-0.023613509003562606,-0.15012615140995483,-0.15430700206932446,-0.0913861654603811,-0.09261655286539915
mix_04_bubble_sort,instcombine,simplifycfg,0.0074626865671641,-0.023613509003562606,0.010606240199330869,0.006388659091979679,0.017602601568571033,0.006463305504633067
mix_04_bubble_sort,instcombine,early-cse,-0.0373134328358208,-0.023613509003562606,-0.05069423406304235,-0.05489642124584529,-0.03948599181780282,-0.029255555638661623
mix_04_bubble_sort,instcombine,gvn,-0.0746268656716417,-0.023613509003562606,-0.0704990173652698,-0.07469980567770383,-0.04605569207590477,-0.03928916551390628
mix_04_bubble_sort,instcombine,dce,0.0,-0.023613509003562606,-0.0003988831272437174,-0.004614545629625794,-0.00025608494627740714,0.00020568765322341823
mix_04_bubble_sort,instcombine,adce,0.0,-0.023613509003562606,-0.0003988831272437174,-0.00461454562962578,-0.00017737517490708533,0.00020568765322341823
mix_04_bubble_sort,instcombine,reassociate,0.0,-0.023613509003562606,-0.0022320734306653825,-0.00644705394560155,-0.002509970615828627,0.00020568765322341823
mix_04_bubble_sort,instcombine,licm,-0.0223880597014925,-0.023613509003562606,-0.00048089661943990423,-0.004698867837644449,-0.0037332594464875818,0.00020568765322341823
mix_04_bubble_sort,instcombine,loop-rotate,0.0970149253731343,-0.023613509003562606,0.10474439433729887,0.10049942127252558,0.1070092124375869,0.08151744994308245
mix_04_bubble_sort,instcombine,loop-unroll,0.0,-0.023613509003562606,0.0,-0.004233798124570851,0.0004093870086140273,-0.0005932101845776967
mix_04_bubble_sort,simplifycfg,mem2reg,0.0,-0.023613509003562606,0.002893391042394726,-0.0013325590214206956,0.002189397898048188,-0.006008262888473477
mix_04_bubble_sort,simplifycfg,sroa,0.0,-0.023613509003562606,0.002893391042394726,-0.0013327482697855358,0.002464093243215135,-0.005781038461595986
mix_04_bubble_sort,simplifycfg,instcombine,0.0,-0.023613509003562606,0.008079611965430942,0.003866236100207379,0.009728854604264108,0.0012370213463500388
mix_04_bubble_sort,simplifycfg,early-cse,0.0,-0.023613509003562606,0.0016641575631243261,-0.0025504243589078435,0.0023648852415808224,0.00043923177338644765
mix_04_bubble_sort,simplifycfg,gvn,-0.0298507462686567,-0.023613509003562606,-0.022552139659375477,-0.026763881122536984,-0.02351538678635406,-0.01822465746453048
mix_04_bubble_sort,simplifycfg,dce,0.0,-0.023613509003562606,0.0,-0.0042110779842884916,0.0007328383318630041,0.0010043034617564792
mix_04_bubble_sort,simplifycfg,adce,0.0,-0.023613509003562606,0.0,-0.004211077984288353,0.0012687346475758331,0.0010043034617564792
mix_04_bubble_sort,simplifycfg,reassociate,0.0,-0.023613509003562606,0.0,-0.004210995044269611,0.0008654180610023661,0.0010043034617564792
mix_04_bubble_sort,simplifycfg,licm,0.0522388059701492,-0.023613509003562606,0.0031678291076248657,-0.0010466195716185706,0.012990319935943073,0.0010043034617564792
mix_04_bubble_sort,simplifycfg,loop-rotate,0.0,-0.023613509003562606,-0.0004221190375685913,-0.004628011067953033,0.0005902733542185339,0.009030649438050592
mix_04_bubble_sort,simplifycfg,loop-unroll,0.0074626865671641,-0.023613509003562606,-2.3235910324873903e-05,-0.004252311577318646,0.0009927926040422743,0.00020540562395536345
mix_04_bubble_sort,early-cse,mem2reg,-0.0820895522388059,-0.023613509003562606,-0.0772943479446253,-0.08149982076089214,-0.07295222724871854,-0.06788947910440905
mix_04_bubble_sort,early-cse,sroa,-0.0820895522388059,-0.023613509003562606,-0.08102105601915943,-0.08522550027520907,-0.07545342495518534,-0.06673893436353896
mix_04_bubble_sort,early-cse,instcombine,-0.0373134328358208,-0.023613509003562606,-0.042198138688966845,-0.04640081125183716,-0.036601810788573545,-0.0327679357596786
mix_04_bubble_sort,early-cse,simplifycfg,0.0,-0.023613509003562606,0.003854034259037235,-0.0003623518995227032,0.001866447913325396,-0.00351194391996754
mix_04_bubble_sort,early-cse,gvn,-0.1194029850746268,-0.023613509003562606,-0.10044768024191036,-0.10463969349899159,-0.09237363127459737,-0.08389451447712026
mix_04_bubble_sort,early-cse,dce,0.0,-0.023613509003562606,0.004503360884617844,0.00028508490576657775,0.00010718863992238044,-0.0048634637143856055
mix_04_bubble_sort,early-cse,adce,0.0,-0.023613509003562606,0.004503360884617844,0.0002850849057666055,9.250662505545015e-05,-0.004402776358872449
mix_04_bubble_sort,early-cse,reassociate,0.0,-0.023613509003562606,0.002636444716268265,-0.0015811382542449265,-0.00011874325269593029,-0.006225214398624386
mix_04_bubble_sort,early-cse,licm,-0.0895522388059701,-0.023613509003562606,-0.049671806413953024,-0.05387471462160029,-0.07076201847678819,-0.054326148400955475
mix_04_bubble_sort,early-cse,loop-rotate,-0.0373134328358208,-0.023613509003562606,-0.024375384487916797,-0.02857917549532045,-0.031082298412000973,-0.01782391915467309
mix_04_bubble_sort,early-cse,loop-unroll,-0.0074626865671641,-0.023613509003562606,-0.0014619839232884696,-0.005696315830603829,-0.000998146925009471,-0.009813045654802845
mix_04_bubble_sort,gvn,mem2reg,-0.1492537313432836,-0.023613509003562606,-0.16778213788159801,-0.1719651414177925,-0.1646228022029262,-0.16498097484271745
mix_04_bubble_sort,gvn,sroa,-0.1492537313432836,-0.023613509003562606,-0.17212996396855454,-0.17631173597643496,-0.16706440994394867,-0.1593714585290237
mix_04_bubble_sort,gvn,instcombine,0.0671641791044776,-0.023613509003562606,0.10238165547760783,0.09812463713027024,0.07785475952682422,0.08295265740504248
mix_04_bubble_sort,gvn,simplifycfg,-0.0298507462686567,-0.023613509003562606,-0.01900866440654942,-0.02322467972013255,-0.023577675667666005,-0.01243610115171912
mix_04_bubble_sort,gvn,early-cse,-0.1119402985074626,-0.023613509003562606,-0.10119291516493212,-0.10538671218196503,-0.09883082685214342,-0.08635927846439463
mix_04_bubble_sort,gvn,dce,0.0149253731343283,-0.023613509003562606,0.0020460358056265957,-0.002178537368398889,0.0001477906147168347,-0.00669606175926503
mix_04_bubble_sort,gvn,adce,0.0149253731343283,-0.023613509003562606,0.0020460358056265957,-0.0021785373683989306,0.00015599652705118738,-0.006817035896091026
mix_04_bubble_sort,gvn,reassociate,0.0149253731343283,-0.023613509003562606,0.0012358634050182303,-0.002988362081956436,-0.00213820403680045,-0.0069210776832509206
mix_04_bubble_sort,gvn,licm,-0.1492537313432836,-0.023613509003562606,-0.14033514687009987,-0.14451552843151472,-0.16535951561619402,-0.16043547410772033
mix_04_bubble_sort,gvn,loop-rotate,0.0820895522388059,-0.023613509003562606,0.07905634821651604,0.07481165773205116,0.08477326118531943,0.0584009365136236
mix_04_bubble_sort,gvn,loop-unroll,-0.335820895522388,-0.023613509003562606,-0.3916063733587432,-0.39572031461108476,-0.5463444766949462,-0.49289857754968025
mix_04_bubble_sort,dce,mem2reg,0.0,-0.023613509003562606,0.0,-0.0042250420902714,1.7534725339174237e-05,-0.006744472021480723
mix_04_bubble_sort,dce,sroa,0.0,-0.023613509003562606,0.0,-0.004225231338636171,0.0,-0.00693704894426533
mix_04_bubble_sort,dce,instcombine,0.0,-0.023613509003562606,-0.0003988831272437174,-0.004609525926238811,-5.846439493228469e-05,0.0010043034617564792
mix_04_bubble_sort,dce,simplifycfg,0.0,-0.023613509003562606,0.0,-0.004209437874900829,0.0003955105598504081,0.006822405100230083
mix_04_bubble_sort,dce,early-cse,0.0,-0.023613509003562606,-0.0003988831272437174,-0.004612828416487455,-7.394058540847507e-05,0.00043923177338644765
mix_04_bubble_sort,dce,gvn,0.0,-0.023613509003562606,0.0,-0.0042191485454366046,-4.705215419501106e-05,-0.003742767820311472
mix_04_bubble_sort,dce,adce,0.0,-0.023613509003562606,-0.0003988831272437174,-0.004609868289882343,-3.5677879714576946e-05,0.0010043034617564792
mix_04_bubble_sort,dce,reassociate,0.0,-0.023613509003562606,-0.0003988831272437174,-0.004609785349863685,-2.855322557157412e-05,0.0010043034617564792
mix_04_bubble_sort,dce,licm,0.0,-0.023613509003562606,0.0,-0.00421345102520275,0.0011587728659026109,0.0010043034617564792
mix_04_bubble_sort,dce,loop-rotate,0.0,-0.023613509003562606,0.0,-0.004206067494702301,0.0005932222401949398,0.009030649438050592
mix_04_bubble_sort,dce,loop-unroll,0.0,-0.023613509003562606,0.0,-0.0042291207848274,0.0005338369614445146,0.00020540562395536345
mix_04_bubble_sort,adce,mem2reg,0.0,-0.023613509003562606,0.0,-0.004225042090271344,5.30230943703357e-06,-0.006744472021480723
mix_04_bubble_sort,adce,sroa,0.0,-0.023613509003562606,0.0,-0.0042252313386361845,-1.2232415902140666e-05,-0.00693704894426533
mix_04_bubble_sort,adce,instcombine,0.0,-0.023613509003562606,-0.0003988831272437174,-0.0046095259262387694,-7.205596815688545e-05,0.0010043034617564792
mix_04_bubble_sort,adce,simplifycfg,0.0,-0.023613509003562606,0.0,-0.0042094378749007455,0.0003323097443560147,0.006822405100230083
mix_04_bubble_sort,adce,early-cse,0.0,-0.023613509003562606,-0.0003988831272437174,-0.0046128284164873995,-3.095238095238077e-05,0.00043923177338644765
mix_04_bubble_sort,adce,gvn,0.0,-0.023613509003562606,0.0,-0.004219148545436674,-5.928457009715172e-05,-0.003742767820311472
mix_04_bubble_sort,adce,dce,0.0,-0.023613509003562606,-0.0003988831272437174,-0.004609868289882399,-6.902577544779377e-05,0.0010043034617564792
mix_04_bubble_sort,adce,reassociate,0.0,-0.023613509003562606,-0.0003988831272437174,-0.0046097853498636016,-8.665720110674228e-05,0.0010043034617564792
mix_04_bubble_sort,adce,licm,0.0,-0.023613509003562606,0.0,-0.004213451025202694,0.0011357529634848285,0.0010043034617564792
mix_04_bubble_sort,adce,loop-rotate,0.0,-0.023613509003562606,0.0,-0.004206067494702412,0.0006685917610919836,0.009030649438050592
mix_04_bubble_sort,adce,loop-unroll,0.0,-0.023613509003562606,0.0,-0.004229120784827414,0.0005216045455423739,0.00020540562395536345
mix_04_bubble_sort,reassociate,mem2reg,0.0,-0.023613509003562606,0.0,-0.004225059720211352,-3.3221069518848387e-05,-0.006744472021480723
mix_04_bubble_sort,reassociate,sroa,0.0,-0.023613509003562606,0.0,-0.004225248968576248,-5.0755794858022634e-05,-0.00693704894426533
mix_04_bubble_sort,reassociate,instcombine,0.0,-0.023613509003562606,-0.0006975465764454348,-0.0049081094085459825,-0.0021130138109298167,0.0010043034617564792
mix_04_bubble_sort,reassociate,simplifycfg,0.0,-0.023613509003562606,0.0,-0.004209455504840809,0.0003447547649923855,0.006822405100230083
mix_04_bubble_sort,reassociate,early-cse,0.0,-0.023613509003562606,-0.001203107749347361,-0.005416807865105899,-0.003014317280898985,0.00043923177338644765
mix_04_bubble_sort,reassociate,gvn,0.0,-0.023613509003562606,-0.0002927156706969913,-0.004511786192846048,-0.0022793334662366445,-0.003742767820311472
mix_04_bubble_sort,reassociate,dce,0.0,-0.023613509003562606,-0.0003988831272437174,-0.004609885919822518,-0.00012793651424057684,0.0010043034617564792
mix_04_bubble_sort,reassociate,adce,0.0,-0.023613509003562606,-0.0003988831272437174,-0.004609885919822421,-0.00010784040240134574,0.0010043034617564792
mix_04_bubble_sort,reassociate,licm,0.0,-0.023613509003562606,0.0,-0.004213468655142702,0.0010972295845289466,0.0010043034617564792
mix_04_bubble_sort,reassociate,loop-rotate,0.0,-0.023613509003562606,0.0,-0.004206085124642475,0.0006792206187883382,0.009030649438050592
mix_04_bubble_sort,reassociate,loop-unroll,0.0,-0.023613509003562606,0.0,-0.004229138414767561,0.00048308116658649173,0.00020540562395536345
mix_04_bubble_sort,licm,mem2reg,-0.0373134328358208,-0.023613509003562606,-0.037536504529936295,-0.041746894161398276,-0.05343769888833079,-0.04525446096327433
mix_04_bubble_sort,licm,sroa,-0.0373134328358208,-0.023613509003562606,-0.037536504529936295,-0.04174708340976306,-0.054031933147895235,-0.044156931494143445
mix_04_bubble_sort,licm,instcombine,0.1940298507462686,-0.023613509003562606,0.20986341184905716,0.20558644615512506,0.17618730060966029,0.1559070207391443
mix_04_bubble_sort,licm,simplifycfg,-0.0074626865671641,-0.023613509003562606,0.011203476485410827,0.006992763884796541,0.01584132709852219,0.006822405100230083
mix_04_bubble_sort,licm,early-cse,0.0522388059701492,-0.023613509003562606,0.06337039988038635,0.05913800248286509,0.061385581209038295,0.05329207940141785
mix_04_bubble_sort,licm,gvn,0.044776119402985,-0.023613509003562606,0.03868568269088616,0.03445627882187367,0.020379320267370906,0.020851401267039868
mix_04_bubble_sort,licm,dce,0.0,-0.023613509003562606,0.0,-0.004208729178070386,0.0004413929301239008,0.0010043034617564792
mix_04_bubble_sort,licm,adce,0.0,-0.023613509003562606,0.0,-0.0042087291780703445,0.00035984349077629633,0.0010043034617564792
mix_04_bubble_sort,licm,reassociate,0.0,-0.023613509003562606,0.0,-0.004208646238051561,0.0004230333844707771,0.0010043034617564792
mix_04_bubble_sort,licm,loop-rotate,0.0,-0.023613509003562606,0.0014189959165832962,-0.002785148944616761,0.001747903327608759,0.011136548168702968
mix_04_bubble_sort,licm,loop-unroll,0.0074626865671641,-0.023613509003562606,-0.08936807081874222,-0.0935656016962182,-0.12754167187211257,-0.06683822427334903
mix_04_bubble_sort,loop-rotate,mem2reg,0.0149253731343283,-0.023613509003562606,0.009343571601894135,0.005118994532446505,0.02280521898461492,0.0036698471418184758
mix_04_bubble_sort,loop-rotate,sroa,0.0149253731343283,-0.023613509003562606,0.009343571601894135,0.005118805284081776,0.023241550654723563,0.0025262533499039283
mix_04_bubble_sort,loop-rotate,instcombine,0.0597014925373134,-0.023613509003562606,0.057439146729353616,0.05321312199825261,0.06667871996018122,0.05287177881973942
mix_04_bubble_sort,loop-rotate,simplifycfg,0.0671641791044776,-0.023613509003562606,0.05686228270948419,0.052637781755799404,0.06750573506916324,0.046623986597807844
mix_04_bubble_sort,loop-rotate,early-cse,0.0522388059701492,-0.023613509003562606,0.057595566784621376,0.05336618844853945,0.06873976536424409,0.05758131982837859
mix_04_bubble_sort,loop-rotate,gvn,0.0223880597014925,-0.023613509003562606,0.008966875998951252,0.004748315570413761,0.02491524772943924,0.005720534473857779
mix_04_bubble_sort,loop-rotate,dce,0.0,-0.023613509003562606,0.0,-0.0042075972087142754,0.0013008180792797497,0.008547169770867818
mix_04_bubble_sort,loop-rotate,adce,0.0,-0.023613509003562606,0.0,-0.0042075972087142754,0.0016475044050564365,0.008205468639652418
mix_04_bubble_sort,loop-rotate,reassociate,0.0,-0.023613509003562606,0.0,-0.004207514268695575,0.0012337435830343994,0.008487047540493677
mix_04_bubble_sort,loop-rotate,licm,0.0373134328358208,-0.023613509003562606,0.010867419762608925,0.006653935797206453,0.013475436697594144,0.010467605755925726
mix_04_bubble_sort,loop-rotate,loop-unroll,0.0074626865671641,-0.023613509003562606,0.0003988831272437174,-0.0038268497036591936,0.0019376645354890066,0.008768947149432828
mix_04_bubble_sort,loop-unroll,mem2reg,0.0,-0.023613509003562606,0.0,-0.0042258497425057134,0.0004094812839074272,-0.006744472021480723
mix_04_bubble_sort,loop-unroll,sroa,0.0,-0.023613509003562606,0.0,-0.0042260389908705676,0.0003919465585682529,-0.00693704894426533
mix_04_bubble_sort,loop-unroll,instcombine,0.0,-0.023613509003562606,0.0,-0.00421158079771379,0.000354725064466025,0.0010043034617564792
mix_04_bubble_sort,loop-unroll,simplifycfg,0.0074626865671641,-0.023613509003562606,0.0003988831272437174,-0.0038114927463759607,0.0011559586474706484,0.006822405100230083
mix_04_bubble_sort,loop-unroll,early-cse,0.0,-0.023613509003562606,0.0,-0.004214883287962531,0.00031341881719647513,0.00043923177338644765
mix_04_bubble_sort,loop-unroll,gvn,0.0,-0.023613509003562606,0.0,-0.0042199561976711125,0.0003562322728539674,-0.003742767820311472
mix_04_bubble_sort,loop-unroll,dce,0.0,-0.023613509003562606,0.0,-0.0042119231613574615,0.0003657342387779515,0.0010043034617564792
mix_04_bubble_sort,loop-unroll,adce,0.0,-0.023613509003562606,0.0,-0.004211923161357392,0.0003715591987313518,0.0010043034617564792
mix_04_bubble_sort,loop-unroll,reassociate,0.0,-0.023613509003562606,0.0,-0.004211840221338706,0.0003633933329966788,0.0010043034617564792
mix_04_bubble_sort,loop-unroll,licm,0.0074626865671641,-0.023613509003562606,0.0003988831272437174,-0.0038155058966777844,0.001846671759266008,0.0010043034617564792
mix_04_bubble_sort,loop-unroll,loop-rotate,0.0074626865671641,-0.023613509003562606,0.0003988831272437174,-0.0038081223661774605,0.0011876172168079411,0.009030649438050592
mix_05_prime_sieve,mem2reg,sroa,-0.3398058252427184,-0.024160631406055687,-0.42802920813587914,-0.4285977241818585,-0.37492478784683225,-0.3769901708923264
mix_05_prime_sieve,mem2reg,instcombine,-0.0776699029126213,-0.024160631406055687,-0.14775469938156705,-0.14840047698002595,-0.1033343717091105,-0.09416132051856639
mix_05_prime_sieve,mem2reg,simplifycfg,0.029126213592233,-0.024160631406055687,0.02633577497460477,0.02563465915415589,0.04382645582820837,0.03155327907581156
mix_05_prime_sieve,mem2reg,early-cse,-0.0679611650485436,-0.024160631406055687,-0.06606771843044493,-0.06674326926398451,-0.057467227861036745,-0.056427007867207606
mix_05_prime_sieve,mem2reg,gvn,-0.116504854368932,-0.024160631406055687,-0.1631832137313873,-0.16383218540722294,-0.12479753748550136,-0.12044579699784454
mix_05_prime_sieve,mem2reg,dce,0.0,-0.024160631406055687,0.001811594202898548,0.0011168706677257383,-1.3759942981069187e-05,-0.004672692447367094
mix_05_prime_sieve,mem2reg,adce,0.0,-0.024160631406055687,0.001811594202898548,0.00111687066772578,-6.11468304223127e-06,-0.00031658013362181447
mix_05_prime_sieve,mem2reg,reassociate,0.0,-0.024160631406055687,0.0064689308094708605,0.005772768296212243,4.2699928272379576e-05,-0.0028159298351522165
mix_05_prime_sieve,mem2reg,licm,0.0388349514563106,-0.024160631406055687,0.013647957818328895,0.012947105442569998,0.012119032196857185,0.011855595420410238
mix_05_prime_sieve,mem2reg,loop-rotate,0.1262135922330097,-0.024160631406055687,0.08039678907152062,0.07968133876160124,0.13547756449452447,0.13223070894729597
mix_05_prime_sieve,mem2reg,loop-unroll,-0.0776699029126213,-0.024160631406055687,-0.3463917029526947,-0.34699113007062987,-0.5600301888139314,-0.5565583349520928
mix_05_prime_sieve,sroa,mem2reg,-0.3398058252427184,-0.024160631406055687,-0.42802920813587914,-0.428597582237331,-0.37415827245813854,-0.36633655997667497
mix_05_prime_sieve,sroa,instcombine,-0.0776699029126213,-0.024160631406055687,-0.1480652583877782,-0.14871098180602607,-0.10199944138201338,-0.09450236563213296
mix_05_prime_sieve,sroa,simplifycfg,0.029126213592233,-0.024160631406055687,0.02633577497460477,0.025634611850318432,0.04371013171510991,0.03171025065136057
mix_05_prime_sieve,sroa,early-cse,-0.0679611650485436,-0.024160631406055687,-0.06762051346150082,-0.06829560417863549,-0.05743514443292655,-0.0519471889203648
mix_05_prime_sieve,sroa,gvn,-0.116504854368932,-0.024160631406055687,-0.16535712677486555,-0.1660054353661991,-0.1237690749645955,-0.12308540731778661
mix_05_prime_sieve,sroa,dce,0.0,-0.024160631406055687,0.0021221532091097264,0.0014272808860508572,0.00044895080257613515,-0.0043113253216384
mix_05_prime_sieve,sroa,adce,0.0,-0.024160631406055687,0.0021221532091097264,0.001427280886050996,-0.0002261247530638397,-0.0043113253216384
mix_05_prime_sieve,sroa,reassociate,0.0,-0.024160631406055687,0.0074006078281044,0.00670409355886278,0.00018568171264170865,-0.0009146404563350242
mix_05_prime_sieve,sroa,licm,0.0388349514563106,-0.024160631406055687,0.013647957818328895,0.01294705813873243,0.015139785129192718,0.017373874603638345
mix_05_prime_sieve,sroa,loop-rotate,0.1262135922330097,-0.024160631406055687,0.08039678907152062,0.0796812914577639,0.1377399112928849,0.12898690400051963
mix_05_prime_sieve,sroa,loop-unroll,-0.0776699029126213,-0.024160631406055687,-0.3463917029526947,-0.34699117737446705,-0.5314988067438965,-0.5208449165014185
mix_05_prime_sieve,instcombine,mem2reg,-0.0776699029126213,-0.024160631406055687,-0.14985015396246998,-0.15049786463584486,-0.10314311753543892,-0.09596257406892847
mix_05_prime_sieve,instcombine,sroa,-0.0776699029126213,-0.024160631406055687,-0.15388742104321532,-0.15453400167232462,-0.10129547795571983,-0.09796541517197267
mix_05_prime_sieve,instcombine,simplifycfg,0.0,-0.024160631406055687,0.01093070483268583,0.010246142156217834,0.018291672816559218,0.0042394621415573035
mix_05_prime_sieve,instcombine,early-cse,-0.029126213592233,-0.024160631406055687,-0.05105020011711137,-0.051719139258633834,-0.026781597426427203,-0.0247429676233289
mix_05_prime_sieve,instcombine,gvn,-0.0291262135922329,-0.024160631406055687,-0.07247730658611365,-0.07314439991840924,-0.04543073556109226,-0.037337858883193895
mix_05_prime_sieve,instcombine,dce,0.0,-0.024160631406055687,-0.0003988831272437174,-0.0010813652294794814,-6.617700597058373e-05,-0.0005964720895219859
mix_05_prime_sieve,instcombine,adce,0.0,-0.024160631406055687,-0.0003988831272437174,-0.0010813652294794258,-8.26689238386483e-05,-0.0005964720895219859
mix_05_prime_sieve,instcombine,reassociate,0.0,-0.024160631406055687,-0.0022320734306653825,-0.0029138735454551055,-0.00039165241174107373,-0.0005964720895219859
mix_05_prime_sieve,instcombine,licm,0.0,-0.024160631406055687,-0.0014542905195047955,-0.0021386887069788606,-0.0084278717985126,-0.0005964720895219859
mix_05_prime_sieve,instcombine,loop-rotate,0.145631067961165,-0.024160631406055687,0.10263064900738449,0.10191945224320906,0.15279241925551582,0.14001112288929768
mix_05_prime_sieve,instcombine,loop-unroll,0.0,-0.024160631406055687,0.0,-0.0007011014300342851,-2.414111726209475e-05,-0.0013120822793068203
mix_05_prime_sieve,simplifycfg,mem2reg,0.0,-0.024160631406055687,0.002893391042394726,0.0022007265363268545,0.001793752947799229,-0.005702283411672849
mix_05_prime_sieve,simplifycfg,sroa,0.0,-0.024160631406055687,0.002893391042394726,0.0022005372879620837,0.0023376897368407703,-0.00539279835283859
mix_05_prime_sieve,simplifycfg,instcombine,0.0194174757281553,-0.024160631406055687,0.007235373890293756,0.00655542743786874,0.007254941409571446,0.0014932245868080258
mix_05_prime_sieve,simplifycfg,early-cse,0.0,-0.024160631406055687,0.0016641575631243261,0.0009829519903200544,0.001050556972649307,0.00017778347785508088
mix_05_prime_sieve,simplifycfg,gvn,-0.0194174757281553,-0.024160631406055687,-0.02300576011765815,-0.02368406019980986,-0.036865248680845016,-0.022462713105508087
mix_05_prime_sieve,simplifycfg,dce,0.0,-0.024160631406055687,0.0,-0.0006776529540926564,8.384301732925583e-05,0.0009066381630573958
mix_05_prime_sieve,simplifycfg,adce,0.0,-0.024160631406055687,0.0,-0.000677652954092698,5.326197757390417e-05,0.0009066381630573958
mix_05_prime_sieve,simplifycfg,reassociate,0.0,-0.024160631406055687,0.0,-0.0006775700140739839,-8.860093476737959e-06,0.0009066381630573958
mix_05_prime_sieve,simplifycfg,licm,-0.0097087378640776,-0.024160631406055687,0.005861200578678205,0.005179371339627533,0.004329648774476242,0.0009066381630573958
mix_05_prime_sieve,simplifycfg,loop-rotate,-0.0097087378640776,-0.024160631406055687,0.0,-0.000672699766036889,0.0002201288772389689,0.00826000190649508
mix_05_prime_sieve,simplifycfg,loop-unroll,-0.0097087378640776,-0.024160631406055687,0.0007233477605986784,2.6969450596988492e-05,0.0006701089354450968,0.00019102797327256416
mix_05_prime_sieve,early-cse,mem2reg,-0.0679611650485437,-0.024160631406055687,-0.07790862564854972,-0.07858071587218242,-0.06720182210100849,-0.06421599514993394
mix_05_prime_sieve,early-cse,sroa,-0.0679611650485437,-0.024160631406055687,-0.08163533372308387,-0.08230639538649948,-0.06851329530794138,-0.0637724927987524
mix_05_prime_sieve,early-cse,instcombine,-0.029126213592233,-0.024160631406055687,-0.04255410474303588,-0.043223611147915855,-0.0329683188474666,-0.03163084110963676
mix_05_prime_sieve,early-cse,simplifycfg,0.0,-0.024160631406055687,0.003854034259037235,0.003170913491577037,0.0006501839099928815,-0.005683591623735046
mix_05_prime_sieve,early-cse,gvn,-0.087378640776699,-0.024160631406055687,-0.10184004303747245,-0.1024984118505472,-0.09193997894969973,-0.09139185761248461
mix_05_prime_sieve,early-cse,dce,0.0,-0.024160631406055687,0.004503360884617844,0.0038184062380187365,0.00018226763043276695,-0.004469229941450823
mix_05_prime_sieve,early-cse,adce,0.0,-0.024160631406055687,0.004503360884617844,0.0038184062380187504,0.00014005487377046917,-0.005161597263139948
mix_05_prime_sieve,early-cse,reassociate,0.0,-0.024160631406055687,0.002636444716268265,0.00195218307800726,0.00018470963287476932,-0.0065193807101839195
mix_05_prime_sieve,early-cse,licm,-0.0679611650485436,-0.024160631406055687,-0.05061054875123243,-0.05127975431943338,-0.07434166100244902,-0.059999743262698656
mix_05_prime_sieve,early-cse,loop-rotate,-0.0388349514563106,-0.024160631406055687,-0.02430923150441724,-0.024979817623315217,-0.03285561456946708,-0.019762973984885437
mix_05_prime_sieve,early-cse,loop-unroll,0.0,-0.024160631406055687,-0.0017864485566434303,-0.00248783680920572,-0.0006132996536697201,-0.010826640941646128
mix_05_prime_sieve,gvn,mem2reg,-0.116504854368932,-0.024160631406055687,-0.16920600209787418,-0.16985554126654784,-0.13269902407356676,-0.12196365779373937
mix_05_prime_sieve,gvn,sroa,-0.116504854368932,-0.024160631406055687,-0.1735538281848307,-0.17420213582519012,-0.1363667173601051,-0.12571155522663108
mix_05_prime_sieve,gvn,instcombine,0.1359223300970873,-0.024160631406055687,0.09939217065184218,0.09866899625947695,0.1553340769153899,0.1487882521716481
mix_05_prime_sieve,gvn,simplifycfg,-0.0194174757281553,-0.024160631406055687,-0.01946228486483209,-0.0201450693345319,-0.037186051498985295,-0.021223738788628974
mix_05_prime_sieve,gvn,early-cse,-0.087378640776699,-0.024160631406055687,-0.10226081332713922,-0.10292117150727442,-0.10117605500123564,-0.09165254072432756
mix_05_prime_sieve,gvn,dce,0.0,-0.024160631406055687,0.002694965072336522,0.002003318393651251,0.00027116900208437833,-0.005782027197773905
mix_05_prime_sieve,gvn,adce,0.0,-0.024160631406055687,0.002694965072336522,0.002003318393651334,0.0002515103056147823,-0.006302675290664874
mix_05_prime_sieve,gvn,reassociate,0.0,-0.024160631406055687,0.0018847926717281563,0.0011934936800938427,4.68509211313055e-05,-0.006872247649561563
mix_05_prime_sieve,gvn,licm,-0.203883495145631,-0.024160631406055687,-0.13795993974825868,-0.13860788437880311,-0.16164382110272504,-0.1612451186200775
mix_05_prime_sieve,gvn,loop-rotate,0.116504854368932,-0.024160631406055687,0.07756003073259751,0.0768488729379147,0.1280594168622055,0.10995732145951392
mix_05_prime_sieve,gvn,loop-unroll,-0.0776699029126213,-0.024160631406055687,-0.40283032955916787,-0.4034079482164572,-0.6048790370126343,-0.564794787524355
mix_05_prime_sieve,dce,mem2reg,0.0,-0.024160631406055687,0.0,-0.0006917934822277018,0.0,-0.006220569735308488
mix_05_prime_sieve,dce,sroa,0.0,-0.024160631406055687,0.0,-0.0006919827305925837,0.0,-0.006049390935431156
mix_05_prime_sieve,dce,instcombine,0.0,-0.024160631406055687,-0.0003988831272437174,-0.001076409342111024,9.338138925294916e-06,0.0009066381630573958
mix_05_prime_sieve,dce,simplifycfg,0.0,-0.024160631406055687,0.0,-0.0006761057355616391,4.383282364933739e-05,0.005403845756678259
mix_05_prime_sieve,dce,early-cse,0.0,-0.024160631406055687,-0.0003988831272437174,-0.0010794890169633815,-3.116353575069161e-05,0.00017778347785508088
mix_05_prime_sieve,dce,gvn,0.0,-0.024160631406055687,0.0,-0.0006858923476055802,8.482597932139276e-06,-0.0032168067096330043
mix_05_prime_sieve,dce,adce,0.0,-0.024160631406055687,-0.0003988831272437174,-0.001076480209390749,0.0,0.0009066381630573958
mix_05_prime_sieve,dce,reassociate,0.0,-0.024160631406055687,-0.0003988831272437174,-0.0010763972693719655,-6.212207105064211e-05,0.0009066381630573958
mix_05_prime_sieve,dce,licm,0.0,-0.024160631406055687,0.0,-0.0006799883984577489,6.750764525993875e-05,0.0009066381630573958
mix_05_prime_sieve,dce,loop-rotate,0.0,-0.024160631406055687,0.0,-0.0006727742405756333,8.009319935925436e-05,0.00826000190649508
mix_05_prime_sieve,dce,loop-unroll,0.0,-0.024160631406055687,0.0,-0.0006962164099455943,5.288541999482701e-05,0.00019102797327256416
mix_05_prime_sieve,adce,mem2reg,0.0,-0.024160631406055687,0.0,-0.0006917934822277157,0.0,-0.006220569735308488
mix_05_prime_sieve,adce,sroa,0.0,-0.024160631406055687,0.0,-0.0006919827305924171,0.0,-0.006049390935431156
mix_05_prime_sieve,adce,instcombine,0.0,-0.024160631406055687,-0.0003988831272437174,-0.001076409342111024,-5.952380952380917e-06,0.0009066381630573958
mix_05_prime_sieve,adce,simplifycfg,0.0,-0.024160631406055687,0.0,-0.0006761057355616669,5.4943934760448495e-05,0.005403845756678259
mix_05_prime_sieve,adce,early-cse,0.0,-0.024160631406055687,-0.0003988831272437174,-0.0010794890169633815,-1.5873015873015777e-05,0.00017778347785508088
mix_05_prime_sieve,adce,gvn,0.0,-0.024160631406055687,0.0,-0.0006858923476054692,8.482597932139276e-06,-0.0032168067096330043
mix_05_prime_sieve,adce,dce,0.0,-0.024160631406055687,-0.0003988831272437174,-0.0010764802093907629,-7.645259938837916e-06,0.0009066381630573958
mix_05_prime_sieve,adce,reassociate,0.0,-0.024160631406055687,-0.0003988831272437174,-0.0010763972693719655,-6.212207105064211e-05,0.0009066381630573958
mix_05_prime_sieve,adce,licm,0.0,-0.024160631406055687,0.0,-0.0006799883984577766,5.3516819571865425e-05,0.0009066381630573958
mix_05_prime_sieve,adce,loop-rotate,0.0,-0.024160631406055687,0.0,-0.0006727742405754945,8.62094073103247e-05,0.00826000190649508
mix_05_prime_sieve,adce,loop-unroll,0.0,-0.024160631406055687,0.0,-0.0006962164099455943,5.423189861092078e-05,0.00019102797327256416
mix_05_prime_sieve,reassociate,mem2reg,0.0,-0.024160631406055687,0.0,-0.0006918111121677929,-4.119425547996952e-05,-0.006220569735308488
mix_05_prime_sieve,reassociate,sroa,0.0,-0.024160631406055687,0.0,-0.000692000360532536,-4.119425547996952e-05,-0.006049390935431156
mix_05_prime_sieve,reassociate,instcombine,0.0,-0.024160631406055687,-0.0006975465764454348,-0.0013749928244180705,-0.00031104585446534107,0.0009066381630573958
mix_05_prime_sieve,reassociate,simplifycfg,0.0,-0.024160631406055687,0.0,-0.0006761233655016886,1.3749679280478984e-05,0.005403845756678259
mix_05_prime_sieve,reassociate,early-cse,0.0,-0.024160631406055687,-0.001203107749347361,-0.00188346846558193,-0.0003415758664132254,0.00017778347785508088
mix_05_prime_sieve,reassociate,gvn,0.0,-0.024160631406055687,-0.0002927156706969913,-0.0009785299950148714,-0.000447293342935161,-0.0032168067096330043
mix_05_prime_sieve,reassociate,dce,0.0,-0.024160631406055687,-0.0003988831272437174,-0.001076497839330729,-4.883951541880744e-05,0.0009066381630573958
mix_05_prime_sieve,reassociate,adce,0.0,-0.024160631406055687,-0.0003988831272437174,-0.0010764978393307569,-5.138793539842008e-05,0.0009066381630573958
mix_05_prime_sieve,reassociate,licm,0.0,-0.024160631406055687,0.0,-0.0006800060283978816,0.00023464672311330256,0.0009066381630573958
mix_05_prime_sieve,reassociate,loop-rotate,0.0,-0.024160631406055687,0.0,-0.0006727918705156412,0.0007013010961597775,0.00826000190649508
mix_05_prime_sieve,reassociate,loop-unroll,0.0,-0.024160631406055687,0.0,-0.0006962340398855467,2.412897546013099e-05,0.00019102797327256416
mix_05_prime_sieve,licm,mem2reg,-0.0388349514563107,-0.024160631406055687,-0.037470351546436735,-0.03814756090999688,-0.08023418666635793,-0.04928611211365234
mix_05_prime_sieve,licm,sroa,-0.0388349514563107,-0.024160631406055687,-0.037470351546436735,-0.03814775015836165,-0.08045668936872848,-0.05071079420827223
mix_05_prime_sieve,licm,instcombine,0.2718446601941747,-0.024160631406055687,0.2064801592643656,0.2057373690064669,0.2221781920330412,0.23487901316231058
mix_05_prime_sieve,licm,simplifycfg,0.029126213592233,-0.024160631406055687,0.009612654739350083,0.00893574740187537,0.021548989480483366,0.005403845756678259
mix_05_prime_sieve,licm,early-cse,0.0485436893203883,-0.024160631406055687,0.06353105712602813,0.06283189990591476,0.08000378075753126,0.07369904414234156
mix_05_prime_sieve,licm,gvn,0.0485436893203883,-0.024160631406055687,0.03852187530317297,0.03782573443798573,0.06769919751977313,0.05343139113528904
mix_05_prime_sieve,licm,dce,0.0,-0.024160631406055687,0.0,-0.0006753878203387305,-4.413711260212709e-05,0.0009066381630573958
mix_05_prime_sieve,licm,adce,0.0,-0.024160631406055687,0.0,-0.0006753878203386333,-3.649185266328918e-05,0.0009066381630573958
mix_05_prime_sieve,licm,reassociate,0.0,-0.024160631406055687,0.0,-0.0006753048803200025,-9.861392371393129e-05,0.0009066381630573958
mix_05_prime_sieve,licm,loop-rotate,-0.029126213592233,-0.024160631406055687,0.0026853530292890787,0.0020140408810055375,0.01593327870109592,0.015531007495023617
mix_05_prime_sieve,licm,loop-unroll,0.0,-0.024160631406055687,-0.08904360618538727,-0.08970838543885179,-0.14874048437768542,-0.10231162233647832
mix_05_prime_sieve,loop-rotate,mem2reg,0.0291262135922329,-0.024160631406055687,0.008726143755898282,0.008034976339282986,0.023209703338198998,0.002771062885000234
mix_05_prime_sieve,loop-rotate,sroa,0.0291262135922329,-0.024160631406055687,0.008726143755898282,0.008034787090918132,0.022569266461920215,0.002942241684877568
mix_05_prime_sieve,loop-rotate,instcombine,0.087378640776699,-0.024160631406055687,0.05623579245807599,0.05554323682412882,0.07503790660291658,0.06392016549832086
mix_05_prime_sieve,loop-rotate,simplifycfg,0.0776699029126213,-0.024160631406055687,0.05640551210913012,0.055714451840216755,0.07696819009243648,0.06353615714732826
mix_05_prime_sieve,loop-rotate,early-cse,0.0776699029126213,-0.024160631406055687,0.05648986691755738,0.055794148582652414,0.08609338283038943,0.07314898449440842
mix_05_prime_sieve,loop-rotate,gvn,0.029126213592233,-0.024160631406055687,0.008673912786310361,0.00798866357228217,0.022622333225183606,0.005774825910675716
mix_05_prime_sieve,loop-rotate,dce,0.0,-0.024160631406055687,0.0,-0.000674249845663475,0.0005863643197755834,0.007608710767036797
mix_05_prime_sieve,loop-rotate,adce,0.0,-0.024160631406055687,0.0,-0.0006742498456633779,0.00045364942009666815,0.007490421478218872
mix_05_prime_sieve,loop-rotate,reassociate,0.0,-0.024160631406055687,0.0,-0.0006741669056446221,0.000573433798771229,0.007929398695124027
mix_05_prime_sieve,loop-rotate,licm,0.0,-0.024160631406055687,0.012489742929383743,0.011809150732733201,0.015663345564982403,0.009898270783366133
mix_05_prime_sieve,loop-rotate,loop-unroll,0.0,-0.024160631406055687,0.0007233477605986784,3.037255902633637e-05,0.0008768321941730054,0.007825256009086857
mix_05_prime_sieve,loop-unroll,mem2reg,0.0,-0.024160631406055687,0.0,-0.0006926089602133818,1.8166050481537182e-05,-0.006220569735308488
mix_05_prime_sieve,loop-unroll,sroa,0.0,-0.024160631406055687,0.0,-0.0006927982085780972,1.8166050481537182e-05,-0.006049390935431156
mix_05_prime_sieve,loop-unroll,instcombine,0.0,-0.024160631406055687,0.0,-0.0006784720393373696,4.279470928450792e-05,0.0009066381630573958
mix_05_prime_sieve,loop-unroll,simplifycfg,0.0,-0.024160631406055687,0.0007233477605986784,4.619017245661647e-05,0.0007182398405525863,0.005403845756678259
mix_05_prime_sieve,loop-unroll,early-cse,0.0,-0.024160631406055687,0.0,-0.0006815517141897688,1.7583554486197237e-05,0.00017778347785508088
mix_05_prime_sieve,loop-unroll,gvn,0.0,-0.024160631406055687,0.0,-0.0006867078255911908,4.1939168291352296e-05,-0.0031926054132499597
mix_05_prime_sieve,loop-unroll,dce,0.0,-0.024160631406055687,0.0,-0.0006785429066171779,2.5811310420375098e-05,0.0009066381630573958
mix_05_prime_sieve,loop-unroll,adce,0.0,-0.024160631406055687,0.0,-0.0006785429066171085,1.8166050481537182e-05,0.0009066381630573958
mix_05_prime_sieve,loop-unroll,reassociate,0.0,-0.024160631406055687,0.0,-0.000678459966598325,-4.395602056910492e-05,0.0009066381630573958
mix_05_prime_sieve,loop-unroll,licm,0.0,-0.024160631406055687,0.0007233477605986784,4.230750956042348e-05,0.0005673288755001727,0.0009066381630573958
mix_05_prime_sieve,loop-unroll,loop-rotate,0.0,-0.024160631406055687,0.0007233477605986784,4.952166744265005e-05,0.0005941546092169099,0.00826000190649508
